-- MySQL Administrator dump 1.4
--
-- ------------------------------------------------------
-- Server version	5.5.40


/*!40101 SET @OLD_CHARACTER_SET_CLIENT=@@CHARACTER_SET_CLIENT */;
/*!40101 SET @OLD_CHARACTER_SET_RESULTS=@@CHARACTER_SET_RESULTS */;
/*!40101 SET @OLD_COLLATION_CONNECTION=@@COLLATION_CONNECTION */;
/*!40101 SET NAMES utf8 */;

/*!40014 SET @OLD_UNIQUE_CHECKS=@@UNIQUE_CHECKS, UNIQUE_CHECKS=0 */;
/*!40014 SET @OLD_FOREIGN_KEY_CHECKS=@@FOREIGN_KEY_CHECKS, FOREIGN_KEY_CHECKS=0 */;
/*!40101 SET @OLD_SQL_MODE=@@SQL_MODE, SQL_MODE='NO_AUTO_VALUE_ON_ZERO' */;


--
-- Create schema map_db
--

CREATE DATABASE IF NOT EXISTS map_db;
USE map_db;

--
-- Definition of table `completed_task`
--

DROP TABLE IF EXISTS `completed_task`;
CREATE TABLE `completed_task` (
  `trigger_id` int(11) DEFAULT NULL,
  `task_id` int(11) NOT NULL,
  `priority` varchar(10) DEFAULT NULL,
  `release_id` int(11) NOT NULL,
  `app` varchar(144) DEFAULT NULL,
  `template_id` int(11) NOT NULL,
  `deploy` int(11) NOT NULL COMMENT '2-Passed, 3-Failed, 4-Skipped',
  `db_conversion` int(11) DEFAULT NULL COMMENT '2-Passed, 3-Failed, 4-Skipped',
  `test` int(11) NOT NULL COMMENT '2-Passed, 3-Failed, 4-Skipped',
  `status` int(11) NOT NULL COMMENT '0-passed, 1-failed, 2-skipped, 3-cancelled',
  `user_id` int(11) DEFAULT NULL,
  `label` varchar(144) DEFAULT NULL
) ENGINE=InnoDB DEFAULT CHARSET=latin1;

--
-- Dumping data for table `completed_task`
--

/*!40000 ALTER TABLE `completed_task` DISABLE KEYS */;
INSERT INTO `completed_task` (`trigger_id`,`task_id`,`priority`,`release_id`,`app`,`template_id`,`deploy`,`db_conversion`,`test`,`status`,`user_id`,`label`) VALUES 
 (34,1,'NULL',12,NULL,2,1,4,1,0,0,'Auto Trigger Test'),
 (0,2,'NULL',12,NULL,2,4,4,1,0,1,'Auto Trigger Test'),
 (0,1,'NULL',12,NULL,3,4,4,1,0,3,'FTP Test'),
 (0,2,'NULL',12,NULL,3,4,4,1,0,3,'FTP Test'),
 (0,3,'NULL',12,NULL,3,4,4,1,0,3,'FTP Testing'),
 (0,4,'NULL',12,NULL,3,4,4,1,0,3,'FTP - Removed LocalHost Calls'),
 (0,5,'NULL',12,NULL,3,4,4,1,0,3,'FTP - Temp Current Test Dir'),
 (0,6,'NULL',12,NULL,3,4,4,1,0,3,'FTP - Restart Remote'),
 (0,7,'NULL',12,NULL,3,4,4,1,0,3,'Update FTP Connection'),
 (0,9,'NULL',12,NULL,3,4,4,1,0,3,'Fixed FTP Server Name'),
 (0,10,'NULL',12,NULL,4,4,4,1,0,3,'Test Folder Path Test'),
 (0,13,'NULL',12,NULL,4,4,4,1,0,1,'Folder Test'),
 (0,14,'NULL',12,NULL,4,4,4,1,0,1,'Folder Test'),
 (0,15,'NULL',12,NULL,4,4,4,1,0,1,'added exec id and ts'),
 (0,16,'NULL',12,NULL,4,4,4,1,0,1,'Path Results'),
 (0,17,'NULL',12,NULL,4,4,4,1,0,1,'Added Logging'),
 (0,21,'NULL',12,NULL,4,4,4,1,0,1,'Update Path Function'),
 (0,22,'NULL',12,NULL,4,4,4,1,0,1,'Update Function Fix'),
 (0,23,'NULL',12,NULL,4,4,4,1,0,1,'Update Fix'),
 (0,26,'NULL',12,NULL,4,4,4,1,0,1,'update func fix'),
 (0,27,'NULL',12,NULL,4,4,4,1,0,1,'Path test'),
 (0,28,'NULL',12,NULL,4,4,4,1,0,1,'chmod'),
 (0,29,'NULL',12,NULL,4,4,4,1,0,1,'chmod'),
 (34,30,'NULL',0,NULL,2,0,4,0,4,99,'Auto Trigger Test'),
 (34,31,'NULL',0,NULL,2,0,4,0,4,99,'Auto Trigger Test'),
 (0,32,'NULL',0,NULL,2,0,4,0,4,99,'Test Simulator Request'),
 (0,33,'NULL',12,NULL,2,2,4,0,1,99,'Test Simulator Request'),
 (36,40,'NULL',12,NULL,1,4,4,1,0,0,'Auto Trigger Test'),
 (36,42,'NULL',12,NULL,1,4,4,1,0,0,'Auto Trigger Test'),
 (36,43,'NULL',12,NULL,1,4,4,1,0,0,'Auto Trigger Test'),
 (36,44,'NULL',12,NULL,1,4,4,1,0,0,'Auto Trigger Test'),
 (36,45,'NULL',12,NULL,1,4,4,1,0,0,'Auto Trigger Test'),
 (36,46,'NULL',12,NULL,1,4,4,1,0,0,'Auto Trigger Test'),
 (36,47,'NULL',12,NULL,1,4,4,1,0,0,'Auto Trigger Test'),
 (36,48,'NULL',12,NULL,1,4,4,1,0,0,'Auto Trigger Test'),
 (36,49,'NULL',12,NULL,1,4,4,1,0,0,'Auto Trigger Test'),
 (36,50,'NULL',12,NULL,1,4,4,1,0,0,'Auto Trigger Test'),
 (36,51,'NULL',12,NULL,1,4,4,1,0,0,'Auto Trigger Test'),
 (36,52,'NULL',12,NULL,1,4,4,1,0,0,'Auto Trigger Test'),
 (36,53,'NULL',12,NULL,1,4,4,1,0,0,'Auto Trigger Test'),
 (36,54,'NULL',12,NULL,1,4,4,1,0,0,'Auto Trigger Test'),
 (0,55,'NULL',13,NULL,1,4,4,1,0,1,'Testing for presentation'),
 (0,56,'NULL',12,NULL,1,4,4,1,0,1,'Testing'),
 (0,57,'NULL',12,NULL,1,4,4,1,0,1,'Testing'),
 (36,58,'NULL',12,NULL,1,4,4,1,0,0,'Auto Trigger Test'),
 (0,59,'NULL',12,NULL,1,4,4,1,0,1,'Testing'),
 (3,61,'NULL',1,'None',2,0,4,4,4,1,'testing task status'),
 (3,60,'NULL',1,'None',2,0,4,4,4,1,'first test of execute trigger'),
 (34,38,'NULL',12,'None',2,0,4,0,4,0,'Auto Trigger Test'),
 (34,37,'NULL',12,'None',2,0,4,0,4,99,'Test Simulator Request'),
 (0,36,'NULL',12,'None',2,0,4,0,4,99,'Test Simulator Request'),
 (19,62,'NULL',11,'Core',2,0,4,4,4,1,'First Regex'),
 (19,63,'NULL',11,'Core',2,0,4,4,4,1,'First Regex'),
 (19,64,'NULL',11,'Core',2,0,4,4,4,1,'First Regex'),
 (19,65,'NULL',8,'Core',2,0,4,4,4,1,'Test Exec'),
 (19,66,'NULL',8,'Core',2,0,4,4,4,1,'asdfasfasdfasdf'),
 (19,67,'NULL',11,'Core',2,0,4,4,4,1,'asdfasfasdfasdf'),
 (12,73,'NULL',26,'git',2,2,4,4,1,0,'Auto Trigger Test'),
 (12,74,'NULL',27,'git',2,2,4,4,1,0,'Auto Trigger Test'),
 (12,75,'NULL',28,'git',2,2,4,4,1,0,'Auto Trigger Test'),
 (19,76,'NULL',11,NULL,2,0,4,4,4,1,'testing triggers'),
 (33,77,'NULL',11,NULL,4,0,4,4,4,1,'testing modal close'),
 (33,78,'NULL',11,NULL,4,0,4,4,4,1,''),
 (19,79,'NULL',8,NULL,2,0,4,4,4,2,''),
 (36,81,'NULL',12,NULL,1,4,4,1,0,0,'Auto Trigger Test'),
 (37,82,'NULL',12,NULL,3,0,4,0,4,0,'Auto Trigger Test'),
 (37,85,'NULL',12,NULL,3,0,4,0,4,0,'Auto Trigger Test'),
 (35,83,'NULL',12,NULL,4,0,4,0,4,0,'Auto Trigger Test'),
 (35,80,'NULL',12,NULL,4,0,4,0,4,0,'Auto Trigger Test'),
 (36,84,'NULL',12,NULL,1,4,4,1,0,0,'Auto Trigger Test'),
 (2,86,'NULL',3,NULL,2,0,4,4,4,1,'testing python backend change'),
 (42,90,'NULL',12,NULL,2,0,4,0,4,0,'Auto Trigger Test'),
 (35,87,'NULL',12,NULL,4,0,4,0,4,0,'Auto Trigger Test'),
 (37,89,'NULL',12,NULL,3,0,4,0,4,0,'Auto Trigger Test'),
 (36,88,'NULL',12,NULL,1,4,4,0,4,0,'Auto Trigger Test'),
 (42,94,'NULL',12,NULL,2,0,4,0,4,0,'Auto Trigger Test'),
 (42,95,'NULL',12,NULL,2,0,4,0,4,0,'Auto Trigger Test'),
 (35,91,'NULL',12,NULL,4,0,4,0,4,0,'Auto Trigger Test'),
 (37,93,'NULL',12,NULL,3,0,4,0,4,0,'Auto Trigger Test'),
 (36,92,'NULL',12,NULL,1,4,4,0,4,0,'Auto Trigger Test'),
 (35,96,'NULL',12,NULL,4,0,4,0,4,0,'Auto Trigger Test'),
 (42,97,'NULL',12,NULL,2,0,4,0,4,0,'Auto Trigger Test'),
 (42,99,'NULL',12,NULL,2,0,4,0,4,0,'Auto Trigger Test'),
 (35,98,'NULL',12,NULL,4,0,4,0,4,0,'Auto Trigger Test'),
 (42,100,'NULL',1,NULL,2,0,4,0,4,1,'asdf'),
 (42,102,'NULL',12,NULL,2,0,4,0,4,0,'Auto Trigger Test'),
 (42,103,'NULL',2,NULL,2,0,4,0,4,1,'asdf'),
 (35,101,'NULL',12,NULL,4,0,4,0,4,0,'Auto Trigger Test'),
 (35,104,'NULL',12,NULL,4,0,4,0,4,0,'Auto Trigger Test'),
 (42,105,'NULL',12,NULL,2,0,4,0,4,0,'Auto Trigger Test'),
 (42,106,'NULL',12,NULL,2,0,4,0,4,0,'Auto Trigger Test'),
 (0,107,'NULL',12,NULL,4,4,4,1,4,1,'testing'),
 (0,108,'NULL',12,NULL,4,4,4,1,0,1,'asdf'),
 (0,109,'NULL',12,NULL,4,4,4,1,0,1,'testing'),
 (0,110,'NULL',12,NULL,4,4,4,1,0,1,'testing'),
 (0,111,'NULL',28,NULL,4,4,4,1,0,1,'testing'),
 (0,112,'NULL',12,NULL,4,4,4,1,0,1,'testing'),
 (0,113,'NULL',12,NULL,4,4,4,1,0,1,'testing'),
 (0,114,'NULL',12,NULL,4,4,4,1,0,1,'testing'),
 (0,115,'NULL',12,NULL,4,4,4,1,0,1,'testing'),
 (35,116,'NULL',12,NULL,4,4,4,1,0,2,'testing git test'),
 (35,117,'NULL',12,NULL,2,4,4,1,0,2,'testing'),
 (35,118,'NULL',12,NULL,2,4,4,1,0,2,'testing'),
 (0,120,'NULL',12,NULL,4,4,4,0,4,2,'testing git test'),
 (0,121,'NULL',12,NULL,4,4,4,0,4,2,'testing git test'),
 (0,122,'NULL',12,NULL,4,4,4,0,4,2,'testing git test'),
 (0,123,'NULL',12,NULL,4,4,4,0,4,2,'testing git test'),
 (0,124,'NULL',12,NULL,4,4,4,0,4,2,'testing git test'),
 (0,119,'NULL',12,NULL,4,4,4,1,0,2,'testing git test'),
 (0,125,'NULL',12,NULL,4,4,4,1,0,2,'testing git test'),
 (0,126,'NULL',12,NULL,4,4,4,1,0,2,'testing git test'),
 (0,127,'NULL',12,NULL,4,4,4,1,0,2,'testing git test'),
 (0,128,'NULL',12,NULL,4,4,4,1,0,2,'testing git test'),
 (0,129,'NULL',12,NULL,4,4,4,1,0,2,'testing git test'),
 (0,130,'NULL',12,NULL,4,4,4,1,0,2,'testing git test'),
 (0,131,'NULL',12,NULL,4,4,4,1,0,2,'testing git test'),
 (0,132,'NULL',12,NULL,4,4,4,1,0,2,'testing git test'),
 (0,133,'NULL',12,NULL,4,4,4,1,0,2,'testing git test'),
 (0,134,'NULL',12,NULL,4,4,4,1,0,2,'testing git test'),
 (0,135,'NULL',12,NULL,1,4,4,1,0,1,'testing auto results link'),
 (0,136,'NULL',12,NULL,1,4,4,1,0,1,'testing auto results link'),
 (0,137,'NULL',12,NULL,1,4,4,1,0,1,'testing auto results link'),
 (0,138,'NULL',12,NULL,1,4,4,1,4,1,'testing auto results link'),
 (0,139,'NULL',12,NULL,1,4,4,1,0,1,'testing auto results link'),
 (0,140,'NULL',12,NULL,1,4,4,1,0,1,'testing auto results link'),
 (0,141,'NULL',12,NULL,1,4,4,1,0,1,'testing auto results link'),
 (0,142,'NULL',12,NULL,1,4,4,1,0,1,'testing auto results link'),
 (42,143,'NULL',1,NULL,2,0,4,0,4,1,'testing adhoc trigger event'),
 (35,144,'NULL',12,NULL,2,0,4,0,4,1,'testing adhoc trigger event'),
 (35,145,'NULL',12,NULL,2,0,4,0,4,0,'Auto Trigger Test'),
 (42,147,'NULL',12,NULL,2,0,4,0,4,0,'Auto Trigger Test'),
 (36,146,'NULL',12,NULL,1,4,4,1,4,0,'Auto Trigger Test'),
 (12,152,'NULL',31,'git',2,0,4,0,4,0,'Auto Trigger Test'),
 (47,153,'NULL',29,'git',2,2,4,4,1,1,'Test Branch'),
 (47,155,'NULL',29,'git',2,2,4,4,1,1,'Branch Test'),
 (47,157,'NULL',29,'git',2,1,4,4,0,1,'trigger branch'),
 (12,158,'NULL',32,'git',2,1,4,1,0,0,'Auto Trigger Test'),
 (47,159,'NULL',33,'git',2,1,4,4,0,0,'Auto Trigger Test'),
 (12,160,'NULL',34,'git',2,1,4,4,0,0,'Auto Trigger Test'),
 (12,161,'NULL',34,'NULL',2,2,4,4,1,1,'test'),
 (47,162,'NULL',33,'NULL',2,2,4,4,1,1,'test'),
 (47,163,'NULL',33,'NULL',2,0,4,4,4,1,'test'),
 (47,164,'NULL',33,'git',2,1,4,4,0,1,'test'),
 (12,165,'NULL',34,'git',2,1,4,4,0,1,'test'),
 (12,166,'NULL',35,'git',2,1,4,4,0,0,'Auto Trigger Test'),
 (0,167,'NULL',12,'NULL',3,4,4,1,0,1,'FTP Test'),
 (0,168,'NULL',35,'NULL',3,4,4,1,0,1,'FTP Upload'),
 (0,169,'NULL',35,'NULL',3,4,4,1,0,1,'FTP Upload'),
 (0,170,'NULL',35,'NULL',3,4,4,1,0,1,'FTP Upload'),
 (0,171,'NULL',12,'NULL',3,4,4,1,0,1,'ftp upload'),
 (0,172,'NULL',12,'NULL',3,4,4,1,0,1,'FTP Upload'),
 (0,173,'NULL',12,'NULL',3,4,4,1,0,1,'ftp upload'),
 (49,174,'NULL',8,'Core',2,2,2,4,1,1,'testing downgrade'),
 (42,175,'NULL',37,'Core',2,1,2,0,4,0,'Auto Trigger Test'),
 (49,176,'NULL',37,'Core',2,0,4,4,4,0,'Auto Trigger Test'),
 (58,177,'NULL',12,'Core',2,0,4,4,4,1,'Upgrade via threads'),
 (58,185,'NULL',12,'Core',2,1,4,4,0,1,'T'),
 (33,186,'NULL',12,'Core',4,1,4,1,0,1,'Parallel Deploy'),
 (59,190,'NULL',11,'Core',2,1,2,4,0,1,'parallel downgrade'),
 (60,189,'NULL',11,'Core',4,1,2,1,0,1,'parallel downgrade'),
 (58,194,'NULL',12,'Core',2,1,4,1,0,0,'Auto Trigger Test'),
 (33,193,'NULL',12,'Core',4,1,4,1,0,0,'Auto Trigger Test'),
 (0,197,'NULL',12,'NULL',4,4,4,1,0,1,'testing'),
 (0,198,'NULL',12,'NULL',3,4,4,1,0,3,'Baseline Test'),
 (0,199,'NULL',12,'NULL',3,4,4,1,0,3,'Baseline Test'),
 (0,200,'NULL',12,'NULL',3,4,4,1,0,3,'Baseline Test'),
 (0,201,'NULL',12,'NULL',3,4,4,1,0,3,'Testing Prep'),
 (0,202,'NULL',12,'NULL',3,4,4,1,0,3,'Baseline Re-run (after TC-PAT214 restart)'),
 (0,204,'NULL',12,'NULL',3,4,4,0,4,3,'Onload Config aligned with Rappidd'),
 (0,205,'NULL',12,'NULL',3,4,4,0,4,3,'Verifying Solarflare on TC-PAT214'),
 (0,203,'NULL',12,'NULL',3,4,4,1,0,3,'GW Lat Test - Only Gateway 3, stop Gateway 4'),
 (58,207,'NULL',37,'Core',2,2,4,0,1,2,'No yaml expecting failure'),
 (0,206,'NULL',12,'NULL',3,4,4,1,0,8,'New baseline '),
 (0,209,'NULL',12,'NULL',4,4,4,1,0,2,'Testing'),
 (0,208,'NULL',12,'NULL',3,4,4,1,0,8,'Baseline'),
 (58,211,'NULL',37,'Core',2,1,4,1,0,2,'10.1.40 yaml was created'),
 (0,210,'NULL',12,'NULL',3,4,4,1,0,8,'Regular baseline'),
 (61,212,'NULL',37,'Core',4,1,4,1,0,2,'Deploying 10.1.40 into OAT'),
 (36,195,'NULL',37,'Core',1,4,4,1,4,0,'Auto Trigger Test'),
 (63,216,'NULL',12,'Core',1,4,4,1,0,0,'Auto Trigger Test'),
 (65,217,'NULL',37,'Core',7,1,4,1,0,6,'upgrade to 10.001.040'),
 (0,218,'NULL',37,'NULL',7,4,4,1,0,6,'Using MOPS_MM_U1, nomatter'),
 (0,219,'NULL',37,'NULL',7,4,4,1,0,6,'Using MOPS_MM_U1,nomatter'),
 (0,220,'NULL',37,'NULL',7,4,4,1,0,6,'script,script'),
 (0,221,'NULL',37,'NULL',7,4,4,1,0,6,'MOPS_BUSINESSUNIT-MOPS_MM_U1,script'),
 (66,224,'NULL',12,'Core',7,1,4,4,0,6,'downgrade'),
 (65,226,'NULL',37,'Core',7,1,2,1,0,0,'Auto Trigger Test'),
 (61,225,'NULL',37,'Core',4,1,2,1,0,0,'Auto Trigger Test'),
 (66,227,'NULL',12,'Core',7,1,4,4,0,1,'downgrade'),
 (67,228,'NULL',12,'Core',4,1,4,4,0,1,'downgrade'),
 (0,229,'NULL',12,'NULL',3,4,4,1,0,8,'Mixed 15k Standard Baseline'),
 (36,230,'NULL',37,'Core',1,4,4,1,0,0,'Auto Trigger Test'),
 (61,231,'NULL',37,'Core',4,1,2,1,0,0,'Auto Trigger Test'),
 (68,232,'NULL',37,'Core',7,1,2,1,0,0,'Auto Trigger Test'),
 (0,233,'NULL',37,'NULL',3,4,4,1,0,1,'Config Change'),
 (69,234,'NULL',37,'Core',6,2,4,4,1,6,'10.1.40 upgrade'),
 (0,235,'NULL',37,'NULL',4,4,4,1,0,1,'OAT Rotation'),
 (0,237,'NULL',12,'NULL',3,4,4,1,0,8,'Baseline GW3 Mixed 15k'),
 (0,239,'NULL',37,'NULL',3,4,4,1,0,1,'Suspension Testing'),
 (70,240,'NULL',37,'Core',3,1,4,1,0,8,'Regression upgrade'),
 (0,236,'NULL',37,'NULL',4,4,4,1,0,1,'Morning Rotation'),
 (69,238,'NULL',37,'Core',6,1,4,4,0,1,'Deploying 10.1.40 into BAT2'),
 (0,241,'NULL',37,'NULL',4,4,4,1,0,2,'testing'),
 (0,242,'NULL',37,'NULL',4,4,4,1,0,2,'testing'),
 (0,243,'NULL',37,'NULL',4,4,4,1,0,2,'testing'),
 (0,245,'NULL',37,'NULL',3,4,4,1,0,8,'GW3 Only New Baseline 15k Steady'),
 (0,244,'NULL',37,'NULL',4,4,4,1,0,2,'Morning Rotation'),
 (0,246,'NULL',37,'NULL',3,4,4,1,0,8,'GW3 ONLY NEW BASELINE PT105 w. BAITS'),
 (0,247,'NULL',37,'NULL',3,4,4,1,0,8,'PT105 with BAITS baseline'),
 (0,249,'NULL',37,'NULL',3,4,4,1,0,8,'GW Threads 10'),
 (0,248,'NULL',37,'NULL',4,4,4,1,0,2,'OAT R10.1.40 Regression'),
 (0,252,'NULL',37,'NULL',3,4,4,1,0,8,'Expanded GW logging'),
 (0,250,'NULL',37,'NULL',4,4,4,1,0,2,'Morning Rotation'),
 (0,251,'NULL',37,'NULL',4,4,4,1,0,2,'Morning Rotation'),
 (0,253,'NULL',37,'NULL',4,4,4,1,0,2,'Core Health Check'),
 (0,254,'NULL',37,'NULL',4,4,4,1,0,2,'Core Health Check'),
 (0,255,'NULL',37,'NULL',3,4,4,1,0,8,'Puppet locked and HE on 202'),
 (0,256,'NULL',37,'NULL',3,4,4,1,0,8,'Puppet locked and HE on 202'),
 (0,257,'NULL',37,'NULL',3,4,4,1,0,8,'G8v2 GW RR=1 10WT'),
 (0,258,'NULL',37,'NULL',3,4,4,1,0,8,'G8v2 GW RR=1 10WT GW3 Only'),
 (0,261,'NULL',37,'NULL',3,4,4,1,0,8,'GW 20 WT no RR'),
 (0,259,'NULL',37,'NULL',4,4,4,1,0,2,'Morning Rotation'),
 (0,260,'NULL',37,'NULL',4,4,4,1,0,2,'Morning Rotation'),
 (0,262,'NULL',37,'NULL',3,4,4,1,0,8,'15 WT no affinity no rr '),
 (0,263,'NULL',37,'NULL',4,4,4,1,0,2,'Core Health Check'),
 (0,264,'NULL',37,'NULL',3,4,4,1,0,8,'Baseline 15wt'),
 (0,265,'NULL',37,'NULL',4,4,4,1,0,3,'Test IORS Feeding'),
 (0,266,'NULL',37,'NULL',4,4,4,1,0,3,'Test feeding iors gtc'),
 (0,267,'NULL',37,'NULL',4,4,4,1,0,3,'Test feeding iors gtc'),
 (0,268,'NULL',37,'NULL',4,4,4,1,0,3,'Test feeding iors gtc'),
 (0,269,'NULL',37,'NULL',4,4,4,1,0,3,'Test feeding iors gtc'),
 (0,270,'NULL',37,'NULL',4,4,4,1,0,3,'Test feeding iors gtc'),
 (0,271,'NULL',37,'NULL',4,4,4,1,0,3,'Test feeding iors gtc'),
 (0,272,'NULL',37,'NULL',4,4,4,1,0,3,'Test feeding iors gtc'),
 (0,275,'NULL',37,'NULL',4,4,4,0,4,2,'Morning Rotation'),
 (0,273,'NULL',37,'NULL',4,4,4,1,0,2,'Morning Rotation'),
 (0,274,'NULL',37,'NULL',4,4,4,1,0,2,'Morning Rotation'),
 (0,276,'NULL',37,'NULL',4,4,4,1,0,3,'Test feeding iors gtc'),
 (0,277,'NULL',37,'NULL',4,4,4,1,0,2,'OAT R010.001.040 Regression'),
 (0,278,'NULL',37,'NULL',4,4,4,1,0,2,'OAT R010.001.040 Regression'),
 (0,279,'NULL',37,'NULL',4,4,4,1,0,2,'OAT R010.001.040 Regression'),
 (0,280,'NULL',37,'NULL',4,4,4,1,0,2,'OAT R010.001.040 Regression'),
 (0,281,'NULL',37,'NULL',4,4,4,1,0,2,'OAT R010.001.040 Regression'),
 (0,282,'NULL',37,'NULL',4,4,4,1,0,2,'OAT R010.001.040 Regression'),
 (0,283,'NULL',37,'NULL',4,4,4,1,0,2,'OAT R010.001.040 Regression'),
 (0,284,'NULL',37,'NULL',4,4,4,1,0,2,'OAT R010.001.040 Regression'),
 (0,285,'NULL',37,'NULL',4,4,4,1,0,2,'OAT R010.001.040 Regression'),
 (0,286,'NULL',37,'NULL',4,4,4,1,0,2,'OAT R010.001.040 Regression'),
 (0,287,'NULL',37,'NULL',4,4,4,1,0,2,'OAT R010.001.040 Regression'),
 (0,288,'NULL',37,'NULL',4,4,4,1,0,2,'OAT R010.001.040 Regression'),
 (0,289,'NULL',37,'NULL',4,4,4,1,0,2,'OAT R010.001.040 Regression'),
 (0,290,'NULL',37,'NULL',4,4,4,1,0,2,'OAT R010.001.040 Regression'),
 (0,291,'NULL',37,'NULL',4,4,4,1,0,2,'OAT R010.001.040 Regression'),
 (0,292,'NULL',37,'NULL',4,4,4,1,0,2,'OAT R010.001.040 Regression'),
 (0,293,'NULL',37,'NULL',4,4,4,1,0,2,'OAT R010.001.040 Regression'),
 (0,294,'NULL',37,'NULL',4,4,4,1,0,2,'OAT R010.001.040 Regression'),
 (0,295,'NULL',37,'NULL',4,4,4,1,0,2,'OAT R010.001.040 Regression'),
 (0,296,'NULL',37,'NULL',4,4,4,1,0,2,'OAT R010.001.040 Regression'),
 (0,297,'NULL',37,'NULL',4,4,4,1,0,2,'OAT R010.001.040 Regression'),
 (0,298,'NULL',37,'NULL',4,4,4,1,0,2,'OAT R010.001.040 Regression'),
 (0,299,'NULL',37,'NULL',4,4,4,1,0,2,'OAT R010.001.040 Regression'),
 (0,300,'NULL',37,'NULL',4,4,4,1,0,2,'OAT R010.001.040 Regression'),
 (0,301,'NULL',37,'NULL',4,4,4,1,0,2,'OAT R010.001.040 Regression'),
 (0,302,'NULL',37,'NULL',4,4,4,1,0,2,'OAT R010.001.040 Regression'),
 (0,303,'NULL',37,'NULL',4,4,4,1,0,2,'OAT R010.001.040 Regression'),
 (0,304,'NULL',37,'NULL',4,4,4,1,0,2,'OAT R010.001.040 Regression'),
 (0,305,'NULL',37,'NULL',4,4,4,1,0,2,'OAT R010.001.040 Regression'),
 (0,306,'NULL',37,'NULL',4,4,4,1,0,2,'OAT R010.001.040 Regression'),
 (0,307,'NULL',37,'NULL',4,4,4,1,0,2,'OAT R010.001.040 Regression'),
 (0,308,'NULL',37,'NULL',4,4,4,1,0,2,'OAT R010.001.040 Regression'),
 (0,309,'NULL',37,'NULL',4,4,4,1,0,2,'OAT R010.001.040 Regression'),
 (0,310,'NULL',37,'NULL',4,4,4,1,0,2,'OAT R010.001.040 Regression'),
 (0,311,'NULL',37,'NULL',4,4,4,1,0,2,'OAT R010.001.040 Regression'),
 (0,312,'NULL',37,'NULL',4,4,4,1,0,2,'OAT R010.001.040 Regression'),
 (0,313,'NULL',37,'NULL',4,4,4,1,0,2,'OAT R010.001.040 Regression'),
 (0,314,'NULL',37,'NULL',4,4,4,1,0,2,'OAT R010.001.040 Regression'),
 (0,315,'NULL',37,'NULL',4,4,4,1,0,2,'OAT R010.001.040 Regression'),
 (0,316,'NULL',37,'NULL',4,4,4,1,0,2,'OAT R010.001.040 Regression'),
 (0,317,'NULL',37,'NULL',4,4,4,1,0,2,'OAT R010.001.040 Regression'),
 (0,318,'NULL',37,'NULL',4,4,4,1,0,2,'OAT R010.001.040 Regression'),
 (0,319,'NULL',37,'NULL',4,4,4,1,0,2,'OAT R010.001.040 Regression'),
 (0,320,'NULL',37,'NULL',4,4,4,1,0,2,'OAT R010.001.040 Regression'),
 (0,321,'NULL',37,'NULL',4,4,4,1,0,2,'OAT R010.001.040 Regression'),
 (0,322,'NULL',37,'NULL',4,4,4,1,0,2,'OAT R010.001.040 Regression'),
 (0,323,'NULL',37,'NULL',4,4,4,1,0,2,'OAT R010.001.040 Regression'),
 (0,324,'NULL',37,'NULL',4,4,4,1,0,2,'OAT R010.001.040 Regression'),
 (0,325,'NULL',37,'NULL',4,4,4,1,0,2,'OAT R010.001.040 Regression'),
 (0,327,'NULL',37,'NULL',4,4,4,0,4,2,'Morning Rotation'),
 (0,326,'NULL',37,'NULL',4,4,4,1,0,2,'Morning Rotation'),
 (0,328,'NULL',37,'NULL',4,4,4,1,0,2,'Morning Rotation'),
 (0,329,'NULL',37,'NULL',4,4,4,1,0,2,'Morning Rotation'),
 (0,330,'NULL',37,'NULL',4,4,4,1,0,2,'Morning Rotation'),
 (0,331,'NULL',37,'NULL',4,4,4,1,0,2,'Morning Rotation'),
 (0,332,'NULL',37,'NULL',3,4,4,1,0,1,'Test'),
 (0,333,'NULL',37,'NULL',3,4,4,1,0,1,'Upload test'),
 (0,334,'NULL',37,'NULL',3,4,4,1,0,1,'Upload test'),
 (0,335,'NULL',37,'NULL',3,4,4,1,0,1,'Upload test'),
 (0,336,'NULL',37,'NULL',3,4,4,1,0,1,'Upload Test'),
 (0,337,'NULL',37,'NULL',4,4,4,1,0,2,'Morning Rotation'),
 (0,338,'NULL',37,'NULL',4,4,4,1,0,2,'Morning Rotation'),
 (0,339,'NULL',37,'NULL',4,4,4,1,0,2,'Morning Rotation'),
 (0,340,'NULL',37,'NULL',4,4,4,1,0,2,'Morning Rotation'),
 (0,341,'NULL',37,'NULL',4,4,4,1,4,2,'testing'),
 (0,342,'NULL',37,'NULL',4,4,4,1,0,2,'testing'),
 (0,343,'NULL',37,'NULL',4,4,4,1,0,2,'testing'),
 (0,344,'NULL',37,'NULL',4,4,4,1,0,2,'testing'),
 (0,345,'NULL',37,'NULL',4,4,4,1,4,2,'testing'),
 (0,346,'NULL',37,'NULL',4,4,4,1,0,2,'testing'),
 (0,347,'NULL',37,'NULL',4,4,4,1,0,2,'testing'),
 (0,348,'NULL',37,'NULL',3,4,4,1,0,1,'Testing New Emails'),
 (0,349,'NULL',37,'NULL',4,4,4,1,0,2,'testing'),
 (0,350,'NULL',37,'NULL',4,4,4,1,0,2,'OAT R010.001.040 Regression'),
 (0,351,'NULL',37,'NULL',4,4,4,1,0,2,'OAT R010.001.040 Regression'),
 (0,352,'NULL',37,'NULL',4,4,4,1,0,2,'OAT R010.001.040 Regression'),
 (0,353,'NULL',37,'NULL',4,4,4,1,0,2,'OAT R010.001.040 Regression'),
 (0,354,'NULL',37,'NULL',4,4,4,1,0,2,'OAT R010.001.040 Regression'),
 (0,355,'NULL',37,'NULL',4,4,4,1,0,2,'OAT R010.001.040 Regression'),
 (0,356,'NULL',37,'NULL',4,4,4,1,0,2,'OAT R010.001.040 Regression'),
 (0,357,'NULL',37,'NULL',4,4,4,1,0,2,'OAT R010.001.040 Regression'),
 (0,358,'NULL',37,'NULL',4,4,4,1,0,2,'OAT R010.001.040 Regression'),
 (0,359,'NULL',37,'NULL',4,4,4,1,0,2,'OAT R010.001.040 Regression'),
 (0,360,'NULL',37,'NULL',4,4,4,1,0,2,'OAT R010.001.040 Regression'),
 (0,361,'NULL',37,'NULL',4,4,4,1,0,2,'OAT R010.001.040 Regression'),
 (0,362,'NULL',37,'NULL',4,4,4,1,0,2,'OAT R010.001.040 Regression'),
 (0,363,'NULL',37,'NULL',4,4,4,1,0,2,'OAT R010.001.040 Regression'),
 (0,364,'NULL',37,'NULL',4,4,4,1,0,2,'OAT R010.001.040 Regression'),
 (0,365,'NULL',37,'NULL',4,4,4,1,0,2,'OAT R010.001.040 Regression'),
 (0,366,'NULL',37,'NULL',4,4,4,1,0,2,'OAT R010.001.040 Regression'),
 (0,367,'NULL',37,'NULL',4,4,4,1,0,2,'OAT R010.001.040 Regression'),
 (0,368,'NULL',37,'NULL',4,4,4,1,0,2,'OAT R010.001.040 Regression'),
 (0,369,'NULL',37,'NULL',4,4,4,1,0,2,'OAT R010.001.040 Regression'),
 (0,370,'NULL',37,'NULL',4,4,4,1,0,2,'OAT R010.001.040 Regression'),
 (0,371,'NULL',37,'NULL',4,4,4,1,0,2,'OAT R010.001.040 Regression'),
 (0,372,'NULL',37,'NULL',4,4,4,1,0,2,'OAT R010.001.040 Regression'),
 (0,373,'NULL',37,'NULL',4,4,4,1,0,2,'OAT R010.001.040 Regression'),
 (0,374,'NULL',37,'NULL',4,4,4,1,0,2,'OAT R010.001.040 Regression'),
 (0,375,'NULL',37,'NULL',4,4,4,1,0,2,'OAT R010.001.040 Regression'),
 (0,376,'NULL',37,'NULL',4,4,4,1,0,2,'OAT R010.001.040 Regression'),
 (0,377,'NULL',37,'NULL',4,4,4,1,0,2,'OAT R010.001.040 Regression'),
 (0,378,'NULL',37,'NULL',4,4,4,1,0,2,'OAT R010.001.040 Regression'),
 (0,379,'NULL',37,'NULL',4,4,4,1,0,2,'OAT R010.001.040 Regression'),
 (0,380,'NULL',37,'NULL',4,4,4,1,0,2,'OAT R010.001.040 Regression'),
 (0,381,'NULL',37,'NULL',4,4,4,1,0,2,'OAT R010.001.040 Regression'),
 (0,382,'NULL',37,'NULL',4,4,4,1,0,2,'OAT R010.001.040 Regression'),
 (0,383,'NULL',37,'NULL',4,4,4,1,0,2,'OAT R010.001.040 Regression'),
 (0,384,'NULL',37,'NULL',4,4,4,1,0,2,'OAT R010.001.040 Regression'),
 (0,385,'NULL',37,'NULL',4,4,4,1,0,2,'OAT R010.001.040 Regression'),
 (0,386,'NULL',37,'NULL',4,4,4,1,0,2,'OAT R010.001.040 Regression'),
 (0,387,'NULL',37,'NULL',4,4,4,1,0,2,'OAT R010.001.040 Regression'),
 (0,388,'NULL',37,'NULL',4,4,4,1,0,2,'OAT R010.001.040 Regression'),
 (0,389,'NULL',37,'NULL',4,4,4,1,0,2,'OAT R010.001.040 Regression'),
 (0,390,'NULL',37,'NULL',4,4,4,1,0,2,'OAT R010.001.040 Regression'),
 (0,391,'NULL',37,'NULL',4,4,4,1,0,2,'OAT R010.001.040 Regression'),
 (0,392,'NULL',37,'NULL',4,4,4,1,0,2,'OAT R010.001.040 Regression'),
 (0,393,'NULL',37,'NULL',4,4,4,1,0,2,'OAT R010.001.040 Regression'),
 (0,395,'NULL',37,'NULL',4,4,4,0,4,2,'Morning Rotation'),
 (0,394,'NULL',37,'NULL',4,4,4,1,0,2,'OAT R010.001.040 Regression'),
 (0,396,'NULL',37,'NULL',4,4,4,1,0,2,'Morning Rotation'),
 (0,397,'NULL',37,'NULL',4,4,4,1,0,2,'Morning Rotation'),
 (0,398,'NULL',37,'NULL',4,4,4,1,0,2,'OAT Rotation'),
 (0,399,'NULL',37,'NULL',4,4,4,1,0,2,'Morning Rotation'),
 (0,400,'NULL',37,'NULL',4,4,4,1,0,2,'Morning Rotation'),
 (0,401,'NULL',37,'NULL',4,4,4,1,0,2,'OAT R010.001.040 Regression'),
 (0,402,'NULL',37,'NULL',4,4,4,1,0,2,'OAT R010.001.040 Regression'),
 (0,403,'NULL',37,'NULL',4,4,4,1,0,2,'OAT R010.001.040 Regression'),
 (0,404,'NULL',37,'NULL',4,4,4,1,0,2,'OAT R010.001.040 Regression'),
 (0,405,'NULL',37,'NULL',4,4,4,1,0,2,'Morning Rotation'),
 (0,406,'NULL',37,'NULL',4,4,4,1,0,2,'Morning Rotation'),
 (0,407,'NULL',37,'NULL',4,4,4,1,0,2,'Morning Rotation'),
 (0,408,'NULL',37,'NULL',4,4,4,1,0,2,'Morning Rotation'),
 (0,409,'NULL',37,'NULL',4,4,4,1,0,2,'Morning Rotation'),
 (0,410,'NULL',37,'NULL',4,4,4,1,0,2,'Morning Rotation'),
 (0,411,'NULL',37,'NULL',4,4,4,1,0,2,'Morning Rotation'),
 (0,412,'NULL',37,'NULL',4,4,4,1,0,2,'Morning Rotation'),
 (0,413,'NULL',37,'NULL',4,4,4,1,0,2,'Morning Rotation'),
 (0,414,'NULL',37,'NULL',4,4,4,1,0,2,'OAT R010.001.040 Regression'),
 (0,415,'NULL',37,'NULL',4,4,4,1,0,2,'OAT R010.001.040 Regression'),
 (74,419,'NULL',58,'Core',3,2,4,0,1,0,'Auto Trigger Test'),
 (44,416,'NULL',58,'Core',2,2,4,4,1,0,'Auto Trigger Test'),
 (72,417,'NULL',58,'Core',4,2,4,0,1,0,'Auto Trigger Test'),
 (44,420,'NULL',58,'Core',2,1,4,4,0,2,'Deployment'),
 (74,422,'NULL',58,'Core',3,1,4,1,0,1,'PAT R010.001.050 Deployment'),
 (75,423,'NULL',58,'Core',6,2,4,4,1,6,'10.1.50 release in BAT2'),
 (75,424,'NULL',58,'Core',6,1,4,4,0,1,'10.1.50 release in BAT2'),
 (72,421,'NULL',58,'Core',4,1,4,1,0,2,'OAT R010.001.050 Deployment'),
 (0,425,'NULL',58,'NULL',3,4,4,1,0,8,'IRQ Balance on, 15 WT'),
 (0,426,'NULL',58,'NULL',3,4,4,1,0,8,'EF_DONT_ACCELERATE=1 , IRQ Balance ON'),
 (0,427,'NULL',58,'NULL',3,4,4,1,0,8,'EF_DONT_ACCELERATE=1 , IRQ Balance ON'),
 (0,428,'NULL',58,'NULL',3,4,4,1,0,8,'EF_DONT_ACCELERATE=1 , IRQ Balance ON, RR=1'),
 (0,429,'NULL',58,'NULL',3,4,4,1,0,8,'EF_DONT_ACCELERATE=1 , IRQ Balance ON, RR=1,LLM Thread Prio 1'),
 (0,430,'NULL',58,'NULL',3,4,4,1,0,8,'EF_DONT_ACCELERATE=1 , IRQ Balance ON ,LLM Thread Prio 1'),
 (0,431,'NULL',58,'NULL',3,4,4,1,0,8,'EF_DONT_ACCELERATE=1 , IRQ Balance OFF ,LLM Thread Prio 1'),
 (0,432,'NULL',58,'NULL',3,4,4,1,0,8,'EF_DONT_ACCELERATE=1 , IRQ Balance ON ,LLM Thread Prio 1'),
 (73,418,'NULL',58,'Core',1,4,4,1,0,0,'Auto Trigger Test'),
 (0,433,'NULL',58,'NULL',4,4,4,1,0,2,'Morning Rotation'),
 (0,434,'NULL',58,'NULL',4,4,4,1,0,2,'OAT R010.001.050 Deployment'),
 (0,435,'NULL',58,'NULL',4,4,4,1,0,2,'OAT R010.001.050 Deployment'),
 (0,436,'NULL',58,'NULL',4,4,4,1,0,2,'OAT R010.001.050 Deployment'),
 (0,437,'NULL',58,'NULL',4,4,4,1,0,2,'OAT R010.001.050 Deployment'),
 (0,438,'NULL',58,'NULL',4,4,4,1,0,2,'OAT R010.001.050 Deployment'),
 (0,439,'NULL',58,'NULL',3,4,4,1,0,8,'EF_DONT_ACCELERATE=1 , IRQ Balance ON ,LLM Thread Prio 1'),
 (0,440,'NULL',58,'NULL',4,4,4,1,0,2,'OAT R010.001.050 Deployment'),
 (0,441,'NULL',58,'NULL',3,4,4,1,0,8,'EF_DONT_ACCELERATE=1 , IRQ Balance ON ,LLM Thread Prio 1'),
 (77,442,'NULL',10,'Core',6,1,4,4,4,7,'Downgrading for hot-fix testing'),
 (0,443,'NULL',58,'NULL',3,4,4,1,0,8,'EF_DONT_ACCELERATE=1 , IRQ Balance ON ,LLM Thread Prio 1'),
 (0,445,'NULL',58,'NULL',4,4,4,1,0,2,'OAT R010.001.050 Deployment'),
 (0,446,'NULL',58,'NULL',4,4,4,1,0,2,'OAT R010.001.050 Deployment'),
 (77,444,'NULL',10,'Core',6,1,2,4,0,7,'Downgrading for hot-fix testing'),
 (0,447,'NULL',58,'NULL',4,4,4,1,0,2,'OAT R010.001.050 Deployment'),
 (0,455,'NULL',58,'NULL',3,4,4,1,0,8,'EF_DONT_ACCELERATE=1, IRQ Balance OFF'),
 (0,448,'NULL',58,'NULL',4,4,4,1,0,2,'OAT R010.001.050 Deployment'),
 (0,456,'NULL',58,'NULL',3,4,4,1,0,8,'EF_DONT_ACCELERATE=1, IRQ Balance OFF, WT15'),
 (0,449,'NULL',58,'NULL',4,4,4,1,0,2,'OAT R010.001.050 Deployment'),
 (0,457,'NULL',58,'NULL',3,4,4,1,0,8,'Baseline rerun'),
 (0,450,'NULL',58,'NULL',4,4,4,1,0,2,'OAT R010.001.050 Deployment'),
 (0,451,'NULL',58,'NULL',4,4,4,1,0,2,'OAT R010.001.050 Deployment'),
 (0,452,'NULL',58,'NULL',4,4,4,1,0,2,'OAT R010.001.050 Deployment'),
 (0,453,'NULL',58,'NULL',4,4,4,1,0,2,'OAT R010.001.050 Deployment'),
 (0,454,'NULL',58,'NULL',4,4,4,1,0,2,'OAT R010.001.050 Deployment'),
 (78,459,'NULL',59,'Core',6,1,4,4,0,0,'Auto Trigger Test'),
 (0,461,'NULL',58,'NULL',3,4,4,1,0,8,'EF_DONT_ACCELERATE=1, IRQ Balance OFF, WT15'),
 (0,460,'NULL',58,'NULL',4,4,4,1,0,2,'Morning Rotation'),
 (0,462,'NULL',58,'NULL',3,4,4,1,0,8,'EF_DONT_ACCELERATE=1, IRQ Balance OFF, WT15'),
 (0,463,'NULL',58,'NULL',3,4,4,1,0,8,'GW3 Mixed 15k test'),
 (44,458,'NULL',59,'Core',2,1,4,4,4,0,'Auto Trigger Test'),
 (0,464,'NULL',58,'NULL',4,4,4,1,0,2,'Morning Rotation'),
 (0,465,'NULL',58,'NULL',3,4,4,1,0,8,'Onload Minimized '),
 (44,466,'NULL',60,'Core',2,1,4,4,0,0,'Auto Trigger Test'),
 (82,467,'NULL',60,'Core',5,2,4,4,1,0,'Auto Trigger Test'),
 (80,469,'NULL',60,'Core',3,1,4,1,0,0,'Auto Trigger Test'),
 (82,471,'NULL',60,'Core',5,1,4,4,0,7,'Upgrading again after removing env yaml file'),
 (76,470,'NULL',60,'Core',4,1,4,1,0,0,'Auto Trigger Test'),
 (0,472,'NULL',60,'NULL',3,4,4,1,0,8,'10.0.060 Regression'),
 (0,473,'NULL',60,'NULL',3,4,4,1,0,1,'Auto Trigger Test'),
 (0,474,'NULL',60,'NULL',3,4,4,1,0,8,'10.0.060 Regression'),
 (81,468,'NULL',60,'Core',1,4,4,0,4,0,'Auto Trigger Test'),
 (0,475,'NULL',60,'NULL',1,4,4,0,4,16,'Regression '),
 (44,476,'NULL',60,'Core',2,0,4,4,4,0,'Auto Trigger Test'),
 (0,478,'NULL',60,'NULL',3,4,4,1,0,8,'IRQ Balance off, EF_IRQ_CORE 0, EF_PACKET_BUFFER_MODE=3'),
 (0,479,'NULL',60,'NULL',3,4,4,1,0,8,'EF_IRQ_CORE=0  EF_PACKET_BUFFER_MODE=3 '),
 (81,477,'NULL',60,'Core',1,4,4,1,0,0,'Auto Trigger Test'),
 (0,480,'NULL',60,'NULL',4,4,4,1,0,2,'Morning Rotation'),
 (0,481,'NULL',60,'NULL',4,4,4,1,0,2,'Morning Rotation'),
 (72,482,'NULL',60,'Core',4,2,4,1,0,4,'Regression'),
 (0,483,'NULL',60,'NULL',4,4,4,1,0,2,'Regression'),
 (0,484,'NULL',60,'NULL',4,4,4,1,0,2,'Regression'),
 (0,485,'NULL',60,'NULL',4,4,4,1,0,2,'Morning Rotation'),
 (0,486,'NULL',60,'NULL',4,4,4,1,0,2,'Morning Rotation'),
 (0,487,'NULL',60,'NULL',4,4,4,1,0,2,'Morning Rotation'),
 (0,488,'NULL',60,'NULL',4,4,4,1,0,2,'Morning Rotation'),
 (0,489,'NULL',60,'NULL',4,4,4,1,0,2,'Config Client 10.0.3.1'),
 (0,490,'NULL',60,'NULL',4,4,4,1,0,2,'Morning Rotation'),
 (0,491,'NULL',60,'NULL',4,4,4,1,0,2,'Config Client 10.0.3.1'),
 (0,493,'NULL',60,'NULL',4,4,4,0,4,2,'Auto Trigger Test'),
 (0,492,'NULL',60,'NULL',4,4,4,1,0,2,'Auto Trigger Test'),
 (0,494,'NULL',60,'NULL',4,4,4,1,0,2,'Config Client 10.0.3.1'),
 (0,495,'NULL',60,'NULL',3,4,4,1,0,8,'EF_IRQ_CORE=0  EF_PACKET_BUFFER_MODE=3 '),
 (84,496,'NULL',60,'Core',6,2,4,4,0,1,'BAT2 10.1.60 Deployment'),
 (0,501,'NULL',60,'NULL',3,4,4,0,4,1,'test'),
 (44,500,'NULL',61,'Core',2,0,4,4,4,0,'Auto Trigger Test'),
 (44,499,'NULL',61,'Core',2,0,4,4,4,0,'Auto Trigger Test'),
 (44,498,'NULL',61,'Core',2,0,4,4,4,0,'Auto Trigger Test'),
 (44,497,'NULL',61,'Core',2,0,4,4,4,0,'Auto Trigger Test'),
 (0,502,'NULL',60,'NULL',3,4,4,2,0,8,'EF_IRQ_CORE=0  EF_PACKET_BUFFER_MODE=3 '),
 (0,504,'NULL',60,'NULL',3,4,4,2,0,8,'EF_IRQ_CORE=0  EF_PACKET_BUFFER_MODE=3 '),
 (83,509,'NULL',63,'git',2,2,4,4,0,0,'Auto Trigger Test'),
 (0,510,'NULL',60,'NULL',3,4,4,2,0,8,'EF_IRQ_CORE=0  EF_PACKET_BUFFER_MODE=3 '),
 (0,503,'NULL',60,'NULL',4,4,4,2,0,1,'Morning Rotation'),
 (0,511,'NULL',60,'NULL',3,4,4,2,0,8,'EF_IRQ_CORE=0  EF_PACKET_BUFFER_MODE=3 '),
 (0,512,'NULL',60,'NULL',3,4,4,2,0,8,'EF_IRQ_CORE=0  EF_PACKET_BUFFER_MODE=3 '),
 (83,513,'NULL',63,'git',2,2,4,2,0,0,'Auto Trigger Test'),
 (83,514,'NULL',63,'git',2,2,4,2,0,0,'Auto Trigger Test'),
 (85,515,'NULL',63,'git',4,2,4,2,0,0,'Auto Trigger Test'),
 (86,517,'NULL',63,'git',10,2,4,2,0,0,'Auto Trigger Test'),
 (83,516,'NULL',63,'git',2,2,4,2,0,0,'Auto Trigger Test'),
 (85,518,'NULL',63,'git',4,2,4,2,0,0,'Auto Trigger Test'),
 (86,520,'NULL',63,'git',10,2,4,2,0,0,'Auto Trigger Test'),
 (83,519,'NULL',63,'git',2,2,4,2,0,0,'Auto Trigger Test'),
 (85,521,'NULL',63,'git',4,2,4,2,0,0,'Auto Trigger Test'),
 (0,522,'NULL',60,'NULL',3,4,4,2,0,8,'testing with new onload and rr=1'),
 (0,523,'NULL',60,'NULL',3,4,4,2,0,8,'rr=1 wt=15 '),
 (0,524,'NULL',60,'NULL',3,4,4,2,0,8,'rr=1 wt=15 irqbalance=off'),
 (0,525,'NULL',60,'NULL',3,4,4,2,0,8,'irqbalance=off,rr=1,wt=15'),
 (0,528,'NULL',60,'NULL',3,4,4,2,0,8,'irqbalance=off,rr=1,wt=15'),
 (0,526,'NULL',60,'NULL',4,4,4,2,0,1,'Morning Rotation'),
 (0,527,'NULL',60,'NULL',4,4,4,2,0,1,'Morning Rotation'),
 (0,529,'NULL',60,'NULL',3,4,4,2,0,8,'irqbalance=off,rr=1,wt=10, LLM=983040'),
 (0,530,'NULL',60,'NULL',3,4,4,2,0,8,'irqbalance=off,rr=1,wt=10'),
 (83,531,'NULL',64,'git',2,0,4,0,4,0,'Auto Trigger Test'),
 (83,534,'NULL',65,'git',2,0,4,0,4,0,'Auto Trigger Test'),
 (86,532,'NULL',64,'git',10,0,4,0,4,0,'Auto Trigger Test'),
 (86,535,'NULL',65,'git',10,0,4,0,4,0,'Auto Trigger Test'),
 (85,533,'NULL',64,'git',4,0,4,0,4,0,'Auto Trigger Test'),
 (87,536,'NULL',65,'git',4,0,4,0,4,0,'Auto Trigger Test'),
 (85,537,'NULL',65,'git',4,0,4,0,4,0,'Auto Trigger Test'),
 (83,538,'NULL',63,'git',2,2,4,2,0,0,'Auto Trigger Test'),
 (85,540,'NULL',63,'git',4,2,4,2,0,0,'Auto Trigger Test'),
 (86,539,'NULL',63,'git',10,0,4,0,4,0,'Auto Trigger Test'),
 (0,541,'NULL',60,'NULL',3,4,4,2,0,8,'irqbalance=off,rr=1,wt=10'),
 (0,542,'NULL',60,'NULL',3,4,4,2,0,8,'irqbalance=on,wt=10'),
 (0,543,'NULL',60,'NULL',3,4,4,2,0,8,'poll_usec=15,poll_spin=1'),
 (0,544,'NULL',60,'NULL',3,4,4,2,0,8,'poll 1 usec 15 '),
 (0,545,'NULL',60,'NULL',3,4,4,2,0,8,'irqbalance=off,rr=2,wt=10'),
 (0,546,'NULL',60,'NULL',3,4,4,2,0,8,'irqbalance=off,rr=1,wt=10'),
 (88,547,'NULL',60,'Core',7,2,4,4,0,7,'ET-0117594 - Upgrade BAT3 env to 10.1.60'),
 (0,548,'NULL',60,'NULL',3,4,4,2,0,8,'irqbalance=off,wt=10'),
 (0,549,'NULL',60,'NULL',4,4,4,2,0,2,'Morning Rotation'),
 (0,550,'NULL',60,'NULL',4,4,4,2,0,2,'Morning Rotation'),
 (0,551,'NULL',60,'NULL',4,4,4,2,0,2,'IORS DCA 3.33.0.2'),
 (0,552,'NULL',60,'NULL',4,4,4,2,0,2,'IORS DCA 3.33.0.2'),
 (0,553,'NULL',60,'NULL',4,4,4,2,0,2,'IORS DCA 3.33.0.2'),
 (0,554,'NULL',60,'NULL',3,4,4,2,0,8,'rr=1 wt=15 '),
 (44,555,'NULL',58,'Core',2,2,4,4,0,1,'Deployment'),
 (44,556,'NULL',60,'Core',2,2,4,4,0,1,'Deployment'),
 (0,557,'NULL',60,'NULL',4,4,4,2,0,2,'IORS DCA 3.33.0.2'),
 (0,558,'NULL',60,'NULL',3,4,4,2,0,8,'testing new script'),
 (0,559,'NULL',60,'NULL',3,4,4,2,0,8,'testing new script'),
 (0,560,'NULL',60,'NULL',3,4,4,2,0,8,'testing new script'),
 (0,561,'NULL',60,'NULL',3,4,4,2,0,8,'testing new script'),
 (0,562,'NULL',60,'NULL',3,4,4,2,0,8,'testing new script'),
 (0,563,'NULL',60,'NULL',3,4,4,2,0,8,'testing new script'),
 (0,564,'NULL',60,'NULL',3,4,4,2,0,8,'baseline after irq moves'),
 (0,565,'NULL',37,'NULL',2,4,4,2,0,1,'10.1.40 yaml was created'),
 (0,566,'NULL',60,'NULL',3,4,4,2,0,8,'baseline after irq moves'),
 (44,567,'NULL',66,'Core',2,1,4,4,4,0,'Auto Trigger Test'),
 (89,568,'NULL',66,'Core',1,4,4,1,4,1,'SIT Regression'),
 (91,569,'NULL',66,'Core',4,0,4,4,4,1,'INT Deployment'),
 (44,570,'NULL',66,'Core',2,2,2,4,0,1,'Deployment'),
 (0,572,'NULL',60,'NULL',3,4,4,2,0,8,'baseline after irq moves'),
 (0,573,'NULL',60,'NULL',3,4,4,2,0,8,'Comparison Baseline G8v1 No Solarflare'),
 (0,574,'NULL',60,'NULL',4,4,4,0,4,2,'Morning Rotation'),
 (0,575,'NULL',60,'NULL',3,4,4,2,0,8,'baseline after irq moves'),
 (44,576,'NULL',66,'Core',2,2,4,4,0,0,'Auto Trigger Test'),
 (44,578,'NULL',66,'Core',2,2,4,4,0,1,'Deployment'),
 (91,577,'NULL',66,'Core',4,2,4,2,0,0,'Auto Trigger Test'),
 (0,579,'NULL',66,'NULL',3,4,4,2,0,8,'kernel 3.8 Rt '),
 (91,571,'NULL',66,'Core',4,1,2,0,4,1,'Deployment'),
 (0,580,'NULL',66,'NULL',3,4,4,2,0,8,'rt 3.8'),
 (0,582,'NULL',60,'NULL',3,4,4,0,4,1,'test'),
 (0,581,'NULL',66,'NULL',4,4,4,2,0,2,'Health Check'),
 (0,583,'NULL',60,'NULL',3,4,4,2,0,8,'isolcpu=0 rt=3.8'),
 (0,584,'NULL',66,'NULL',4,4,4,2,0,1,'Susp Test'),
 (0,585,'NULL',66,'NULL',4,4,4,2,0,1,'susp test'),
 (0,586,'NULL',66,'NULL',4,4,4,2,0,1,'susp test'),
 (0,587,'NULL',66,'NULL',4,4,4,2,0,1,'susp'),
 (44,588,'NULL',66,'Core',2,0,4,4,4,0,'Auto Trigger Test'),
 (91,589,'NULL',66,'Core',4,0,4,0,4,0,'Auto Trigger Test'),
 (86,591,'NULL',67,'git',10,0,4,0,4,0,'Auto Trigger Test'),
 (85,592,'NULL',67,'git',2,2,4,2,0,0,'Auto Trigger Test'),
 (83,590,'NULL',67,'git',4,0,4,0,4,0,'Auto Trigger Test'),
 (44,593,'NULL',66,'Core',2,2,2,4,0,1,'Update etcd repo name'),
 (91,594,'NULL',66,'Core',4,2,2,2,0,1,'Update etcd repo name'),
 (85,597,'NULL',67,'git',2,2,4,2,0,0,'Auto Trigger Test'),
 (83,595,'NULL',67,'git',4,2,4,2,0,0,'Auto Trigger Test'),
 (86,596,'NULL',67,'git',10,0,4,0,4,0,'Auto Trigger Test'),
 (0,598,'NULL',66,'NULL',4,4,4,2,0,1,'Morning Rotation'),
 (0,599,'NULL',66,'NULL',4,4,4,2,0,1,'Full Core Regression'),
 (0,600,'NULL',66,'NULL',4,4,4,2,0,1,'Full Core Regression'),
 (0,601,'NULL',66,'NULL',4,4,4,2,0,1,'Full Core Regression'),
 (0,602,'NULL',66,'NULL',4,4,4,2,0,1,'Full Core Regression'),
 (0,603,'NULL',66,'NULL',4,4,4,2,0,2,'Morning Rotation'),
 (0,604,'NULL',66,'NULL',4,4,4,2,0,2,'Full Core Regression'),
 (0,605,'NULL',66,'NULL',4,4,4,2,0,2,'Full Core Regression'),
 (0,606,'NULL',66,'NULL',4,4,4,2,0,2,'Full Core Regression'),
 (0,607,'NULL',66,'NULL',4,4,4,2,0,2,'Full Core Regression'),
 (0,608,'NULL',66,'NULL',4,4,4,2,0,2,'Full Core Regression'),
 (0,609,'NULL',66,'NULL',4,4,4,2,0,2,'Full Core Regression'),
 (0,610,'NULL',60,'NULL',3,4,4,2,0,3,'Rotate IORS'),
 (92,611,'NULL',60,'Core',4,1,4,4,4,2,'Downgrading to 10.1.60 from 10.1.500-27.ga.el6'),
 (92,612,'NULL',60,'Core',4,2,4,4,0,2,'Downgrading OAT to 10.1.60'),
 (0,613,'NULL',60,'NULL',3,4,4,2,0,3,'Rotate IORS'),
 (91,614,'NULL',66,'Core',4,3,2,0,1,2,'Deployment'),
 (93,615,'NULL',60,'Core',2,2,4,4,0,1,'Test hostenforce branch'),
 (93,616,'NULL',66,'Core',2,2,2,4,0,1,'Using -b production'),
 (0,617,'NULL',66,'NULL',4,4,4,0,4,2,'Morning Rotation'),
 (0,618,'NULL',66,'NULL',4,4,4,0,4,2,'Morning Rotation'),
 (0,619,'NULL',66,'NULL',4,4,4,0,4,2,'Morning Rotation'),
 (91,620,'NULL',66,'Core',4,2,2,2,0,2,'Deployment'),
 (0,621,'NULL',66,'NULL',4,4,4,2,0,2,'Morning Rotation'),
 (0,622,'NULL',66,'NULL',4,4,4,2,0,2,'Morning Rotation'),
 (0,623,'NULL',60,'NULL',3,4,4,2,0,8,'Baseline rt 3.8'),
 (0,624,'NULL',60,'NULL',3,4,4,2,0,3,'Baseline rt 3.8'),
 (83,625,'NULL',68,'git',4,0,4,0,4,0,'Auto Trigger Test'),
 (85,627,'NULL',68,'git',2,0,4,0,4,0,'Auto Trigger Test'),
 (86,626,'NULL',68,'git',10,0,4,0,4,0,'Auto Trigger Test'),
 (85,630,'NULL',68,'git',2,0,4,0,4,0,'Auto Trigger Test'),
 (83,628,'NULL',68,'git',4,0,4,0,4,0,'Auto Trigger Test'),
 (86,629,'NULL',68,'git',10,0,4,0,4,0,'Auto Trigger Test'),
 (0,1,'NULL',66,'NULL',4,4,4,0,4,2,'Health Check'),
 (0,2,'NULL',66,'NULL',4,4,4,0,4,2,'Health Check'),
 (0,631,'NULL',66,'NULL',4,4,4,2,0,1,'Health Check'),
 (94,635,'NULL',68,'git',9,2,4,2,0,0,'Auto Trigger Test'),
 (85,634,'NULL',68,'git',2,0,4,0,4,0,'Auto Trigger Test'),
 (86,633,'NULL',68,'git',10,0,4,0,4,0,'Auto Trigger Test'),
 (83,632,'NULL',68,'git',4,0,4,0,4,0,'Auto Trigger Test'),
 (85,638,'NULL',69,'git',2,0,4,0,4,0,'Auto Trigger Test'),
 (86,637,'NULL',69,'git',10,0,4,0,4,0,'Auto Trigger Test'),
 (83,636,'NULL',69,'git',4,0,4,0,4,0,'Auto Trigger Test'),
 (94,639,'NULL',69,'git',9,2,4,2,0,0,'Auto Trigger Test'),
 (86,641,'NULL',69,'git',10,0,4,0,4,0,'Auto Trigger Test'),
 (83,640,'NULL',69,'git',4,0,4,0,4,0,'Auto Trigger Test'),
 (94,643,'NULL',69,'git',9,2,4,2,0,0,'Auto Trigger Test'),
 (85,642,'NULL',69,'git',2,2,4,2,0,0,'Auto Trigger Test'),
 (86,645,'NULL',69,'git',10,0,4,0,4,0,'Auto Trigger Test'),
 (83,644,'NULL',69,'git',4,0,4,0,4,0,'Auto Trigger Test'),
 (94,647,'NULL',69,'git',9,2,4,2,0,0,'Auto Trigger Test'),
 (85,646,'NULL',69,'git',2,2,4,2,0,0,'Auto Trigger Test'),
 (0,648,'NULL',66,'NULL',4,4,4,2,0,2,'Config Client 10.0.3.1'),
 (0,649,'NULL',66,'NULL',4,4,4,2,0,2,'Config Client 10.0.3.2'),
 (0,650,'NULL',66,'NULL',4,4,4,2,0,2,'Config Client 10.0.3.2'),
 (0,651,'NULL',66,'NULL',4,4,4,2,0,2,'Config Client 10.0.3.2'),
 (0,652,'NULL',66,'NULL',4,4,4,2,0,2,'Config Client 10.0.3.2'),
 (0,653,'NULL',66,'NULL',4,4,4,2,0,2,'Config Client 10.0.3.2'),
 (0,654,'NULL',66,'NULL',4,4,4,2,0,2,'Config Client 10.0.3.2'),
 (0,655,'NULL',66,'NULL',4,4,4,2,0,2,'Config Client 10.0.3.2'),
 (0,656,'NULL',66,'NULL',4,4,4,2,0,2,'Config Client 10.0.3.2'),
 (0,657,'NULL',66,'NULL',4,4,4,2,0,2,'Config Client 10.0.3.2'),
 (0,658,'NULL',66,'NULL',4,4,4,2,0,2,'Config Client 10.0.3.2'),
 (44,659,'NULL',66,'Core',2,2,2,4,0,2,'Testing Checkpoints'),
 (44,660,'NULL',66,'Core',2,2,2,4,0,2,'Testing Checkpoints'),
 (44,662,'NULL',66,'Core',2,2,2,4,0,2,'Testing Checkpoints'),
 (91,661,'NULL',66,'Core',4,2,2,2,0,2,'Testing Checkpoints'),
 (0,663,'NULL',66,'NULL',4,4,4,2,0,2,'Config Client 10.0.3.2'),
 (0,664,'NULL',66,'NULL',4,4,4,2,0,2,'Config Client 10.0.3.2'),
 (0,665,'NULL',66,'NULL',4,4,4,2,0,2,'Config Client 10.0.3.2'),
 (85,666,'NULL',63,'git',2,2,4,2,0,2,'Testing checkpoints'),
 (85,667,'NULL',63,'git',2,2,4,2,0,2,'Testing checkpoints'),
 (0,668,'NULL',66,'NULL',4,4,4,2,0,2,'Config Client 10.0.3.2'),
 (0,669,'NULL',66,'NULL',4,4,4,2,0,2,'Morning Rotation'),
 (0,670,'NULL',66,'NULL',4,4,4,2,0,2,'Morning Rotation'),
 (0,671,'NULL',60,'NULL',3,4,4,2,0,3,'New Instruments Added'),
 (0,672,'NULL',66,'NULL',4,4,4,2,0,1,'Rotate Instruments'),
 (86,674,'NULL',63,'git',10,2,4,2,0,0,'Auto Trigger Test'),
 (94,676,'NULL',63,'git',9,2,4,2,0,0,'Auto Trigger Test'),
 (85,675,'NULL',63,'git',2,2,4,2,0,0,'Auto Trigger Test'),
 (99,680,'NULL',63,'git',3,2,4,2,0,0,'Auto Trigger Test'),
 (96,677,'NULL',63,'git',5,2,4,2,0,0,'Auto Trigger Test'),
 (98,679,'NULL',63,'git',7,2,4,2,0,0,'Auto Trigger Test'),
 (97,678,'NULL',63,'git',6,2,4,2,0,0,'Auto Trigger Test'),
 (85,681,'NULL',63,'git',2,2,4,2,0,1,'Testing'),
 (94,685,'NULL',69,'git',9,2,4,2,0,0,'Auto Trigger Test'),
 (86,683,'NULL',69,'git',10,2,4,2,0,0,'Auto Trigger Test'),
 (85,684,'NULL',69,'git',2,2,4,2,0,0,'Auto Trigger Test'),
 (98,688,'NULL',69,'git',7,2,4,2,0,0,'Auto Trigger Test'),
 (99,689,'NULL',69,'git',3,2,4,2,0,0,'Auto Trigger Test'),
 (96,686,'NULL',69,'git',5,2,4,2,0,0,'Auto Trigger Test'),
 (97,687,'NULL',69,'git',6,2,4,2,0,0,'Auto Trigger Test'),
 (83,682,'NULL',69,'git',4,0,4,0,4,0,'Auto Trigger Test'),
 (83,673,'NULL',63,'git',4,2,4,1,4,0,'Auto Trigger Test'),
 (0,690,'NULL',60,'NULL',3,4,4,2,0,1,'After Instrument Injection'),
 (0,691,'NULL',60,'NULL',3,4,4,2,0,1,'Removed product 7883'),
 (0,692,'NULL',66,'NULL',4,4,4,2,0,2,'Rotate Instruments'),
 (0,693,'NULL',60,'NULL',3,4,4,2,0,8,'New Baseline'),
 (0,694,'NULL',60,'NULL',3,4,4,2,0,8,'taskset 1-19'),
 (0,695,'NULL',60,'NULL',3,4,4,2,0,8,'--rr=1, no taskset'),
 (0,696,'NULL',60,'NULL',3,4,4,2,0,8,'-rr=1 no taskset'),
 (44,697,'NULL',70,'Core',2,3,4,4,1,0,'Auto Trigger Test'),
 (0,698,'NULL',66,'NULL',4,4,4,2,0,2,'Morning Rotation'),
 (0,699,'NULL',66,'NULL',4,4,4,2,0,2,'Morning Rotation'),
 (0,700,'NULL',60,'NULL',3,4,4,2,0,8,'Baseline'),
 (0,701,'NULL',60,'NULL',3,4,4,2,0,1,'Baseline'),
 (0,702,'NULL',60,'NULL',3,4,4,2,0,1,'Baseline'),
 (44,703,'NULL',70,'Core',2,2,4,2,0,2,'Deployment'),
 (91,704,'NULL',70,'Core',4,2,4,2,0,2,'Deployment'),
 (0,705,'NULL',60,'NULL',3,4,4,2,0,1,'Inactivate 37000 instruments'),
 (0,706,'NULL',70,'NULL',3,4,4,2,0,1,'35000 active inst'),
 (0,707,'NULL',60,'NULL',3,4,4,2,0,1,'68k instr active'),
 (100,708,'NULL',70,'Core',6,1,1,4,4,14,'upgrade 010.001.510 to BAT2 env'),
 (0,709,'NULL',60,'NULL',3,4,4,2,0,1,'Baseline'),
 (100,711,'NULL',70,'Core',6,2,2,4,0,7,'Upgrading BAT2 to 10.1.510 as requested'),
 (0,712,'NULL',70,'NULL',4,4,4,2,0,2,'Morning Rotation'),
 (0,710,'NULL',60,'NULL',3,4,4,2,0,1,'Baseline'),
 (72,713,'NULL',70,'Core',4,4,4,2,0,2,'OAT Full Core Regression'),
 (0,714,'NULL',70,'NULL',4,4,4,2,0,2,'Morning Rotation'),
 (0,715,'NULL',70,'NULL',4,4,4,2,0,2,'Morning Rotation'),
 (0,716,'NULL',70,'NULL',4,4,4,2,0,2,'OAT Full Core Regression'),
 (0,717,'NULL',70,'NULL',4,4,4,2,0,2,'OAT Full Core Regression'),
 (0,718,'NULL',70,'NULL',4,4,4,2,0,2,'OAT Full Core Regression'),
 (0,719,'NULL',70,'NULL',4,4,4,2,0,2,'OAT Full Core Regression'),
 (0,720,'NULL',70,'NULL',4,4,4,2,0,2,'OAT Full Core Regression'),
 (0,721,'NULL',70,'NULL',4,4,4,2,0,2,'OAT Full Core Regression'),
 (0,722,'NULL',70,'NULL',4,4,4,2,0,2,'OAT Full Core Regression'),
 (0,723,'NULL',70,'NULL',4,4,4,2,0,2,'OAT Full Core Regression'),
 (0,728,'NULL',70,'NULL',3,4,4,2,0,1,'TC-PAT210 on 510'),
 (0,724,'NULL',70,'NULL',4,4,4,2,0,2,'OAT Full Core Regression'),
 (0,725,'NULL',70,'NULL',4,4,4,2,0,2,'OAT Full Core Regression'),
 (0,726,'NULL',70,'NULL',4,4,4,2,0,2,'OAT Full Core Regression'),
 (0,727,'NULL',70,'NULL',4,4,4,2,0,2,'OAT Full Core Regression'),
 (0,729,'NULL',70,'NULL',3,4,4,2,0,1,'Created Events for SOD'),
 (0,730,'NULL',70,'NULL',3,4,4,2,0,1,'Phase 0 - Testing Perfmon'),
 (0,732,'NULL',70,'NULL',3,4,4,2,0,1,'Phase 0 - Testing Perfmon'),
 (0,733,'NULL',70,'NULL',3,4,4,2,0,8,'rt 3.10 baseline'),
 (0,731,'NULL',70,'NULL',4,4,4,2,0,2,'Morning Rotation'),
 (0,734,'NULL',70,'NULL',3,4,4,2,0,8,'Bad product removed'),
 (0,736,'NULL',70,'NULL',3,4,4,2,0,8,'Work ....please...irq core 0'),
 (0,737,'NULL',70,'NULL',4,4,4,2,0,2,'Product and Instrument Rotation'),
 (0,738,'NULL',70,'NULL',4,4,4,2,0,2,'OAT Full Core Regression'),
 (0,739,'NULL',70,'NULL',3,4,4,2,0,8,'Baseline, irq core 0 '),
 (0,740,'NULL',70,'NULL',4,4,4,2,0,2,'OAT Full Core Regression'),
 (0,743,'NULL',70,'NULL',3,4,4,2,0,8,'New baseline, ME no numa balancing '),
 (0,741,'NULL',70,'NULL',4,4,4,2,0,2,'OAT Full Core Regression'),
 (0,744,'NULL',70,'NULL',3,4,4,2,0,8,'Baseline with ME no numa balance'),
 (0,742,'NULL',70,'NULL',4,4,4,2,0,2,'OAT Full Core Regression'),
 (0,745,'NULL',70,'NULL',4,4,4,2,0,2,'OAT Full Core Regression'),
 (0,748,'NULL',70,'NULL',3,4,4,2,0,8,'Baseline with ME no numa balance'),
 (0,749,'NULL',70,'NULL',4,4,4,0,4,2,'OAT Full Core Regression'),
 (0,746,'NULL',70,'NULL',4,4,4,2,0,2,'OAT Full Core Regression'),
 (0,752,'NULL',70,'NULL',3,4,4,2,0,8,'Baseline with ME no numa balance'),
 (0,747,'NULL',70,'NULL',4,4,4,2,0,2,'OAT Full Core Regression'),
 (0,750,'NULL',70,'NULL',4,4,4,2,0,2,'OAT Full Core Regression'),
 (0,751,'NULL',70,'NULL',4,4,4,2,0,2,'OAT Full Core Regression'),
 (0,753,'NULL',70,'NULL',4,4,4,2,0,2,'Morning Rotation'),
 (0,755,'NULL',70,'NULL',3,4,4,2,0,1,'Rotate to SOD'),
 (0,756,'NULL',70,'NULL',3,4,4,2,0,1,'Rotate to SOD'),
 (0,757,'NULL',70,'NULL',3,4,4,2,0,1,'Rotate to SOD'),
 (0,758,'NULL',70,'NULL',3,4,4,2,0,1,'Rotate to SOD'),
 (0,754,'NULL',70,'NULL',4,4,4,2,0,2,'Morning Rotation'),
 (0,759,'NULL',70,'NULL',3,4,4,2,0,8,'ME no NUMA Balance, GW no NUMA , IRQ Core 0'),
 (0,760,'NULL',70,'NULL',3,4,4,2,0,8,'GW3 ME no Numa, GW  IRQ Core 0 , No Numa balance'),
 (0,761,'NULL',70,'NULL',3,4,4,2,0,8,'Baseline '),
 (0,762,'NULL',70,'NULL',3,4,4,2,0,8,'Comparison, no SF, Me NO NUMA '),
 (0,763,'NULL',70,'NULL',3,4,4,2,0,8,'Baseline run GW3 GW4 pt105 New Gateway'),
 (0,764,'NULL',70,'NULL',3,4,4,2,0,8,'Baseline run GW3 GW4 pt105 New Gateway'),
 (0,765,'NULL',70,'NULL',3,4,4,2,0,8,'pt105 w baits gw3 and 4'),
 (0,766,'NULL',70,'NULL',3,4,4,2,0,8,'pt105 w baits gw3 and 4'),
 (0,735,'NULL',70,'NULL',3,4,4,0,4,1,'label test'),
 (44,767,'NULL',71,'Core',2,1,4,0,4,0,'Auto Trigger Test'),
 (44,768,'NULL',71,'Core',2,3,2,0,1,0,'Auto Trigger Test'),
 (44,769,'NULL',71,'Core',2,3,2,0,1,0,'Auto Trigger Test'),
 (44,770,'NULL',70,'Core',2,2,4,2,0,1,'Deployment'),
 (0,771,'NULL',70,'NULL',4,4,4,2,0,2,'Morning Rotation'),
 (0,772,'NULL',70,'NULL',4,4,4,2,0,2,'Morning Rotation'),
 (0,773,'NULL',70,'NULL',4,4,4,2,0,2,'Additional 10.1.510 Testing'),
 (0,774,'NULL',70,'NULL',3,4,4,2,0,1,'Rotate to SOD'),
 (0,775,'NULL',70,'NULL',3,4,4,2,0,1,'Rotate to SOD'),
 (0,777,'NULL',70,'NULL',3,4,4,2,0,1,'Primary Hosts Upgraded (Phase 1)'),
 (0,778,'NULL',70,'NULL',3,4,4,2,0,1,'MySQL 5.6 Phase 1 - Primary Hosts'),
 (0,779,'NULL',70,'NULL',3,4,4,2,0,1,'MySQL 5.6 Phase 1 - Primary Hosts'),
 (0,780,'NULL',70,'NULL',3,4,4,2,0,1,'MySQL 5.6 Phase 1 - Primary Hosts'),
 (0,781,'NULL',70,'NULL',3,4,4,2,0,1,'MySQL 5.6 Phase 1 - Primary Hosts'),
 (0,782,'NULL',70,'NULL',3,4,4,2,0,1,'MySQL 5.6 Phase 1 - Primary Hosts'),
 (44,776,'NULL',72,'Core',2,2,2,2,0,0,'Auto Trigger Test'),
 (0,783,'NULL',70,'NULL',3,4,4,2,0,1,'MySQL 5.6 Phase 1 - Primary Hosts'),
 (0,784,'NULL',70,'NULL',3,4,4,2,0,1,'Rotate to SOD'),
 (0,785,'NULL',70,'NULL',3,4,4,2,0,1,'MySQL 5.6 Phase 1 - Primary Hosts'),
 (0,786,'NULL',70,'NULL',3,4,4,2,0,1,'MySQL 5.6 Phase 1 - Primary Hosts'),
 (0,789,'NULL',70,'NULL',3,4,4,2,0,1,'MySQL 5.6 Phase 1 - Primary Hosts'),
 (0,790,'NULL',70,'NULL',4,4,4,0,4,2,'OAT Full Core Regression'),
 (0,791,'NULL',70,'NULL',3,4,4,2,0,1,'MySQL 5.6 Phase 1 - Primary Hosts'),
 (0,792,'NULL',70,'NULL',3,4,4,2,0,1,'MySQL 5.6 Phase 1 - Primary Hosts'),
 (0,787,'NULL',70,'NULL',4,4,4,2,0,2,'Morning Rotation'),
 (0,788,'NULL',70,'NULL',4,4,4,2,0,2,'Morning Rotation'),
 (0,793,'NULL',70,'NULL',3,4,4,2,0,1,'TC-PAT207 on .60 - MySQL 5.6 Phase 1 - Primary Hosts'),
 (0,794,'NULL',70,'NULL',4,4,4,2,0,2,'Morning Rotation'),
 (0,795,'NULL',70,'NULL',4,4,4,2,0,2,'Morning Rotation'),
 (0,796,'NULL',70,'NULL',3,4,4,2,0,1,'Rotate'),
 (0,797,'NULL',70,'NULL',3,4,4,2,0,8,'Baseline with new hotfix kernel'),
 (0,798,'NULL',70,'NULL',3,4,4,2,0,8,'New baseline with new kernel'),
 (0,799,'NULL',70,'NULL',3,4,4,2,0,1,'Baseline with new hotfix kernel'),
 (0,800,'NULL',70,'NULL',3,4,4,2,0,1,'New baseline with new kernel'),
 (0,801,'NULL',70,'NULL',3,4,4,2,0,8,'Baseline with new hotfix kernel'),
 (0,802,'NULL',70,'NULL',3,4,4,2,0,8,'New baseline with new kernel'),
 (0,803,'NULL',70,'NULL',4,4,4,2,0,2,'Morning Rotation'),
 (0,804,'NULL',70,'NULL',4,4,4,2,0,2,'Morning Rotation'),
 (0,805,'NULL',70,'NULL',3,4,4,2,0,8,'Rotate to SOD'),
 (0,806,'NULL',70,'NULL',3,4,4,2,0,8,'New baseline with new kernel'),
 (0,807,'NULL',70,'NULL',3,4,4,2,0,1,'New baseline with new kernel'),
 (0,808,'NULL',70,'NULL',4,4,4,2,0,2,'Testing JS File Breakup'),
 (0,809,'NULL',70,'NULL',3,4,4,2,0,1,'Phase 1 - (Members upgraded 203/205/207/209)'),
 (0,810,'NULL',70,'NULL',3,4,4,2,0,1,'Phase 1 - (Members upgraded 203/205/207/209)'),
 (0,811,'NULL',70,'NULL',3,4,4,2,0,1,'Phase 1 - (Members upgraded) - Cleaned Core Dump on 202/213'),
 (0,812,'NULL',71,'NULL',3,4,4,2,0,1,'Phase 1 - (Members upgraded)  - 209 Puppet Locked'),
 (0,815,'NULL',70,'NULL',3,4,4,2,0,8,'Primary Hosts Upgraded (Phase 1)'),
 (0,816,'NULL',70,'NULL',3,4,4,2,0,8,'Baseline'),
 (0,813,'NULL',70,'NULL',4,4,4,2,0,2,'Morning Rotation'),
 (0,814,'NULL',70,'NULL',4,4,4,2,0,2,'Morning Rotation'),
 (0,817,'NULL',70,'NULL',3,4,4,2,0,8,'Baseline'),
 (0,818,'NULL',70,'NULL',3,4,4,2,0,8,'All hosts except 201 and 215 upgraded'),
 (0,819,'NULL',70,'NULL',3,4,4,2,0,1,'All hosts except 201 and 215 upgraded'),
 (0,820,'NULL',70,'NULL',4,4,4,2,0,2,'Morning Rotation'),
 (0,821,'NULL',70,'NULL',4,4,4,2,0,2,'Morning Rotation'),
 (0,822,'NULL',70,'NULL',3,4,4,2,0,8,'All hosts upgraded '),
 (0,823,'NULL',70,'NULL',3,4,4,2,0,8,'Primary Hosts Upgraded (Phase 1)'),
 (0,824,'NULL',70,'NULL',3,4,4,2,0,8,'All hosts upgraded '),
 (0,825,'NULL',70,'NULL',3,4,4,2,0,8,'All hosts upgraded '),
 (0,826,'NULL',70,'NULL',3,4,4,2,0,8,'All hosts upgraded '),
 (0,827,'NULL',70,'NULL',4,4,4,2,0,2,'Testing JS File Breakup'),
 (0,830,'NULL',70,'NULL',3,4,4,2,0,8,'Morning Rotation'),
 (0,828,'NULL',70,'NULL',4,4,4,2,0,2,'Morning Rotation'),
 (0,831,'NULL',70,'NULL',3,4,4,2,0,8,'Morning Rotation'),
 (0,829,'NULL',70,'NULL',4,4,4,2,0,2,'Morning Rotation'),
 (0,832,'NULL',70,'NULL',3,4,4,2,0,1,'Morning Rotation'),
 (0,833,'NULL',70,'NULL',3,4,4,2,0,8,'Morning Rotation'),
 (0,834,'NULL',71,'NULL',3,4,4,2,0,8,'ME Logical core 1-9'),
 (0,835,'NULL',70,'NULL',4,4,4,2,0,2,'Morning Rotation'),
 (0,836,'NULL',70,'NULL',4,4,4,2,0,2,'Morning Rotation'),
 (0,838,'NULL',70,'NULL',3,4,4,2,0,1,'PAT214 GW Upgraded'),
 (0,837,'NULL',70,'NULL',4,4,4,2,0,2,'Testing'),
 (0,839,'NULL',70,'NULL',3,4,4,2,0,1,'PAT214 GW Upgraded'),
 (0,843,'NULL',70,'NULL',3,4,4,0,4,8,'First run'),
 (0,840,'NULL',70,'NULL',3,4,4,2,0,1,'PAT214 GW Upgraded'),
 (0,844,'NULL',70,'NULL',3,4,4,2,0,8,'GW Build certification'),
 (0,841,'NULL',70,'NULL',4,4,4,2,0,2,'Morning Rotation'),
 (0,842,'NULL',70,'NULL',4,4,4,2,0,2,'Morning Rotation'),
 (0,845,'NULL',70,'NULL',3,4,4,2,0,8,'GW Build certification'),
 (0,846,'NULL',70,'NULL',3,4,4,2,0,8,'GW Build certification (restart)'),
 (0,847,'NULL',70,'NULL',3,4,4,2,0,1,'Morning Rotation'),
 (0,848,'NULL',70,'NULL',4,4,4,2,0,2,'Morning Rotation'),
 (0,849,'NULL',70,'NULL',4,4,4,2,0,2,'Morning Rotation'),
 (93,850,'NULL',70,'Core',2,2,2,4,0,1,'Downgrade with PBaseline Skipping'),
 (93,851,'NULL',72,'Core',2,2,2,4,0,1,'Upgrade with Missing PBaseline Chain'),
 (93,852,'NULL',70,'Core',2,2,2,4,0,1,'Downgrade'),
 (93,853,'NULL',72,'Core',2,2,2,4,0,1,'Turned db conversion off'),
 (0,854,'NULL',70,'NULL',4,4,4,2,0,2,'Morning Rotation'),
 (0,855,'NULL',70,'NULL',4,4,4,2,0,2,'Morning Rotation'),
 (0,856,'NULL',70,'NULL',4,4,4,2,0,2,'Morning Rotation'),
 (0,857,'NULL',70,'NULL',4,4,4,2,0,2,'Morning Rotation'),
 (0,858,'NULL',70,'NULL',4,4,4,2,0,2,'Morning Rotation'),
 (0,859,'NULL',70,'NULL',4,4,4,2,0,2,'Morning Rotation'),
 (0,860,'NULL',72,'NULL',4,4,4,2,0,1,'Release_ID Mapping'),
 (0,861,'NULL',72,'NULL',4,4,4,2,0,1,'template_id test'),
 (0,862,'NULL',70,'NULL',4,4,4,2,0,2,'Testing New ViewDB Refresh Tests'),
 (0,863,'NULL',70,'NULL',4,4,4,2,0,2,'Morning Rotation'),
 (0,864,'NULL',70,'NULL',4,4,4,2,0,2,'Morning Rotation'),
 (0,865,'NULL',70,'NULL',4,4,4,2,0,2,'Morning Rotation'),
 (0,866,'NULL',70,'NULL',4,4,4,2,0,2,'Testing New ViewDB Refresh Tests'),
 (0,867,'NULL',70,'NULL',4,4,4,2,0,2,'Testing New ViewDB Refresh Tests'),
 (0,868,'NULL',70,'NULL',4,4,4,2,0,2,'Testing New ViewDB Refresh Tests'),
 (0,869,'NULL',70,'NULL',4,4,4,2,0,2,'Testing New ViewDB Refresh Tests'),
 (44,870,'NULL',73,'Core',2,2,2,2,0,0,'Auto Trigger Test'),
 (105,872,'NULL',73,'Core',3,3,2,0,1,0,'Auto Trigger Test'),
 (105,874,'NULL',73,'Core',3,2,2,2,0,1,'201 Diskspace Freed'),
 (104,871,'NULL',73,'Core',4,2,2,2,0,0,'Auto Trigger Test'),
 (0,873,'NULL',73,'NULL',4,4,4,2,0,2,'Testing New ViewDB Refresh Tests'),
 (0,875,'NULL',73,'NULL',3,4,4,2,0,1,'201 Diskspace Freed'),
 (0,879,'NULL',73,'NULL',3,4,4,0,4,1,'50 Products'),
 (0,876,'NULL',73,'NULL',4,4,4,2,0,2,'Testing New ViewDB Refresh Tests'),
 (0,878,'NULL',73,'NULL',3,4,4,2,0,1,'50 Products'),
 (0,877,'NULL',73,'NULL',4,4,4,2,0,2,'Testing New ViewDB Refresh Tests'),
 (0,881,'NULL',73,'NULL',4,4,4,2,0,2,'Testing New ViewDB Refresh Tests'),
 (0,882,'NULL',73,'NULL',4,4,4,2,0,2,'Morning Rotation'),
 (106,880,'NULL',73,'Core',6,2,2,4,0,14,'010.001.520 intsall in BAT2'),
 (93,884,'NULL',72,'Core',2,0,4,4,4,0,'Auto Trigger Test'),
 (44,883,'NULL',72,'Core',2,2,2,2,0,0,'Auto Trigger Test'),
 (102,886,'NULL',72,'Core',3,0,4,0,4,0,'Auto Trigger Test'),
 (0,887,'NULL',73,'NULL',3,4,4,2,0,1,'50 Products, Fixed BAITS Cfg'),
 (0,888,'NULL',73,'NULL',3,4,4,2,0,1,'50 products fixed BAITS cfg'),
 (0,889,'NULL',73,'NULL',3,4,4,2,0,1,'50 products fixed BAITS cfg'),
 (0,890,'NULL',73,'NULL',3,4,4,2,0,1,'50 Products, Fixed BAITS Cfg'),
 (0,892,'NULL',73,'NULL',3,4,4,2,0,1,'200 Products'),
 (107,891,'NULL',72,'Core',6,2,2,4,0,14,'opening'),
 (0,893,'NULL',73,'NULL',3,4,4,2,0,1,'After 200 Prod Swap - Restarted 208 AT Server'),
 (0,894,'NULL',73,'NULL',3,4,4,2,0,1,'After 200 Prod move, Restart AT Member 209'),
 (0,895,'NULL',73,'NULL',3,4,4,2,0,1,'Shut Down AT Member MySQL 209'),
 (0,896,'NULL',73,'NULL',3,4,4,2,0,1,'200 prod move, Stop 208 and 209 mysql proc'),
 (0,897,'NULL',73,'NULL',3,4,4,2,0,1,'Stop Pope-12'),
 (0,898,'NULL',73,'NULL',3,4,4,2,0,1,'Restart SQL on 208,209'),
 (0,899,'NULL',73,'NULL',3,4,4,2,0,1,'Lock puppet on 204/205/208/209'),
 (0,900,'NULL',73,'NULL',3,4,4,2,0,1,'Lock puppet on 204/205/208/209'),
 (101,885,'NULL',72,'Core',4,2,2,2,0,0,'Auto Trigger Test'),
 (0,901,'NULL',72,'NULL',4,4,4,2,0,2,'Morning Rotation'),
 (0,902,'NULL',72,'NULL',4,4,4,2,0,2,'Morning Rotation'),
 (0,903,'NULL',73,'NULL',3,4,4,2,0,1,'Shutdown MySQL on 208/209'),
 (0,904,'NULL',73,'NULL',3,4,4,2,0,1,'Shutdown MySQL on 208/209'),
 (0,905,'NULL',73,'NULL',3,4,4,2,0,1,'Clean diskspace on 206: MySQL down on 208/209'),
 (0,906,'NULL',72,'NULL',4,4,4,2,0,2,'Auto Trigger Test'),
 (0,907,'NULL',72,'NULL',4,4,4,2,0,2,'Auto Trigger Test'),
 (0,910,'NULL',73,'NULL',3,4,4,2,0,1,'Clean diskspace on 206: MySQL down on 208/209'),
 (0,908,'NULL',72,'NULL',4,4,4,2,0,2,'Auto Trigger Test'),
 (0,909,'NULL',72,'NULL',4,4,4,2,0,2,'Auto Trigger Test'),
 (0,926,'NULL',73,'NULL',3,4,4,2,0,1,'Restarted 206 Server (TM Primary)'),
 (0,911,'NULL',72,'NULL',4,4,4,2,0,2,'Auto Trigger Test'),
 (0,912,'NULL',72,'NULL',4,4,4,2,0,2,'Auto Trigger Test'),
 (0,913,'NULL',72,'NULL',4,4,4,2,0,2,'Auto Trigger Test'),
 (0,914,'NULL',72,'NULL',4,4,4,2,0,2,'Auto Trigger Test'),
 (0,915,'NULL',72,'NULL',4,4,4,2,0,2,'Auto Trigger Test'),
 (0,916,'NULL',72,'NULL',4,4,4,2,0,2,'Auto Trigger Test'),
 (0,917,'NULL',72,'NULL',4,4,4,2,0,2,'Auto Trigger Test'),
 (0,918,'NULL',72,'NULL',4,4,4,2,0,2,'Auto Trigger Test'),
 (0,919,'NULL',72,'NULL',4,4,4,2,0,2,'Auto Trigger Test'),
 (0,920,'NULL',72,'NULL',4,4,4,2,0,2,'Auto Trigger Test'),
 (0,921,'NULL',72,'NULL',4,4,4,2,0,2,'Auto Trigger Test'),
 (0,922,'NULL',72,'NULL',4,4,4,2,0,2,'Auto Trigger Test'),
 (0,923,'NULL',72,'NULL',4,4,4,2,0,2,'Auto Trigger Test'),
 (0,924,'NULL',72,'NULL',4,4,4,2,0,2,'Auto Trigger Test'),
 (0,925,'NULL',72,'NULL',4,4,4,2,0,2,'Auto Trigger Test'),
 (0,927,'NULL',72,'NULL',4,4,4,2,0,2,'Morning Rotation'),
 (0,928,'NULL',72,'NULL',4,4,4,2,0,2,'Morning Rotation'),
 (0,929,'NULL',72,'NULL',4,4,4,2,0,2,'Auto Trigger Test'),
 (0,930,'NULL',72,'NULL',4,4,4,2,0,2,'Auto Trigger Test'),
 (0,931,'NULL',72,'NULL',4,4,4,2,0,2,'Auto Trigger Test'),
 (0,932,'NULL',72,'NULL',4,4,4,2,0,2,'Auto Trigger Test'),
 (0,933,'NULL',72,'NULL',4,4,4,2,0,2,'Auto Trigger Test'),
 (0,934,'NULL',72,'NULL',4,4,4,2,0,2,'Auto Trigger Test'),
 (0,935,'NULL',72,'NULL',4,4,4,2,0,2,'Auto Trigger Test'),
 (0,956,'NULL',73,'NULL',3,4,4,2,0,1,'Updated Order Add Cfg to Exclude BAITS Products'),
 (0,936,'NULL',72,'NULL',4,4,4,2,0,2,'Auto Trigger Test'),
 (0,957,'NULL',73,'NULL',3,4,4,2,0,1,'Set PAT to Clean State'),
 (0,958,'NULL',73,'NULL',3,4,4,2,0,1,'Updated Excluded Products in Quoters'),
 (0,937,'NULL',72,'NULL',4,4,4,2,0,2,'Auto Trigger Test'),
 (44,959,'NULL',74,'Core',2,2,4,2,0,0,'Auto Trigger Test'),
 (0,938,'NULL',72,'NULL',4,4,4,2,0,2,'Auto Trigger Test'),
 (0,939,'NULL',72,'NULL',4,4,4,2,0,2,'Auto Trigger Test'),
 (0,940,'NULL',72,'NULL',4,4,4,2,0,2,'Auto Trigger Test'),
 (0,941,'NULL',72,'NULL',4,4,4,2,0,2,'Auto Trigger Test'),
 (0,942,'NULL',72,'NULL',4,4,4,2,0,2,'Auto Trigger Test'),
 (0,943,'NULL',72,'NULL',4,4,4,2,0,2,'Auto Trigger Test'),
 (0,944,'NULL',72,'NULL',4,4,4,2,0,2,'Auto Trigger Test'),
 (0,945,'NULL',72,'NULL',4,4,4,2,0,2,'Auto Trigger Test'),
 (0,946,'NULL',72,'NULL',4,4,4,2,0,2,'Auto Trigger Test'),
 (110,961,'NULL',74,'Core',7,2,2,4,0,0,'Auto Trigger Test'),
 (0,947,'NULL',72,'NULL',4,4,4,2,0,2,'Auto Trigger Test'),
 (0,948,'NULL',72,'NULL',4,4,4,2,0,2,'Auto Trigger Test'),
 (0,949,'NULL',72,'NULL',4,4,4,2,0,2,'Auto Trigger Test'),
 (0,950,'NULL',72,'NULL',4,4,4,2,0,2,'Auto Trigger Test'),
 (0,951,'NULL',72,'NULL',4,4,4,2,0,2,'Auto Trigger Test'),
 (0,952,'NULL',72,'NULL',4,4,4,2,0,2,'Auto Trigger Test'),
 (0,953,'NULL',72,'NULL',4,4,4,2,0,2,'Auto Trigger Test'),
 (0,954,'NULL',72,'NULL',4,4,4,2,0,2,'Auto Trigger Test'),
 (0,955,'NULL',72,'NULL',4,4,4,2,0,2,'Auto Trigger Test'),
 (0,962,'NULL',73,'NULL',3,4,4,2,0,1,'Rotate PAT - With gcc profile'),
 (108,960,'NULL',74,'Core',4,2,4,2,0,0,'Auto Trigger Test'),
 (0,963,'NULL',74,'NULL',4,4,4,2,0,2,'Morning Rotation'),
 (108,965,'NULL',74,'Core',4,0,4,0,4,0,'Auto Trigger Test'),
 (44,964,'NULL',74,'Core',2,2,4,2,0,0,'Auto Trigger Test'),
 (110,966,'NULL',74,'Core',7,2,4,4,0,0,'Auto Trigger Test'),
 (111,967,'NULL',74,'Core',4,2,4,2,0,2,'For SIR 297244'),
 (113,968,'NULL',74,'Core',6,2,4,4,0,17,'new opening'),
 (0,969,'NULL',74,'NULL',4,4,4,2,0,2,'For SIR 297244'),
 (0,970,'NULL',74,'NULL',4,4,4,2,0,2,'Morning Rotation'),
 (0,971,'NULL',74,'NULL',4,4,4,2,0,2,'Morning Rotation'),
 (110,973,'NULL',74,'Core',7,2,4,4,0,0,'Auto Trigger Test'),
 (44,972,'NULL',74,'Core',2,2,4,2,0,0,'Auto Trigger Test'),
 (111,974,'NULL',74,'Core',4,2,4,2,0,0,'Auto Trigger Test'),
 (113,975,'NULL',74,'Core',6,2,4,4,0,0,'Auto Trigger Test'),
 (0,976,'NULL',74,'NULL',4,4,4,2,0,2,'Auto Trigger Test'),
 (0,977,'NULL',74,'NULL',4,4,4,2,0,2,'Auto Trigger Test'),
 (0,978,'NULL',74,'NULL',4,4,4,2,0,2,'Auto Trigger Test'),
 (44,979,'NULL',74,'Core',2,2,4,2,0,0,'Auto Trigger Test'),
 (111,981,'NULL',74,'Core',4,2,4,2,0,0,'Auto Trigger Test'),
 (110,980,'NULL',74,'Core',7,2,4,4,0,0,'Auto Trigger Test'),
 (113,982,'NULL',74,'Core',6,2,4,4,0,0,'Auto Trigger Test'),
 (108,984,'NULL',74,'Core',4,0,4,0,4,2,'Full Core Regression - CMQA'),
 (0,983,'NULL',74,'NULL',4,4,4,2,0,2,'Auto Trigger Test'),
 (0,985,'NULL',74,'NULL',4,4,4,2,0,2,'Auto Trigger Test'),
 (0,986,'NULL',73,'NULL',3,4,4,2,0,1,'Added 600 Products to ISE'),
 (0,987,'NULL',74,'NULL',4,4,4,2,0,2,'Auto Trigger Test'),
 (0,988,'NULL',74,'NULL',4,4,4,2,0,2,'Auto Trigger Test'),
 (0,989,'NULL',74,'NULL',4,4,4,2,0,2,'Auto Trigger Test'),
 (0,990,'NULL',74,'NULL',4,4,4,2,0,2,'Morning Rotation'),
 (0,991,'NULL',74,'NULL',4,4,4,2,0,2,'Auto Trigger Test'),
 (0,992,'NULL',74,'NULL',4,4,4,2,0,2,'Auto Trigger Test'),
 (0,993,'NULL',74,'NULL',4,4,4,2,0,2,'Auto Trigger Test'),
 (0,994,'NULL',73,'NULL',3,4,4,2,0,1,'GCC Profile Optimized Matcher RPM'),
 (0,995,'NULL',73,'NULL',3,4,4,2,0,1,'GCC Profile Optimized Matcher RPM'),
 (0,996,'NULL',73,'NULL',3,4,4,2,0,1,'LLGW - 3.8 Kernel'),
 (0,997,'NULL',73,'NULL',3,4,4,2,0,1,'LLGW - 3.8 Kernel'),
 (0,998,'NULL',73,'NULL',3,4,4,2,0,8,'LLGW - 3.8 Kernel'),
 (0,999,'NULL',74,'NULL',4,4,4,2,0,2,'Morning Rotation'),
 (0,1000,'NULL',74,'NULL',4,4,4,2,0,2,'Morning Rotation'),
 (0,1002,'NULL',73,'NULL',3,4,4,2,0,8,'LLGW - 3.8 Kernel'),
 (0,1001,'NULL',74,'NULL',4,4,4,2,0,2,'Auto Trigger Test'),
 (0,1003,'NULL',74,'NULL',4,4,4,2,0,2,'Auto Trigger Test'),
 (0,1004,'NULL',74,'NULL',4,4,4,2,0,2,'Auto Trigger Test'),
 (0,1005,'NULL',74,'NULL',4,4,4,2,0,2,'Full Core Rotation'),
 (0,1006,'NULL',74,'NULL',4,4,4,2,0,2,'Auto Trigger Test'),
 (0,1007,'NULL',74,'NULL',4,4,4,2,0,2,'Full Core Rotation'),
 (0,1008,'NULL',74,'NULL',4,4,4,2,0,2,'Full Core Rotation'),
 (0,1009,'NULL',74,'NULL',4,4,4,2,0,2,'Auto Trigger Test'),
 (0,1010,'NULL',74,'NULL',4,4,4,2,0,2,'Full Core Rotation'),
 (0,1011,'NULL',74,'NULL',4,4,4,2,0,2,'Auto Trigger Test'),
 (0,1012,'NULL',73,'NULL',3,4,4,2,0,8,'LLGW - 3.8 Kernel'),
 (0,1016,'NULL',74,'NULL',4,4,4,0,4,9,'testing'),
 (0,1013,'NULL',74,'NULL',4,4,4,2,0,2,'Morning Rotation'),
 (0,1014,'NULL',74,'NULL',4,4,4,2,0,2,'Morning Rotation'),
 (0,1015,'NULL',74,'NULL',4,4,4,2,0,9,'Auto Trigger Test'),
 (0,1018,'NULL',74,'NULL',4,4,4,0,4,2,'Full Core Rotation'),
 (0,1019,'NULL',74,'NULL',4,4,4,0,4,2,'Auto Trigger Test'),
 (0,1017,'NULL',74,'NULL',4,4,4,2,0,2,'Auto Trigger Test'),
 (0,1020,'NULL',74,'NULL',4,4,4,2,0,2,'Morning Rotation'),
 (0,1021,'NULL',74,'NULL',4,4,4,2,0,2,'Morning Rotation'),
 (0,1022,'NULL',74,'NULL',4,4,4,0,4,2,'Auto Trigger Test'),
 (0,1023,'NULL',74,'NULL',4,4,4,2,0,2,'Morning Rotation'),
 (0,1025,'NULL',73,'NULL',3,4,4,2,0,1,'150k Instruments injected'),
 (0,1024,'NULL',74,'NULL',4,4,4,2,0,2,'Morning Rotation'),
 (0,1026,'NULL',74,'NULL',4,4,4,2,0,2,'Auto Trigger Test'),
 (0,1027,'NULL',74,'NULL',4,4,4,2,0,2,'Auto Trigger Test'),
 (0,1028,'NULL',74,'NULL',4,4,4,2,0,2,'Auto Trigger Test'),
 (0,1029,'NULL',74,'NULL',4,4,4,2,0,2,'Auto Trigger Test'),
 (0,1030,'NULL',73,'NULL',3,4,4,2,0,1,'tc-pat214; numa_balancing=disable'),
 (0,1031,'NULL',74,'NULL',4,4,4,2,0,2,'Auto Trigger Test'),
 (0,1035,'NULL',73,'NULL',3,4,4,2,0,8,'LLGW - 3.8 Kernel'),
 (0,1032,'NULL',74,'NULL',4,4,4,2,0,2,'Morning Rotation'),
 (0,1034,'NULL',74,'NULL',4,4,4,0,4,2,'IORS DCA Tests'),
 (0,1033,'NULL',74,'NULL',4,4,4,2,0,2,'Morning Rotation'),
 (0,1036,'NULL',74,'NULL',4,4,4,2,0,2,'IORS Restart'),
 (0,1037,'NULL',73,'NULL',3,4,4,2,0,8,'tc-pat214; numa_balancing=disable'),
 (0,1039,'NULL',74,'NULL',4,4,4,2,0,2,'IORS DCA 3.33.0.15'),
 (0,1038,'NULL',73,'NULL',3,4,4,2,0,8,'Baseline for 2 AT writing on std local disk'),
 (0,1040,'NULL',74,'NULL',4,4,4,2,0,2,'IORS DCA 3.33.0.15'),
 (0,1041,'NULL',74,'NULL',4,4,4,2,0,2,'IORS DCA 3.33.0.15'),
 (0,1042,'NULL',74,'NULL',4,4,4,2,0,2,'IORS DCA 3.33.0.15'),
 (0,1043,'NULL',74,'NULL',4,4,4,2,0,2,'IORS DCA 3.33.0.15'),
 (0,1044,'NULL',73,'NULL',3,4,4,2,0,8,'10k large spinning drives baseline'),
 (0,1045,'NULL',73,'NULL',3,4,4,2,0,8,'10k large spinning drives baseline'),
 (0,1046,'NULL',74,'NULL',4,4,4,2,0,2,'Morning Rotation'),
 (0,1047,'NULL',74,'NULL',4,4,4,2,0,2,'Morning Rotation'),
 (0,1048,'NULL',74,'NULL',4,4,4,2,0,2,'IORS DCA 3.33.0.15'),
 (0,1049,'NULL',74,'NULL',4,4,4,2,0,2,'IORS DCA 3.33.0.15'),
 (0,1050,'NULL',74,'NULL',4,4,4,2,0,2,'IORS DCA 3.33.0.15'),
 (0,1051,'NULL',74,'NULL',4,4,4,2,0,2,'IORS DCA 3.33.0.15'),
 (116,1052,'NULL',72,'Core',12,2,2,4,0,1,'Deploy 10.1.610'),
 (0,1053,'NULL',73,'NULL',3,4,4,2,0,8,'10k large spinning drives baseline'),
 (0,1056,'NULL',73,'NULL',3,4,4,2,0,8,'Gen 8 v1 tuned BIOS baseline'),
 (0,1054,'NULL',74,'NULL',4,4,4,2,0,2,'Morning Rotation'),
 (0,1055,'NULL',74,'NULL',4,4,4,2,0,2,'Morning Rotation'),
 (0,1057,'NULL',74,'NULL',4,4,4,2,0,2,'Morning Rotation'),
 (0,1059,'NULL',73,'NULL',3,4,4,2,0,8,'Gen 8 v1 tuned BIOS baseline'),
 (118,1062,'NULL',75,'Core',7,2,2,4,0,17,'Opening fixes'),
 (0,1058,'NULL',74,'NULL',4,4,4,2,0,2,'Morning Rotation'),
 (117,1061,'NULL',75,'Core',4,2,2,2,0,0,'Auto Trigger Test'),
 (0,1065,'NULL',75,'NULL',3,4,4,2,0,4,'pat213 dockerized load test'),
 (0,1066,'NULL',75,'NULL',3,4,4,2,0,9,'PAT213 docker test'),
 (0,1064,'NULL',75,'NULL',4,4,4,2,0,2,'Morning Rotation'),
 (0,1067,'NULL',75,'NULL',4,4,4,2,0,2,'Morning Rotation'),
 (0,1068,'NULL',75,'NULL',4,4,4,2,0,2,'Morning Rotation'),
 (44,1060,'NULL',75,'Core',2,2,2,2,0,0,'Auto Trigger Test'),
 (0,1069,'NULL',75,'NULL',4,4,4,2,0,2,'Morning Rotation'),
 (0,1070,'NULL',73,'NULL',3,4,4,2,0,1,'TC-PAT213 Docker IORS Connect'),
 (0,1072,'NULL',73,'NULL',3,4,4,2,0,1,'TC-PAT213 Docker IORS Connect');
INSERT INTO `completed_task` (`trigger_id`,`task_id`,`priority`,`release_id`,`app`,`template_id`,`deploy`,`db_conversion`,`test`,`status`,`user_id`,`label`) VALUES 
 (0,1073,'NULL',73,'NULL',3,4,4,2,0,1,'TC-PAT213 Docker IORS Connect'),
 (0,1074,'NULL',75,'NULL',4,4,4,2,0,1,'Testing'),
 (119,1063,NULL,75,'Core',6,2,2,4,0,0,'Auto Trigger Test'),
 (0,1077,'NULL',75,'NULL',4,4,4,2,0,1,'Testing'),
 (0,1078,'NULL',75,'NULL',4,4,4,2,0,1,'Testing'),
 (0,1082,'NULL',75,'NULL',4,4,4,2,0,1,'Testing'),
 (44,1080,'NULL',75,'Core',2,2,2,2,0,1,'Testing td-tac01'),
 (0,1081,'NULL',73,'NULL',3,4,4,2,0,1,'Move from TC-TAC01 to TD-TAC01'),
 (0,1083,'NULL',75,'NULL',4,4,4,2,0,1,'td-tac01 - report dir changed'),
 (0,1084,'NULL',73,'NULL',3,4,4,2,0,1,'Update Robot KWD to use TD-TAC01'),
 (0,1085,'NULL',73,'NULL',3,4,4,2,0,1,'Update FTP Keyword to use TD-TAC01'),
 (0,1086,'NULL',73,'NULL',3,4,4,2,0,1,'cleanup database'),
 (0,1088,'NULL',75,'NULL',4,4,4,2,0,2,'Morning Rotation'),
 (44,1094,'NULL',75,'Core',2,0,4,0,4,7,'create Gts env after server move/rebuild'),
 (44,1093,'NULL',75,'Core',2,3,2,0,1,9,'BDT-AT Rebuild'),
 (0,1095,'NULL',75,'NULL',4,4,4,2,0,2,'Morning Rotation'),
 (96,1100,'NULL',63,'git',5,0,4,0,4,0,'Auto Trigger Test'),
 (97,1101,'NULL',63,'git',6,0,4,0,4,0,'Auto Trigger Test'),
 (98,1102,'NULL',63,'git',7,0,4,0,4,0,'Auto Trigger Test'),
 (85,1098,'NULL',63,'git',2,0,4,0,4,0,'Auto Trigger Test'),
 (99,1103,'NULL',63,'git',3,0,4,0,4,0,'Auto Trigger Test'),
 (83,1096,'NULL',63,'git',4,2,4,2,0,0,'Auto Trigger Test'),
 (0,1104,'NULL',63,'NULL',4,4,4,2,0,1,'Auto Trigger Test'),
 (0,1105,'NULL',63,'NULL',4,4,4,2,0,1,'Auto Trigger Test'),
 (0,1106,'NULL',63,'NULL',4,4,4,2,0,1,'Auto Trigger Test'),
 (94,1099,'NULL',63,'git',9,0,4,0,4,0,'Auto Trigger Test'),
 (86,1097,'NULL',63,'git',10,0,4,0,4,0,'Auto Trigger Test'),
 (86,1108,'NULL',63,'git',10,2,4,2,0,0,'Auto Trigger Test'),
 (123,1115,'NULL',63,'git',10,2,4,2,0,0,'Auto Trigger Test'),
 (96,1111,'NULL',63,'git',5,0,4,0,4,0,'Auto Trigger Test'),
 (97,1112,'NULL',63,'git',6,0,4,0,4,0,'Auto Trigger Test'),
 (98,1113,'NULL',63,'git',7,0,4,0,4,0,'Auto Trigger Test'),
 (85,1109,'NULL',63,'git',2,0,4,0,4,0,'Auto Trigger Test'),
 (94,1110,'NULL',63,'git',9,0,4,0,4,0,'Auto Trigger Test'),
 (83,1107,'NULL',63,'git',4,0,4,0,4,0,'Auto Trigger Test'),
 (99,1114,'NULL',63,'git',3,0,4,0,4,0,'Auto Trigger Test'),
 (105,1116,'NULL',73,'Core',3,2,2,2,0,1,'TD Move'),
 (0,1117,'NULL',73,'NULL',3,4,4,2,0,1,'TD Move'),
 (0,1118,'NULL',75,'NULL',4,4,4,2,0,2,'Morning Rotation'),
 (0,1119,'NULL',73,'NULL',3,4,4,2,0,1,'TD Move'),
 (0,1121,'NULL',73,'NULL',3,4,4,2,0,1,'TD Move'),
 (0,1120,'NULL',73,'NULL',3,4,4,2,0,1,'TD Move'),
 (0,1122,'NULL',73,'NULL',3,4,4,2,0,1,'DB Restore After TD Move'),
 (0,1123,'NULL',73,'NULL',3,4,4,2,0,1,'DB Restore After TD Move'),
 (0,1124,'NULL',73,'NULL',3,4,4,2,0,1,'DB Restore After TD Move'),
 (0,1125,'NULL',73,'NULL',3,4,4,2,0,1,'DB Restore After TD Move'),
 (0,1126,'NULL',71,'NULL',3,4,4,2,0,4,'pat env verification'),
 (0,1127,'NULL',75,'NULL',4,4,4,2,0,2,'Morning Rotation'),
 (44,1128,'NULL',70,'Core',2,3,2,0,1,1,'Troubleshooting td-bdt01 deployment'),
 (44,1129,'NULL',75,'Core',2,3,1,0,1,1,'Troubleshooting td-bdt01 deployment'),
 (0,1131,'NULL',71,'NULL',3,4,4,2,0,4,'env check'),
 (0,1130,'NULL',75,'NULL',4,4,4,2,0,2,'Morning Rotation'),
 (0,1132,'NULL',71,'NULL',3,4,4,2,0,4,'pat env verification'),
 (0,1133,'NULL',71,'NULL',3,4,4,2,0,4,'pat env verification'),
 (0,1134,'NULL',71,'NULL',3,4,4,2,0,4,'pat env verification'),
 (0,1135,'NULL',71,'NULL',3,4,4,2,0,4,'pat env verification'),
 (0,1137,'NULL',71,'NULL',3,4,4,2,0,4,'pat env verification'),
 (0,1136,'NULL',75,'NULL',4,4,4,2,0,2,'SIR 299542 DBSync fails'),
 (0,1139,'NULL',71,'NULL',3,4,4,2,0,1,'pat env verification'),
 (0,1138,'NULL',75,'NULL',4,4,4,2,0,1,'SIR 299542 DBSync fails'),
 (0,1140,'NULL',75,'NULL',4,4,4,2,0,2,'SIR 299542 DBSync fails'),
 (0,1142,'NULL',75,'NULL',4,4,4,2,0,2,'Testing'),
 (117,1145,'NULL',75,'Core',4,2,2,2,0,2,'Testing'),
 (0,1146,'NULL',75,'NULL',4,4,4,2,0,2,'Morning Rotation'),
 (0,1147,'NULL',75,'NULL',4,4,4,2,0,2,'Morning Rotation'),
 (99,1156,'NULL',63,'git',3,0,4,0,4,0,'Auto Trigger Test'),
 (99,1165,'NULL',63,'git',3,0,4,0,4,0,'Auto Trigger Test'),
 (102,1148,'NULL',75,'Core',3,2,2,2,0,1,'Deploying 10.1.620'),
 (83,1158,'NULL',63,'git',4,0,4,0,4,0,'Auto Trigger Test'),
 (83,1149,'NULL',63,'git',4,0,4,0,4,0,'Auto Trigger Test'),
 (0,1168,'NULL',75,'NULL',3,4,4,2,0,2,'Deploying 10.1.620'),
 (0,1169,'NULL',75,'NULL',3,4,4,2,0,2,'Deploying 10.1.620'),
 (96,1162,'NULL',63,'git',5,0,4,0,4,0,'Auto Trigger Test'),
 (96,1153,'NULL',63,'git',5,0,4,0,4,0,'Auto Trigger Test'),
 (97,1154,'NULL',63,'git',6,0,4,0,4,0,'Auto Trigger Test'),
 (97,1163,'NULL',63,'git',6,0,4,0,4,0,'Auto Trigger Test'),
 (98,1164,'NULL',63,'git',7,0,4,0,4,0,'Auto Trigger Test'),
 (98,1155,'NULL',63,'git',7,0,4,0,4,0,'Auto Trigger Test'),
 (85,1151,'NULL',63,'git',2,0,4,0,4,0,'Auto Trigger Test'),
 (85,1160,'NULL',63,'git',2,0,4,0,4,0,'Auto Trigger Test'),
 (117,1170,'NULL',75,'Core',4,2,2,2,0,2,'Testing ETCD'),
 (0,1171,'NULL',75,'NULL',4,4,4,2,0,2,'Rotation'),
 (0,1167,'NULL',75,'NULL',1,4,4,2,0,16,'Final Regression'),
 (0,1173,'NULL',75,'NULL',3,4,4,2,0,1,'Rotate PAT'),
 (0,1172,'NULL',75,'NULL',4,4,4,2,0,2,'Morning Rotation'),
 (0,1174,'NULL',75,'NULL',3,4,4,2,0,1,'Feeder Move from 215 to 211'),
 (0,1175,'NULL',75,'NULL',3,4,4,2,0,1,'Fix CI Feeder Bugs'),
 (0,1176,'NULL',75,'NULL',3,4,4,2,0,1,'Fix CI Feeder Bugs'),
 (0,1177,'NULL',75,'NULL',3,4,4,2,0,1,'Fix CI Feeder Bugs'),
 (0,1178,'NULL',75,'NULL',3,4,4,2,0,1,'Fix CI Feeder Bugs'),
 (0,1179,'NULL',75,'NULL',3,4,4,2,0,1,'Fix CI Feeder Bugs'),
 (0,1180,'NULL',75,'NULL',3,4,4,2,0,1,'Fix CI Feeder Bugs'),
 (0,1181,'NULL',75,'NULL',4,4,4,2,0,2,'Morning Rotation'),
 (0,1182,'NULL',75,'NULL',3,4,4,2,0,9,'PROD AT ISSUE - REPRODUCE'),
 (0,1185,'NULL',75,'NULL',3,4,4,2,0,1,'REPRODUCE AT PROD ISSUE'),
 (0,1186,'NULL',75,'NULL',3,4,4,2,0,9,'TEST 2 PROD AT SLOWNESS'),
 (0,1187,'NULL',75,'NULL',3,4,4,2,0,9,'AT PROD ISSUE '),
 (0,1188,'NULL',75,'NULL',3,4,4,2,0,9,'TEST 3 AT PROD ISSUE'),
 (0,1189,'NULL',75,'NULL',3,4,4,2,0,9,'PROD AT ISSUE TEST 3'),
 (0,1190,'NULL',75,'NULL',3,4,4,2,0,9,'SCHED CHANGE PROD AT ISSUE'),
 (94,1152,'NULL',63,'git',9,0,4,0,4,0,'Auto Trigger Test'),
 (86,1159,'NULL',63,'git',10,0,4,0,4,0,'Auto Trigger Test'),
 (0,1191,'NULL',75,'NULL',4,4,4,0,4,1,'Testing'),
 (86,1150,'NULL',63,'git',10,0,4,0,4,0,'Auto Trigger Test'),
 (123,1157,'NULL',63,'git',10,0,4,0,4,0,'Auto Trigger Test'),
 (123,1166,'NULL',63,'git',10,0,4,0,4,0,'Auto Trigger Test'),
 (94,1161,'NULL',63,'git',9,0,4,0,4,0,'Auto Trigger Test'),
 (0,1,'NULL',75,'NULL',4,4,4,0,4,2,'Morning Rotation'),
 (0,2,'NULL',75,'NULL',4,4,4,0,4,2,'Morning Rotation'),
 (0,1192,'NULL',75,'NULL',4,4,4,0,4,2,'Morning Rotation'),
 (0,1193,'NULL',75,'NULL',4,4,4,0,4,2,'Morning Rotation'),
 (0,1194,'NULL',75,'NULL',3,4,4,0,4,2,'SCHED CHANGE PROD AT ISSUE'),
 (0,1195,'NULL',75,'NULL',4,4,4,2,0,2,'Morning Rotation'),
 (0,1196,'NULL',75,'NULL',4,4,4,2,0,2,'Morning Rotation'),
 (0,1197,'NULL',75,'NULL',3,4,4,2,0,4,'Test for sosreport'),
 (0,1198,'NULL',75,'NULL',3,4,4,2,0,1,'Test for sosreport'),
 (124,1199,'NULL',75,'Core',12,3,2,4,1,22,'MT1 Core upgrade requested by TMS'),
 (0,1200,'NULL',75,'NULL',3,4,4,2,0,1,'AT 208 and 209 on RHEL6.3'),
 (0,1201,'NULL',75,'NULL',3,4,4,2,0,1,'AT 208 and 209 on RHEL6.3'),
 (0,1202,'NULL',75,'NULL',3,4,4,1,4,1,'AT 208 and 209 on RHEL6.3'),
 (0,1203,'NULL',75,'NULL',4,4,4,2,0,2,'Testing'),
 (44,1204,'NULL',75,'Core',2,2,2,2,0,2,'Testing'),
 (0,1205,'NULL',75,'NULL',3,4,4,2,0,2,'AT 208 and 209 on RHEL6.3'),
 (0,1207,'NULL',75,'NULL',3,4,4,2,0,2,'AT 208 and 209 on RHEL6.3'),
 (0,1206,'NULL',75,'NULL',4,4,4,2,0,2,'Morning Rotation'),
 (0,1208,'NULL',75,'NULL',3,4,4,2,0,2,'AT 208 and 209 on RHEL6.3'),
 (0,1209,'NULL',75,'NULL',3,4,4,2,0,2,'AT 208 and 209 on RHEL6.3'),
 (0,1210,'NULL',75,'NULL',3,4,4,2,0,1,'AT 208 and 209 on RHEL6.3'),
 (0,1211,'NULL',75,'NULL',3,4,4,2,0,1,'AT 208 and 209 on RHEL6.3'),
 (0,1213,'NULL',75,'NULL',3,4,4,0,4,1,'AT 208 and 209 on RHEL6.3'),
 (0,1212,'NULL',75,'NULL',3,4,4,2,0,1,'AT 208 and 209 on RHEL6.3'),
 (0,1214,'NULL',75,'NULL',3,4,4,2,0,1,'AT 208 and 209 on RHEL6.3'),
 (0,1215,'NULL',75,'NULL',3,4,4,2,0,1,'AT 208 and 209 on RHEL6.3'),
 (125,1216,'NULL',73,'Core',3,2,2,4,0,7,'Downgrading to test Performance Degradation'),
 (0,1219,'NULL',76,'NULL',1,4,4,2,0,16,'Full Regression'),
 (126,1218,'NULL',76,'Core',6,2,2,4,0,17,'Good release'),
 (0,1220,'NULL',73,'NULL',3,4,4,2,0,1,'AT 208 and 209 on RHEL6.5'),
 (0,1221,'NULL',73,'NULL',3,4,4,2,0,1,'AT 208 and 209 on RHEL6.5'),
 (0,1222,'NULL',73,'NULL',3,4,4,2,0,1,'AT 208 and 209 on RHEL6.5'),
 (0,1223,'NULL',73,'NULL',3,4,4,2,0,1,'AT 208 and 209 on RHEL6.5'),
 (0,1228,'NULL',73,'NULL',3,4,4,0,4,1,'AT 208 and 209 on RHEL6.5'),
 (0,1229,'NULL',73,'NULL',3,4,4,0,4,1,'AT 208 and 209 on RHEL6.5'),
 (0,1230,'NULL',73,'NULL',3,4,4,0,4,1,'AT 208 and 209 on RHEL6.5'),
 (0,1224,'NULL',73,'NULL',3,4,4,2,0,1,'AT 208 and 209 on RHEL6.5'),
 (0,1225,'NULL',73,'NULL',3,4,4,2,0,1,'AT 208 and 209 on RHEL6.5'),
 (0,1226,'NULL',73,'NULL',3,4,4,2,0,1,'AT 208 and 209 on RHEL6.5'),
 (0,1227,'NULL',73,'NULL',3,4,4,2,0,1,'AT 208 and 209 on RHEL6.5'),
 (44,1217,'NULL',76,'Core',2,2,2,2,0,0,'Auto Trigger Test'),
 (0,1231,'NULL',75,'NULL',4,4,4,2,0,2,'Morning Rotation'),
 (0,1232,'NULL',73,'NULL',3,4,4,2,0,1,'Add Instruments to PAT'),
 (0,1236,'NULL',75,'NULL',4,4,4,2,0,2,'Morning Rotation'),
 (0,1234,'NULL',73,'NULL',3,4,4,0,4,1,'AT 208 and 209 on RHEL 6.5 - Add Instruments'),
 (0,1235,'NULL',73,'NULL',3,4,4,0,4,1,'AT 208 and 209 on RHEL 6.5 - Add Instruments'),
 (0,1237,'NULL',73,'NULL',3,4,4,0,4,4,'AT 208 and 209 on RHEL6.5'),
 (0,1233,'NULL',73,'NULL',3,4,4,2,0,1,'AT 208 and 209 on RHEL 6.5 - Add Instruments'),
 (0,1238,'NULL',75,'NULL',4,4,4,2,0,2,'Testing'),
 (0,1239,'NULL',73,'NULL',3,4,4,2,0,2,'testing'),
 (0,1240,'NULL',75,'NULL',4,4,4,2,0,2,'Testing'),
 (0,1241,'NULL',73,'NULL',3,4,4,2,0,9,'PAT rotation'),
 (0,1242,'NULL',73,'NULL',3,4,4,2,0,9,'PAT rotation rerun'),
 (0,1243,'NULL',73,'NULL',3,4,4,2,0,9,'rotate pat'),
 (0,1244,'NULL',73,'NULL',3,4,4,2,0,9,'pat healthcheck'),
 (0,1245,'NULL',75,'NULL',3,4,4,2,0,1,'AT 208 and 209 on RHEL 6.5 - 75k Instruments'),
 (127,1246,'NULL',76,'Core',4,3,2,0,1,2,'Deploying 10.1.630 into OAT'),
 (127,1247,'NULL',76,'Core',4,2,2,2,0,2,'Deploying 10.1.630 into OAT'),
 (0,1248,'NULL',73,'NULL',3,4,4,2,0,1,'AT 208 and 209 on RHEL 6.5 - 75k instruments'),
 (0,1249,'NULL',73,'NULL',3,4,4,2,0,1,'AT 208 and 209 on RHEL 6.5 - 75k instruments'),
 (0,1250,'NULL',73,'NULL',3,4,4,2,0,1,'AT 208 and 209 on RHEL 6.5 - 75k instruments'),
 (0,1251,'NULL',73,'NULL',3,4,4,2,0,1,'AT 208 and 209 on RHEL 6.5 - 75k instruments'),
 (0,1252,'NULL',73,'NULL',3,4,4,2,0,1,'AT 208 and 209 on RHEL 6.5 - 75k instruments'),
 (0,1253,'NULL',73,'NULL',3,4,4,2,0,1,'AT 208 and 209 on RHEL 6.5 - 75k instruments'),
 (0,1254,'NULL',73,'NULL',3,4,4,2,0,1,'AT 208 and 209 on RHEL 6.5 - 75k instruments'),
 (0,1255,'NULL',73,'NULL',3,4,4,2,0,1,'AT 208 and 209 on RHEL 6.5 - 75k instruments'),
 (0,1256,'NULL',73,'NULL',3,4,4,2,0,1,'AT 208 and 209 on RHEL 6.5 - 75k instruments'),
 (0,1257,'NULL',73,'NULL',3,4,4,2,0,1,'AT 208 and 209 on RHEL 6.5 - 75k instruments'),
 (0,1258,'NULL',73,'NULL',3,4,4,2,0,1,'AT 208 and 209 on RHEL 6.5 - 75k instruments'),
 (0,1259,'NULL',73,'NULL',3,4,4,2,0,1,'AT 208 and 209 on RHEL 6.5 - 75k instruments'),
 (0,1260,'NULL',73,'NULL',3,4,4,2,0,1,'AT 208 and 209 on RHEL 6.5 - 75k instruments'),
 (0,1261,'NULL',73,'NULL',3,4,4,2,0,1,'AT 208 and 209 on RHEL 6.5 - 75k instruments'),
 (0,1262,'NULL',73,'NULL',3,4,4,2,0,1,'AT 208 and 209 on RHEL 6.5 - 75k instruments'),
 (0,1263,'NULL',73,'NULL',3,4,4,2,0,1,'AT 208 and 209 on RHEL 6.5 - 75k instruments'),
 (0,1264,'NULL',73,'NULL',3,4,4,2,0,1,'AT 208 and 209 on RHEL 6.5 - 75k instruments'),
 (0,1265,'NULL',73,'NULL',3,4,4,2,0,1,'AT 208 and 209 on RHEL 6.5 - 75k instruments'),
 (0,1266,'NULL',76,'NULL',4,4,4,2,0,1,'Testing'),
 (44,1267,'NULL',76,'Core',2,2,2,2,0,1,'Testing'),
 (0,1269,'NULL',73,'NULL',3,4,4,2,0,2,'Testing MAP'),
 (0,1270,'NULL',73,'NULL',3,4,4,2,0,1,'AT 208 and 209 on RHEL 6.5 - 75k instruments'),
 (0,1271,'NULL',73,'NULL',3,4,4,2,0,1,'AT 208 and 209 on RHEL 6.5 - 75k instruments'),
 (0,1272,'NULL',73,'NULL',3,4,4,2,0,1,'AT 208 and 209 on RHEL 6.5 - 75k instruments'),
 (0,1273,'NULL',73,'NULL',3,4,4,2,0,1,'AT 208 and 209 on RHEL 6.5 - 75k instruments'),
 (0,1274,'NULL',73,'NULL',3,4,4,2,0,1,'AT 208 and 209 on RHEL 6.5 - 75k instruments'),
 (0,1268,'NULL',76,'NULL',4,4,4,2,0,2,'Morning Rotation'),
 (0,1275,'NULL',76,'NULL',4,4,4,2,0,2,'Morning Rotation'),
 (0,1277,'NULL',73,'NULL',3,4,4,2,0,1,'AT 208 and 209 on RHEL 6.5 - 75k instruments'),
 (0,1276,'NULL',76,'NULL',4,4,4,2,0,2,'Morning Rotation'),
 (0,1278,'NULL',73,'NULL',3,4,4,2,0,1,'AT 208 and 209 on RHEL 6.5 - 75k instruments'),
 (0,1279,'NULL',73,'NULL',3,4,4,2,0,1,'AT 208 and 209 on RHEL 6.5 - 75k instruments'),
 (0,1280,'NULL',73,'NULL',3,4,4,2,0,1,'AT 208 and 209 on RHEL 6.5 - 75k instruments'),
 (0,1281,'NULL',73,'NULL',3,4,4,2,0,1,'AT 208 and 209 on RHEL 6.5 - 75k instruments'),
 (44,1282,'NULL',77,'Core',2,2,2,2,0,0,'Auto Trigger Test'),
 (128,1284,'NULL',77,'Core',5,2,2,4,0,17,'bug fix release'),
 (0,1285,'NULL',73,'NULL',3,4,4,2,0,1,'AT 208 and 209 on RHEL 6.5 - 75k instruments'),
 (0,1286,'NULL',73,'NULL',3,4,4,2,0,1,'AT 208 and 209 on RHEL 6.5 - 75k instruments'),
 (0,1288,'NULL',73,'NULL',3,4,4,2,0,1,'Puppet Locked'),
 (129,1287,'NULL',77,'Core',7,3,2,4,1,17,'bat 3'),
 (129,1289,'NULL',77,'Core',7,2,2,4,0,24,'BAT3 Upgrade to 10.1.70'),
 (0,1290,'NULL',73,'NULL',3,4,4,2,0,1,'Puppet Locked'),
 (0,1291,'NULL',73,'NULL',3,4,4,2,0,1,'Puppet Locked'),
 (0,1292,'NULL',73,'NULL',3,4,4,2,0,1,'Puppet Locked'),
 (0,1293,'NULL',73,'NULL',3,4,4,2,0,1,'Puppet Locked'),
 (129,1294,'NULL',77,'Core',7,2,2,4,0,24,'BAT3 Upgrade to 10.1.700'),
 (0,1295,'NULL',73,'NULL',3,4,4,2,0,1,'Puppet Locked'),
 (0,1296,'NULL',73,'NULL',3,4,4,2,0,1,'Create 520 configs for baits'),
 (109,1283,'NULL',77,'Core',4,2,2,2,0,0,'Auto Trigger Test');
/*!40000 ALTER TABLE `completed_task` ENABLE KEYS */;


--
-- Definition of table `event_definition`
--

DROP TABLE IF EXISTS `event_definition`;
CREATE TABLE `event_definition` (
  `event_id` int(11) NOT NULL AUTO_INCREMENT,
  `event_name` varchar(50) NOT NULL,
  PRIMARY KEY (`event_id`)
) ENGINE=InnoDB AUTO_INCREMENT=11 DEFAULT CHARSET=latin1;

--
-- Dumping data for table `event_definition`
--

/*!40000 ALTER TABLE `event_definition` DISABLE KEYS */;
INSERT INTO `event_definition` (`event_id`,`event_name`) VALUES 
 (1,'release_promoted'),
 (2,'deploy_started'),
 (3,'deploy_completed'),
 (4,'test_started'),
 (5,'test_completed'),
 (6,'task_created'),
 (7,'instance_suspended'),
 (8,'instance_unsuspended'),
 (9,'deploy_failed'),
 (10,'trigger_execution');
/*!40000 ALTER TABLE `event_definition` ENABLE KEYS */;


--
-- Definition of table `event_history`
--

DROP TABLE IF EXISTS `event_history`;
CREATE TABLE `event_history` (
  `id` int(11) NOT NULL AUTO_INCREMENT,
  `release_id` int(11) NOT NULL COMMENT 'Links to release id in the release_registration table',
  `template_instance_id` int(11) DEFAULT NULL COMMENT 'ID of the template instance',
  `event_id` int(11) NOT NULL COMMENT 'ID of the event in the event definition table',
  `event_time` timestamp NOT NULL DEFAULT CURRENT_TIMESTAMP COMMENT 'Entry time for this event',
  `task_id` int(11) DEFAULT NULL COMMENT 'ID of the task that generated this event. This is optional, since new release don''t have a task associated.',
  `template_id` int(11) DEFAULT NULL,
  `user_id` int(11) DEFAULT NULL,
  PRIMARY KEY (`id`)
) ENGINE=InnoDB AUTO_INCREMENT=5551 DEFAULT CHARSET=latin1;

--
-- Dumping data for table `event_history`
--

/*!40000 ALTER TABLE `event_history` DISABLE KEYS */;
INSERT INTO `event_history` (`id`,`release_id`,`template_instance_id`,`event_id`,`event_time`,`task_id`,`template_id`,`user_id`) VALUES 
 (1,1,0,1,'2014-09-18 17:46:24',0,1,NULL),
 (2,1,0,6,'2014-09-18 17:46:24',33,2,NULL),
 (3,1,1,2,'2014-09-18 17:46:24',33,2,NULL),
 (4,1,1,3,'2014-09-18 17:51:45',33,2,NULL),
 (5,2,0,1,'2014-09-18 18:43:56',0,1,NULL),
 (6,2,0,6,'2014-09-18 18:43:56',34,2,NULL),
 (7,2,1,2,'2014-09-18 18:43:56',34,2,NULL),
 (8,2,1,3,'2014-09-18 18:48:58',34,2,NULL),
 (9,3,0,1,'2014-09-18 19:20:57',0,1,NULL),
 (10,3,0,6,'2014-09-18 19:20:57',35,2,NULL),
 (11,3,1,2,'2014-09-18 19:20:57',35,2,NULL),
 (12,3,1,3,'2014-09-18 19:25:58',35,2,NULL),
 (37,3,0,1,'2014-09-19 15:37:49',0,1,NULL),
 (38,3,0,6,'2014-09-19 15:37:49',48,2,NULL),
 (39,3,0,6,'2014-09-19 15:37:49',49,3,NULL),
 (40,3,0,6,'2014-09-19 15:37:49',50,4,NULL),
 (41,3,4,2,'2014-09-19 15:37:49',50,4,NULL),
 (42,3,4,3,'2014-09-19 15:57:15',50,4,NULL),
 (43,5,0,1,'2014-09-23 18:02:59',0,1,NULL),
 (44,5,0,6,'2014-09-23 18:02:59',51,4,NULL),
 (45,5,4,2,'2014-09-23 18:02:59',51,4,NULL),
 (46,5,4,3,'2014-09-23 18:21:19',51,4,NULL),
 (48,6,0,1,'2014-10-02 20:43:14',0,1,NULL),
 (49,6,0,6,'2014-10-02 20:43:14',52,4,NULL),
 (50,6,4,2,'2014-10-02 20:43:14',52,4,NULL),
 (51,6,0,6,'2014-10-02 20:43:14',53,2,NULL),
 (52,6,1,2,'2014-10-02 20:43:14',53,2,NULL),
 (53,6,1,9,'2014-10-02 20:44:34',53,2,NULL),
 (54,6,4,9,'2014-10-02 20:48:29',52,4,NULL),
 (55,6,0,1,'2014-10-03 16:06:58',0,1,NULL),
 (56,6,0,6,'2014-10-03 16:06:58',54,4,NULL),
 (57,6,4,2,'2014-10-03 16:06:58',54,4,NULL),
 (58,6,0,6,'2014-10-03 16:06:58',55,2,NULL),
 (59,6,1,2,'2014-10-03 16:06:58',55,2,NULL),
 (60,6,1,3,'2014-10-03 16:11:20',55,2,NULL),
 (61,6,4,3,'2014-10-03 16:24:28',54,4,NULL),
 (63,7,0,1,'2014-10-23 20:49:55',0,1,NULL),
 (64,7,0,6,'2014-10-23 20:49:55',58,4,NULL),
 (65,7,4,2,'2014-10-23 20:49:55',58,4,NULL),
 (66,7,0,6,'2014-10-23 20:49:55',59,6,NULL),
 (68,7,6,2,'2014-10-23 21:03:06',59,6,NULL),
 (69,7,6,3,'2014-10-23 21:19:24',59,6,NULL),
 (70,7,4,9,'2014-10-24 13:08:45',58,4,NULL),
 (79,7,0,1,'2014-10-24 15:46:12',0,1,NULL),
 (80,7,0,6,'2014-10-24 15:46:12',62,4,NULL),
 (81,7,4,2,'2014-10-24 15:46:12',62,4,NULL),
 (82,7,0,6,'2014-10-24 15:49:23',63,4,2),
 (83,7,0,6,'2014-10-24 15:56:39',64,2,2),
 (85,7,1,4,'2014-10-24 15:56:50',64,2,NULL),
 (88,7,0,6,'2014-10-24 16:00:43',65,2,2),
 (89,7,1,4,'2014-10-24 16:00:43',65,2,0),
 (90,7,0,6,'2014-10-24 16:01:29',66,2,2),
 (91,7,1,4,'2014-10-24 16:01:29',66,2,0),
 (92,7,4,3,'2014-10-24 16:02:08',62,4,NULL),
 (93,7,0,6,'2014-10-24 18:09:05',67,2,1),
 (94,7,1,4,'2014-10-24 18:09:05',67,2,0),
 (95,7,0,6,'2014-10-24 18:12:18',68,2,1),
 (96,7,1,4,'2014-10-24 18:12:18',68,2,0),
 (97,7,0,6,'2014-10-24 18:26:26',69,2,1),
 (98,7,1,4,'2014-10-24 18:26:26',69,2,0),
 (99,7,0,6,'2014-10-24 18:29:29',70,2,1),
 (100,7,1,4,'2014-10-24 18:29:29',70,2,0),
 (101,7,0,6,'2014-10-24 18:33:03',71,2,1),
 (102,7,1,4,'2014-10-24 18:33:04',71,2,0),
 (103,7,0,6,'2014-10-24 18:33:56',72,2,1),
 (104,7,1,4,'2014-10-24 18:33:56',72,2,0),
 (105,7,0,6,'2014-10-24 18:42:52',73,2,1),
 (106,7,1,4,'2014-10-24 18:42:52',73,2,0),
 (107,7,0,6,'2014-10-24 18:44:40',74,2,1),
 (108,7,1,4,'2014-10-24 18:44:40',74,2,0),
 (109,7,0,6,'2014-10-24 18:46:09',75,2,1),
 (110,7,1,4,'2014-10-24 18:46:09',75,2,0),
 (111,7,0,6,'2014-10-24 18:47:44',76,2,1),
 (112,7,1,4,'2014-10-24 18:47:44',76,2,0),
 (113,7,0,6,'2014-10-24 19:07:10',77,2,1),
 (114,7,1,4,'2014-10-24 19:07:10',77,2,0),
 (115,7,0,6,'2014-10-24 19:09:34',78,2,1),
 (116,7,1,4,'2014-10-24 19:09:34',78,2,0),
 (117,7,0,6,'2014-10-24 19:11:41',79,2,1),
 (118,7,1,4,'2014-10-24 19:11:41',79,2,0),
 (119,7,0,6,'2014-10-24 19:14:52',80,2,1),
 (120,7,1,4,'2014-10-24 19:14:52',80,2,0),
 (121,7,0,6,'2014-10-24 19:18:23',81,2,1),
 (122,7,1,4,'2014-10-24 19:18:23',81,2,0),
 (123,7,0,6,'2014-10-24 19:19:06',82,2,1),
 (124,7,1,4,'2014-10-24 19:19:06',82,2,0),
 (125,7,0,6,'2014-10-24 19:22:34',83,2,1),
 (126,7,1,4,'2014-10-24 19:22:34',83,2,0),
 (127,7,1,5,'2014-10-24 19:22:40',83,2,0),
 (128,7,0,1,'2014-10-25 13:05:27',0,1,0),
 (129,7,0,1,'2014-10-25 14:00:12',0,1,0),
 (130,7,0,1,'2014-10-25 14:10:24',0,1,0),
 (131,7,0,1,'2014-10-25 14:40:16',0,1,0),
 (132,7,0,6,'2014-10-25 14:40:16',85,2,0),
 (133,7,0,1,'2014-10-25 14:41:39',0,1,0),
 (134,7,0,6,'2014-10-25 14:41:39',86,2,0),
 (137,7,1,2,'2014-10-25 14:54:14',86,2,0),
 (138,7,0,1,'2014-10-25 15:07:42',0,1,0),
 (139,7,0,6,'2014-10-25 15:07:42',87,2,0),
 (140,7,0,1,'2014-10-25 15:12:06',0,1,0),
 (141,7,0,6,'2014-10-25 15:12:06',88,2,0),
 (142,7,1,2,'2014-10-25 15:12:06',88,2,0),
 (143,7,0,1,'2014-10-25 15:24:09',0,1,0),
 (144,7,0,6,'2014-10-25 15:24:09',89,2,0),
 (147,7,1,2,'2014-10-25 15:24:56',89,2,0),
 (148,7,0,1,'2014-10-25 15:26:52',0,1,0),
 (149,7,0,6,'2014-10-25 15:26:52',90,2,0),
 (152,7,1,2,'2014-10-25 15:27:03',90,2,0),
 (153,7,0,1,'2014-10-25 15:30:39',0,1,0),
 (154,7,0,6,'2014-10-25 15:30:39',91,2,0),
 (155,7,1,2,'2014-10-25 15:30:39',91,2,0),
 (156,7,0,1,'2014-10-25 15:33:27',0,1,0),
 (157,7,0,6,'2014-10-25 15:33:27',92,2,0),
 (158,7,1,2,'2014-10-25 15:33:27',92,2,0),
 (159,7,0,1,'2014-10-25 15:34:39',0,1,0),
 (160,7,0,6,'2014-10-25 15:34:39',93,2,0),
 (161,7,1,2,'2014-10-25 15:34:39',93,2,0),
 (162,7,0,1,'2014-10-25 15:35:40',0,1,0),
 (163,7,0,6,'2014-10-25 15:35:40',94,2,0),
 (164,7,1,2,'2014-10-25 15:35:40',94,2,0),
 (165,7,0,1,'2014-10-25 15:37:13',0,1,0),
 (166,7,0,6,'2014-10-25 15:37:13',95,2,0),
 (167,7,0,1,'2014-10-25 15:37:41',0,1,0),
 (168,7,0,6,'2014-10-25 15:37:41',96,2,0),
 (169,7,1,2,'2014-10-25 15:37:41',96,2,0),
 (170,7,1,9,'2014-10-25 15:37:42',96,2,0),
 (171,6,0,1,'2014-10-25 15:38:21',0,1,0),
 (172,6,0,1,'2014-10-25 15:39:52',0,1,0),
 (173,6,0,1,'2014-10-25 15:40:28',0,1,0),
 (174,6,0,6,'2014-10-25 15:40:28',97,2,0),
 (175,6,1,2,'2014-10-25 15:40:28',97,2,0),
 (176,6,0,1,'2014-10-25 16:00:56',0,1,0),
 (177,6,0,6,'2014-10-25 16:00:56',98,2,0),
 (178,6,1,2,'2014-10-25 16:00:56',98,2,0),
 (179,6,1,3,'2014-10-25 16:02:39',98,2,0),
 (181,6,0,1,'2014-10-25 16:26:25',0,1,0),
 (182,6,0,6,'2014-10-25 16:26:25',99,2,0),
 (183,6,0,1,'2014-10-25 16:30:06',0,1,0),
 (184,6,0,6,'2014-10-25 16:30:06',100,2,0),
 (186,6,1,2,'2014-10-25 16:30:12',100,2,0),
 (187,6,1,3,'2014-10-25 16:31:52',100,2,0),
 (188,6,0,1,'2014-10-25 16:56:46',0,1,0),
 (189,6,0,6,'2014-10-25 16:56:46',101,2,0),
 (190,6,1,2,'2014-10-25 16:56:46',101,2,0),
 (191,6,1,3,'2014-10-25 16:58:26',101,2,0),
 (192,6,1,4,'2014-10-25 16:58:26',101,2,0),
 (193,6,1,5,'2014-10-25 17:08:00',101,2,0),
 (194,6,0,1,'2014-10-25 17:13:23',0,1,0),
 (195,6,0,6,'2014-10-25 17:13:23',102,2,0),
 (196,6,1,2,'2014-10-25 17:13:23',102,2,0),
 (197,6,1,3,'2014-10-25 17:15:03',102,2,0),
 (198,6,1,4,'2014-10-25 17:15:03',102,2,0),
 (199,6,1,5,'2014-10-25 17:15:08',102,2,0),
 (200,6,0,1,'2014-10-25 17:16:14',0,1,0),
 (201,6,0,6,'2014-10-25 17:16:14',103,2,0),
 (202,6,1,2,'2014-10-25 17:16:14',103,2,0),
 (203,6,1,3,'2014-10-25 17:17:54',103,2,0),
 (204,6,1,4,'2014-10-25 17:17:54',103,2,0),
 (205,6,1,5,'2014-10-25 17:17:59',103,2,0),
 (206,6,0,1,'2014-10-25 17:24:40',0,1,0),
 (207,6,0,6,'2014-10-25 17:24:40',104,2,0),
 (208,6,1,2,'2014-10-25 17:24:40',104,2,0),
 (209,6,1,3,'2014-10-25 17:24:41',104,2,0),
 (210,6,1,4,'2014-10-25 17:24:41',104,2,0),
 (211,6,1,5,'2014-10-25 17:24:46',104,2,0),
 (212,6,0,1,'2014-10-25 17:27:36',0,1,0),
 (213,6,0,6,'2014-10-25 17:27:36',105,2,0),
 (214,6,1,2,'2014-10-25 17:27:36',105,2,0),
 (215,6,1,3,'2014-10-25 17:27:37',105,2,0),
 (216,6,1,4,'2014-10-25 17:27:37',105,2,0),
 (217,6,1,5,'2014-10-25 17:27:43',105,2,0),
 (218,6,0,1,'2014-10-25 17:33:08',0,1,0),
 (219,6,0,6,'2014-10-25 17:33:08',106,2,0),
 (220,6,1,2,'2014-10-25 17:33:08',106,2,0),
 (221,6,1,3,'2014-10-25 17:33:08',106,2,0),
 (222,6,1,4,'2014-10-25 17:33:08',106,2,0),
 (223,6,1,5,'2014-10-25 17:33:14',106,2,0),
 (224,6,0,1,'2014-10-25 17:36:56',0,1,0),
 (225,6,0,6,'2014-10-25 17:36:56',107,2,0),
 (226,6,1,2,'2014-10-25 17:36:56',107,2,0),
 (227,6,0,1,'2014-10-25 17:37:50',0,1,0),
 (228,6,0,6,'2014-10-25 17:37:50',108,2,0),
 (229,6,0,1,'2014-10-25 17:42:11',0,1,0),
 (230,6,0,6,'2014-10-25 17:42:11',109,2,0),
 (231,6,1,2,'2014-10-25 17:42:11',109,2,0),
 (232,6,1,3,'2014-10-25 17:42:11',109,2,0),
 (233,6,1,4,'2014-10-25 17:42:12',109,2,0),
 (234,6,1,5,'2014-10-25 17:42:17',109,2,0),
 (235,6,0,1,'2014-10-25 17:43:53',0,1,0),
 (236,6,0,6,'2014-10-25 17:43:53',110,2,0),
 (237,6,1,2,'2014-10-25 17:43:53',110,2,0),
 (238,6,1,3,'2014-10-25 17:43:54',110,2,0),
 (239,6,1,4,'2014-10-25 17:43:54',110,2,0),
 (240,6,1,5,'2014-10-25 17:43:59',110,2,0),
 (241,6,0,1,'2014-10-25 17:44:28',0,1,0),
 (242,6,0,6,'2014-10-25 17:44:28',111,2,0),
 (243,6,1,2,'2014-10-25 17:44:28',111,2,0),
 (244,6,0,1,'2014-10-25 17:45:49',0,1,0),
 (245,6,0,6,'2014-10-25 17:45:49',112,2,0),
 (246,6,0,1,'2014-10-25 17:46:13',0,1,0),
 (247,6,0,6,'2014-10-25 17:46:13',113,2,0),
 (248,6,1,2,'2014-10-25 17:46:13',113,2,0),
 (249,6,0,1,'2014-10-25 17:47:15',0,1,0),
 (250,6,0,6,'2014-10-25 17:47:15',114,2,0),
 (251,6,1,2,'2014-10-25 17:47:15',114,2,0),
 (252,6,0,1,'2014-10-25 17:55:49',0,1,0),
 (253,6,0,6,'2014-10-25 17:55:49',115,2,0),
 (254,6,0,1,'2014-10-25 17:56:52',0,1,0),
 (255,6,0,6,'2014-10-25 17:56:52',116,2,0),
 (256,6,1,2,'2014-10-25 17:56:52',115,2,0),
 (257,6,1,3,'2014-10-25 17:58:21',115,2,0),
 (258,6,1,4,'2014-10-25 17:58:21',115,2,0),
 (259,6,1,5,'2014-10-25 17:58:27',115,2,0),
 (260,6,1,2,'2014-10-25 17:58:27',116,2,0),
 (261,6,1,3,'2014-10-25 17:58:28',116,2,0),
 (262,6,1,4,'2014-10-25 17:58:28',116,2,0),
 (263,6,1,5,'2014-10-25 17:58:33',116,2,0),
 (264,6,0,1,'2014-10-25 18:10:51',0,1,0),
 (265,6,0,6,'2014-10-25 18:10:51',117,2,0),
 (266,6,1,2,'2014-10-25 18:10:51',117,2,0),
 (267,6,1,3,'2014-10-25 18:12:41',117,2,0),
 (268,6,1,4,'2014-10-25 18:12:41',117,2,0),
 (269,6,1,5,'2014-10-25 18:12:46',117,2,0),
 (270,7,0,6,'2014-10-27 15:17:17',118,2,3),
 (271,7,1,4,'2014-10-27 15:17:17',118,2,0),
 (272,7,1,5,'2014-10-27 15:18:09',118,2,0),
 (273,7,0,6,'2014-10-27 15:20:02',119,2,3),
 (274,7,1,4,'2014-10-27 15:20:02',119,2,0),
 (275,7,1,5,'2014-10-27 15:20:54',119,2,0),
 (276,7,0,6,'2014-10-27 15:21:21',120,2,3),
 (277,7,1,4,'2014-10-27 15:21:21',120,2,0),
 (278,7,1,5,'2014-10-27 15:22:14',120,2,0),
 (279,7,0,6,'2014-10-27 15:25:18',121,2,3),
 (280,7,1,4,'2014-10-27 15:25:18',121,2,0),
 (281,7,1,5,'2014-10-27 15:27:02',121,2,0),
 (282,7,0,6,'2014-10-27 15:28:47',122,2,3),
 (283,7,1,4,'2014-10-27 15:28:47',122,2,0),
 (284,7,1,5,'2014-10-27 15:30:31',122,2,0),
 (285,7,0,6,'2014-10-27 15:37:50',123,2,3),
 (286,7,1,4,'2014-10-27 15:37:50',123,2,0),
 (287,7,1,5,'2014-10-27 15:39:34',123,2,0),
 (288,7,0,6,'2014-10-27 15:45:42',124,2,3),
 (289,7,1,4,'2014-10-27 15:45:42',124,2,0),
 (290,7,0,6,'2014-10-27 15:47:04',125,2,3),
 (291,7,1,4,'2014-10-27 15:47:04',125,2,0),
 (292,7,1,5,'2014-10-27 15:47:26',124,2,0),
 (293,7,0,6,'2014-10-27 15:49:51',126,2,3),
 (294,7,1,4,'2014-10-27 15:49:51',126,2,0),
 (295,7,0,6,'2014-10-27 15:52:30',127,2,3),
 (296,7,1,4,'2014-10-27 15:52:30',127,2,0),
 (297,7,1,5,'2014-10-27 15:53:45',127,2,0),
 (298,7,0,6,'2014-10-27 15:54:50',128,2,3),
 (299,7,1,4,'2014-10-27 15:54:50',128,2,0),
 (300,7,1,5,'2014-10-27 15:58:09',128,2,0),
 (301,7,1,5,'2014-10-27 15:58:21',126,2,0),
 (302,7,1,5,'2014-10-27 15:59:13',125,2,0),
 (303,7,0,6,'2014-10-27 16:02:38',129,2,3),
 (304,7,1,4,'2014-10-27 16:02:38',129,2,0),
 (305,7,0,6,'2014-10-27 16:02:49',130,2,3),
 (306,7,1,5,'2014-10-27 16:03:30',129,2,0),
 (307,7,1,4,'2014-10-27 16:03:30',130,2,0),
 (308,7,0,6,'2014-10-27 16:12:45',131,2,4),
 (309,7,1,4,'2014-10-27 16:12:45',131,2,0),
 (310,7,0,6,'2014-10-27 16:12:55',132,2,4),
 (311,7,0,6,'2014-10-27 16:13:07',133,2,4),
 (312,7,1,5,'2014-10-27 16:13:37',131,2,0),
 (313,7,1,4,'2014-10-27 16:13:37',132,2,0),
 (314,7,1,5,'2014-10-27 16:36:35',132,2,0),
 (315,7,1,4,'2014-10-27 16:36:35',133,2,0),
 (316,7,1,5,'2014-10-27 16:37:27',133,2,0),
 (317,6,0,1,'2014-10-27 19:17:38',0,1,0),
 (318,6,0,1,'2014-10-27 19:19:56',0,1,0),
 (319,6,0,6,'2014-10-27 19:19:56',136,2,0),
 (320,6,1,2,'2014-10-27 19:19:56',136,2,0),
 (321,6,0,1,'2014-10-27 19:22:48',0,1,0),
 (322,6,0,6,'2014-10-27 19:22:48',137,2,0),
 (323,6,1,2,'2014-10-27 19:22:48',137,2,0),
 (324,6,1,9,'2014-10-27 19:22:57',137,2,0),
 (325,6,0,1,'2014-10-27 19:23:46',0,1,0),
 (326,6,0,6,'2014-10-27 19:23:46',138,2,0),
 (327,6,1,2,'2014-10-27 19:23:46',138,2,0),
 (328,6,1,3,'2014-10-27 19:23:56',138,2,0),
 (329,7,0,6,'2014-10-27 20:47:56',139,4,2),
 (330,6,0,1,'2014-10-27 21:30:10',0,1,0),
 (331,6,0,6,'2014-10-27 21:30:10',140,4,0),
 (332,6,0,6,'2014-10-27 21:30:10',141,2,0),
 (333,6,4,2,'2014-10-27 21:30:10',140,4,0),
 (334,6,1,2,'2014-10-27 21:30:10',141,2,0),
 (335,6,1,3,'2014-10-27 21:30:13',141,2,0),
 (336,6,0,1,'2014-10-27 21:35:50',0,1,0),
 (337,6,0,6,'2014-10-27 21:35:50',142,4,0),
 (338,6,0,6,'2014-10-27 21:35:50',143,2,0),
 (339,6,0,1,'2014-10-27 21:36:40',0,1,0),
 (340,6,0,6,'2014-10-27 21:36:40',144,4,0),
 (341,6,0,6,'2014-10-27 21:36:40',145,2,0),
 (342,6,4,2,'2014-10-27 21:36:40',144,4,0),
 (343,6,1,2,'2014-10-27 21:36:40',145,2,0),
 (344,6,1,9,'2014-10-27 21:41:36',145,2,0),
 (345,6,4,9,'2014-10-27 21:56:07',144,4,0),
 (346,7,0,1,'2014-10-27 22:38:02',0,1,0),
 (347,7,0,6,'2014-10-27 22:38:02',146,4,0),
 (348,7,0,6,'2014-10-27 22:38:02',147,2,0),
 (349,7,4,2,'2014-10-27 22:38:02',146,4,0),
 (350,7,1,2,'2014-10-27 22:38:02',147,2,0),
 (351,7,1,9,'2014-10-27 22:43:09',147,2,0),
 (352,7,4,9,'2014-10-27 22:55:33',146,4,0),
 (353,6,0,1,'2014-10-28 00:59:04',0,1,0),
 (354,6,0,6,'2014-10-28 00:59:04',148,2,0),
 (355,6,1,2,'2014-10-28 00:59:04',148,2,0),
 (356,6,1,9,'2014-10-28 01:02:13',148,2,0),
 (357,6,0,1,'2014-10-28 01:05:20',0,1,0),
 (358,6,0,6,'2014-10-28 01:05:20',149,2,0),
 (359,6,1,2,'2014-10-28 01:05:20',149,2,0),
 (360,6,1,9,'2014-10-28 01:09:58',149,2,0),
 (361,6,0,1,'2014-10-28 01:21:58',0,1,0),
 (362,6,0,6,'2014-10-28 01:21:58',150,2,0),
 (363,6,1,2,'2014-10-28 01:21:58',150,2,0),
 (364,6,1,3,'2014-10-28 01:27:15',150,2,0),
 (365,6,1,4,'2014-10-28 01:27:15',150,2,0),
 (366,6,1,5,'2014-10-28 01:27:41',150,2,0),
 (367,6,0,1,'2014-10-28 01:31:23',0,1,0),
 (368,6,0,6,'2014-10-28 01:31:23',151,2,0),
 (369,6,1,2,'2014-10-28 01:31:23',151,2,0),
 (370,6,1,3,'2014-10-28 01:36:51',151,2,0),
 (371,6,1,4,'2014-10-28 01:36:51',151,2,0),
 (372,6,1,5,'2014-10-28 01:37:17',151,2,0),
 (373,6,0,1,'2014-10-28 04:18:18',0,1,0),
 (374,6,0,6,'2014-10-28 04:18:18',152,4,0),
 (375,6,0,6,'2014-10-28 04:18:18',153,2,0),
 (376,6,4,2,'2014-10-28 04:18:18',152,4,0),
 (377,6,1,2,'2014-10-28 04:18:18',153,2,0),
 (378,6,1,3,'2014-10-28 04:23:47',153,2,0),
 (379,6,1,4,'2014-10-28 04:23:47',153,2,0),
 (380,6,1,5,'2014-10-28 04:24:04',153,2,0),
 (381,6,4,9,'2014-10-28 04:39:29',152,4,0),
 (383,7,0,1,'2014-10-28 12:15:17',0,1,0),
 (384,7,0,6,'2014-10-28 12:15:17',154,4,0),
 (385,7,0,6,'2014-10-28 12:15:17',155,2,0),
 (386,7,1,2,'2014-10-28 12:15:17',155,2,0),
 (387,7,1,3,'2014-10-28 12:21:51',155,2,0),
 (388,7,1,4,'2014-10-28 12:21:51',155,2,0),
 (389,7,1,5,'2014-10-28 12:24:37',155,2,0),
 (390,7,0,6,'2014-10-28 12:32:00',156,4,3),
 (392,7,4,4,'2014-10-28 12:33:50',156,4,0),
 (393,7,0,6,'2014-10-28 12:34:55',157,4,1),
 (394,7,4,4,'2014-10-28 12:34:55',157,4,0),
 (395,7,4,5,'2014-10-28 12:35:00',157,4,0),
 (396,7,0,6,'2014-10-28 12:37:03',158,4,1),
 (397,7,4,4,'2014-10-28 12:37:03',158,4,0),
 (398,7,4,5,'2014-10-28 12:37:08',158,4,0),
 (399,6,0,1,'2014-10-28 12:44:51',0,1,0),
 (400,6,0,6,'2014-10-28 12:44:51',159,2,0),
 (401,6,1,2,'2014-10-28 12:44:51',159,2,0),
 (402,6,1,9,'2014-10-28 12:48:55',159,2,0),
 (403,7,0,1,'2014-10-28 13:02:53',0,1,0),
 (404,7,0,6,'2014-10-28 13:02:53',160,4,0),
 (405,7,0,6,'2014-10-28 13:02:53',161,2,0),
 (406,7,4,2,'2014-10-28 13:02:53',160,4,0),
 (407,7,1,2,'2014-10-28 13:02:53',161,2,0),
 (408,7,1,3,'2014-10-28 13:08:57',161,2,0),
 (409,7,1,4,'2014-10-28 13:08:57',161,2,0),
 (410,7,1,5,'2014-10-28 13:09:14',161,2,0),
 (411,7,0,6,'2014-10-28 13:16:17',162,4,3),
 (412,7,4,9,'2014-10-28 13:16:57',160,4,0),
 (413,7,4,4,'2014-10-28 13:16:57',162,4,0),
 (414,7,0,6,'2014-10-28 13:21:20',163,4,3),
 (415,7,4,5,'2014-10-28 13:25:29',162,4,0),
 (416,7,4,4,'2014-10-28 13:25:29',163,4,0),
 (417,7,4,5,'2014-10-28 13:25:29',163,4,0),
 (418,6,0,1,'2014-10-28 13:29:10',0,1,0),
 (419,6,0,6,'2014-10-28 13:29:10',164,4,0),
 (420,6,0,6,'2014-10-28 13:29:10',165,2,0),
 (421,6,4,2,'2014-10-28 13:29:10',164,4,0),
 (422,6,1,2,'2014-10-28 13:29:10',165,2,0),
 (423,6,1,3,'2014-10-28 13:34:38',165,2,0),
 (424,6,1,4,'2014-10-28 13:34:38',165,2,0),
 (425,6,1,5,'2014-10-28 13:34:56',165,2,0),
 (426,6,4,9,'2014-10-28 13:47:12',164,4,0),
 (427,7,0,1,'2014-10-28 14:10:48',0,1,0),
 (428,7,0,6,'2014-10-28 14:10:48',166,4,0),
 (429,7,0,6,'2014-10-28 14:10:48',167,2,0),
 (430,7,4,2,'2014-10-28 14:10:48',166,4,0),
 (431,7,1,2,'2014-10-28 14:10:48',167,2,0),
 (432,7,1,3,'2014-10-28 14:16:41',167,2,0),
 (433,7,1,4,'2014-10-28 14:16:41',167,2,0),
 (434,7,4,9,'2014-10-28 14:32:11',166,4,0),
 (435,7,1,5,'2014-10-28 14:35:54',167,2,0),
 (436,7,0,6,'2014-10-28 14:45:48',168,4,2),
 (437,7,4,4,'2014-10-28 14:45:48',168,4,0),
 (438,7,4,5,'2014-10-28 15:03:04',168,4,0),
 (439,7,0,1,'2014-10-28 15:22:54',0,1,0),
 (440,7,0,6,'2014-10-28 15:22:54',169,2,0),
 (441,7,1,2,'2014-10-28 15:22:54',169,2,0),
 (442,7,1,9,'2014-10-28 15:29:12',169,2,0),
 (443,7,0,1,'2014-10-28 15:32:19',0,1,0),
 (444,7,0,6,'2014-10-28 15:32:19',170,2,0),
 (445,7,1,2,'2014-10-28 15:32:19',170,2,0),
 (446,7,1,3,'2014-10-28 15:38:54',170,2,0),
 (447,7,1,4,'2014-10-28 15:38:54',170,2,0),
 (448,7,1,5,'2014-10-28 15:44:38',170,2,0),
 (449,7,0,1,'2014-10-28 15:48:57',0,1,0),
 (450,7,0,6,'2014-10-28 15:48:57',171,2,0),
 (451,7,1,2,'2014-10-28 15:48:57',171,2,0),
 (452,7,1,3,'2014-10-28 15:54:55',171,2,0),
 (453,7,1,4,'2014-10-28 15:54:55',171,2,0),
 (457,7,0,1,'2014-10-28 16:34:49',0,1,0),
 (458,7,0,6,'2014-10-28 16:34:49',172,3,0),
 (459,7,3,2,'2014-10-28 16:34:49',172,3,0),
 (460,7,1,5,'2014-10-28 17:29:14',171,2,0),
 (461,7,3,9,'2014-10-28 17:53:08',172,3,0),
 (462,7,0,1,'2014-10-28 18:56:43',0,1,0),
 (463,7,0,6,'2014-10-28 18:56:43',173,3,0),
 (464,7,3,2,'2014-10-28 18:56:43',173,3,0),
 (465,7,3,9,'2014-10-28 20:07:06',173,3,0),
 (466,7,0,1,'2014-10-28 20:21:07',0,1,0),
 (467,7,0,6,'2014-10-28 20:21:07',174,3,0),
 (468,7,3,2,'2014-10-28 20:21:07',174,3,0),
 (469,7,3,9,'2014-10-28 21:23:11',174,3,0),
 (470,8,0,1,'2014-11-04 16:51:51',0,1,0),
 (472,2,5,2,'2014-11-05 13:55:29',1,5,0),
 (474,8,0,1,'2014-11-06 18:36:50',0,1,0),
 (475,8,0,6,'2014-11-06 18:36:50',4,6,0),
 (477,8,6,2,'2014-11-06 18:37:46',4,6,0),
 (478,8,0,1,'2014-11-06 18:40:26',0,1,0),
 (479,8,0,6,'2014-11-06 18:40:26',5,6,0),
 (480,8,0,1,'2014-11-06 18:41:40',0,1,0),
 (481,8,0,6,'2014-11-06 18:41:40',6,6,0),
 (482,8,6,2,'2014-11-06 18:41:40',6,6,0),
 (485,1,0,1,'2014-11-11 18:01:10',0,1,0),
 (486,9,0,1,'2014-11-11 18:01:39',0,1,0),
 (488,7,0,1,'2014-11-11 18:04:57',0,1,0),
 (489,7,0,6,'2014-11-11 18:04:57',1,7,0),
 (490,7,7,2,'2014-11-11 18:04:57',1,7,0),
 (491,7,0,1,'2014-11-11 18:13:39',0,1,0),
 (492,7,0,6,'2014-11-11 18:13:39',2,7,0),
 (493,7,7,2,'2014-11-11 18:13:39',2,7,0),
 (494,7,0,1,'2014-11-11 18:16:10',0,1,0),
 (495,7,0,6,'2014-11-11 18:16:10',3,7,0),
 (496,7,7,2,'2014-11-11 18:16:10',3,7,0),
 (497,7,7,9,'2014-11-11 18:26:00',3,7,0),
 (501,10,0,1,'2014-11-13 18:48:34',0,1,0),
 (502,10,0,6,'2014-11-13 18:48:34',1,4,0),
 (503,10,4,2,'2014-11-13 18:48:34',1,4,0),
 (505,10,0,1,'2014-11-13 20:32:30',0,1,0),
 (506,10,0,6,'2014-11-13 20:32:30',2,2,0),
 (507,10,0,6,'2014-11-13 20:32:30',3,4,0),
 (508,10,0,1,'2014-11-13 20:38:03',0,1,0),
 (509,10,0,6,'2014-11-13 20:38:03',4,2,0),
 (510,10,0,6,'2014-11-13 20:38:03',5,4,0),
 (513,10,0,1,'2014-11-13 20:45:20',0,1,0),
 (514,10,0,6,'2014-11-13 20:45:20',6,2,0),
 (515,10,0,6,'2014-11-13 20:45:20',7,4,0),
 (517,10,1,2,'2014-11-13 20:45:32',6,2,0),
 (518,10,0,1,'2014-11-13 20:48:42',0,1,0),
 (519,10,0,6,'2014-11-13 20:48:42',8,2,0),
 (520,10,0,6,'2014-11-13 20:48:42',9,4,0),
 (521,10,1,2,'2014-11-13 20:48:42',8,2,0),
 (522,10,0,1,'2014-11-13 20:49:32',0,1,0),
 (523,10,0,6,'2014-11-13 20:49:32',10,2,0),
 (524,10,0,6,'2014-11-13 20:49:32',11,4,0),
 (525,10,1,2,'2014-11-13 20:49:32',10,2,0),
 (526,10,0,1,'2014-11-13 20:51:00',0,1,0),
 (527,10,0,6,'2014-11-13 20:51:00',12,2,0),
 (528,10,0,6,'2014-11-13 20:51:00',13,4,0),
 (529,10,1,2,'2014-11-13 20:51:00',12,2,0),
 (530,10,0,1,'2014-11-13 20:51:32',0,1,0),
 (531,10,0,6,'2014-11-13 20:51:32',14,2,0),
 (532,10,0,6,'2014-11-13 20:51:32',15,4,0),
 (533,10,1,2,'2014-11-13 20:51:32',14,2,0),
 (534,10,1,3,'2014-11-13 20:56:47',14,2,0),
 (536,10,0,1,'2014-11-14 12:50:31',0,1,0),
 (537,10,0,6,'2014-11-14 12:50:31',16,2,0),
 (538,10,0,6,'2014-11-14 12:50:31',17,4,0),
 (539,10,0,1,'2014-11-14 12:52:10',0,1,0),
 (540,10,0,6,'2014-11-14 12:52:10',18,2,0),
 (541,10,0,6,'2014-11-14 12:52:10',19,4,0),
 (543,10,1,2,'2014-11-14 12:54:53',18,2,0),
 (544,10,0,1,'2014-11-14 12:55:47',0,1,0),
 (545,10,0,6,'2014-11-14 12:55:47',20,2,0),
 (546,10,0,6,'2014-11-14 12:55:47',21,4,0),
 (547,10,1,2,'2014-11-14 12:55:47',20,2,0),
 (548,10,1,9,'2014-11-14 13:00:44',20,2,0),
 (550,10,4,2,'2014-11-14 13:44:35',21,4,0),
 (551,10,4,9,'2014-11-14 14:05:17',21,4,0),
 (553,10,0,1,'2014-11-14 17:04:22',0,1,0),
 (554,10,0,6,'2014-11-14 17:04:22',22,2,0),
 (555,10,0,6,'2014-11-14 17:04:22',23,4,0),
 (556,10,4,2,'2014-11-14 17:04:22',23,4,0),
 (557,10,4,9,'2014-11-14 17:20:51',23,4,0),
 (559,10,0,1,'2014-11-14 18:50:48',0,1,0),
 (560,10,0,6,'2014-11-14 18:50:48',24,2,0),
 (561,10,0,6,'2014-11-14 18:50:48',25,4,0),
 (563,10,1,2,'2014-11-14 18:51:24',24,2,0),
 (564,10,0,1,'2014-11-14 18:52:18',0,1,0),
 (565,10,0,6,'2014-11-14 18:52:18',26,2,0),
 (566,10,0,6,'2014-11-14 18:52:18',27,4,0),
 (567,10,1,2,'2014-11-14 18:52:18',26,2,0),
 (569,10,0,1,'2014-11-17 12:49:44',0,1,0),
 (570,10,0,6,'2014-11-17 12:49:44',28,4,0),
 (571,10,0,1,'2014-11-17 12:51:38',0,1,0),
 (572,10,0,6,'2014-11-17 12:51:38',29,3,0),
 (574,10,3,2,'2014-11-17 12:52:08',29,3,0),
 (575,10,0,1,'2014-11-17 12:53:21',0,1,0),
 (576,10,0,6,'2014-11-17 12:53:21',30,3,0),
 (577,10,3,2,'2014-11-17 12:53:21',30,3,0),
 (578,10,0,1,'2014-11-17 18:33:36',0,1,0),
 (579,10,0,6,'2014-11-17 18:33:36',31,3,0),
 (580,10,3,2,'2014-11-17 18:33:36',31,3,0),
 (581,10,3,9,'2014-11-17 20:07:30',31,3,0),
 (588,11,0,1,'2014-11-25 12:14:42',0,1,0),
 (589,11,0,6,'2014-11-25 12:14:42',1,2,0),
 (590,11,0,6,'2014-11-25 12:14:42',2,4,0),
 (591,11,1,2,'2014-11-25 12:14:42',1,2,0),
 (592,11,4,2,'2014-11-25 12:14:42',2,4,0),
 (593,11,0,1,'2014-11-25 12:20:06',0,1,0),
 (594,11,0,6,'2014-11-25 12:20:06',3,2,0),
 (595,11,0,6,'2014-11-25 12:20:06',4,4,0),
 (596,11,1,2,'2014-11-25 12:20:06',3,2,0),
 (597,11,4,2,'2014-11-25 12:20:06',4,4,0),
 (598,11,0,1,'2014-11-25 12:25:34',0,1,0),
 (599,11,0,6,'2014-11-25 12:25:34',5,2,0),
 (600,11,0,6,'2014-11-25 12:25:34',6,4,0),
 (601,11,1,2,'2014-11-25 12:25:34',5,2,0),
 (602,11,4,2,'2014-11-25 12:25:34',6,4,0),
 (604,11,0,1,'2014-11-25 13:19:17',0,1,0),
 (605,11,0,6,'2014-11-25 13:19:17',7,2,0),
 (606,11,0,6,'2014-11-25 13:19:17',8,4,0),
 (607,11,4,2,'2014-11-25 13:19:17',8,4,0),
 (608,11,0,1,'2014-11-25 14:22:03',0,1,0),
 (609,11,0,6,'2014-11-25 14:22:03',9,2,0),
 (610,11,0,6,'2014-11-25 14:22:03',10,4,0),
 (612,11,1,2,'2014-11-25 14:39:06',7,2,0),
 (613,11,1,9,'2014-11-25 14:52:32',7,2,0),
 (614,11,1,2,'2014-11-25 14:52:32',9,2,0),
 (615,11,1,9,'2014-11-25 14:57:29',9,2,0),
 (617,11,4,9,'2014-11-25 17:33:23',8,4,0),
 (623,12,0,1,'2014-12-01 16:15:10',0,1,0),
 (624,12,0,6,'2014-12-01 16:15:10',11,2,0),
 (626,12,1,2,'2014-12-01 16:22:16',11,2,0),
 (628,12,0,1,'2014-12-02 00:01:24',0,1,0),
 (629,12,0,6,'2014-12-02 00:01:24',12,2,0),
 (630,12,0,6,'2014-12-02 00:01:24',13,4,0),
 (631,12,0,1,'2014-12-02 00:06:28',0,1,0),
 (632,12,0,6,'2014-12-02 00:06:29',14,2,0),
 (633,12,0,6,'2014-12-02 00:06:29',15,4,0),
 (634,12,0,1,'2014-12-02 00:08:02',0,1,0),
 (635,12,0,6,'2014-12-02 00:08:02',16,2,0),
 (636,12,0,6,'2014-12-02 00:08:02',17,4,0),
 (639,12,0,1,'2014-12-02 00:13:05',0,1,0),
 (640,12,0,6,'2014-12-02 00:13:06',18,2,0),
 (641,12,0,6,'2014-12-02 00:13:06',19,4,0),
 (642,12,1,2,'2014-12-02 00:13:06',18,2,0),
 (643,12,4,2,'2014-12-02 00:13:06',19,4,0),
 (646,12,0,1,'2014-12-02 08:28:26',0,1,0),
 (647,12,0,6,'2014-12-02 08:28:26',20,2,0),
 (648,12,0,6,'2014-12-02 08:28:26',21,4,0),
 (650,12,1,2,'2014-12-02 08:29:54',20,2,0),
 (651,12,1,9,'2014-12-02 08:35:13',20,2,0),
 (653,12,0,1,'2014-12-02 09:30:04',0,1,0),
 (654,12,0,6,'2014-12-02 09:30:04',22,2,0),
 (655,12,0,6,'2014-12-02 09:30:04',23,4,0),
 (656,12,0,1,'2014-12-02 09:31:22',0,1,0),
 (657,12,0,6,'2014-12-02 09:31:22',24,2,0),
 (658,12,0,6,'2014-12-02 09:31:22',25,4,0),
 (659,12,0,1,'2014-12-02 09:31:58',0,1,0),
 (660,12,0,6,'2014-12-02 09:31:58',26,2,0),
 (661,12,0,6,'2014-12-02 09:31:58',27,4,0),
 (663,12,1,2,'2014-12-02 09:32:33',26,2,0),
 (665,12,1,9,'2014-12-02 09:37:50',26,2,0),
 (666,12,0,1,'2014-12-02 09:39:37',0,1,0),
 (667,12,0,6,'2014-12-02 09:39:37',28,2,0),
 (668,12,0,6,'2014-12-02 09:39:37',29,4,0),
 (670,12,1,2,'2014-12-02 09:39:48',28,2,0),
 (672,12,1,9,'2014-12-02 09:45:07',28,2,0),
 (673,12,0,1,'2014-12-02 09:46:29',0,1,0),
 (674,12,0,6,'2014-12-02 09:46:29',30,2,0),
 (675,12,0,6,'2014-12-02 09:46:29',31,4,0),
 (677,12,1,2,'2014-12-02 09:46:37',30,2,0),
 (679,12,1,9,'2014-12-02 09:51:50',30,2,0),
 (681,12,4,2,'2014-12-02 11:13:12',29,4,0),
 (683,12,0,1,'2014-12-02 11:58:56',0,1,0),
 (684,12,0,6,'2014-12-02 11:58:56',32,2,0),
 (685,12,0,6,'2014-12-02 11:58:56',33,4,0),
 (686,12,0,1,'2014-12-02 12:04:18',0,1,0),
 (687,12,0,6,'2014-12-02 12:04:18',34,2,0),
 (688,12,0,6,'2014-12-02 12:04:18',35,4,0),
 (689,12,0,1,'2014-12-02 12:05:36',0,1,0),
 (690,12,0,6,'2014-12-02 12:05:36',36,2,0),
 (691,12,0,6,'2014-12-02 12:05:36',37,4,0),
 (692,12,0,1,'2014-12-02 14:10:44',0,1,0),
 (693,12,0,6,'2014-12-02 14:10:44',38,2,0),
 (694,12,0,6,'2014-12-02 14:10:44',39,4,0),
 (696,12,1,2,'2014-12-02 14:16:19',38,2,0),
 (698,12,1,9,'2014-12-02 14:19:06',38,2,0),
 (699,12,0,1,'2014-12-02 14:20:30',0,1,0),
 (700,12,0,6,'2014-12-02 14:20:30',40,2,0),
 (701,12,0,6,'2014-12-02 14:20:30',41,4,0),
 (703,12,1,2,'2014-12-02 14:20:34',40,2,0),
 (705,12,1,3,'2014-12-02 14:22:34',40,2,0),
 (706,12,1,4,'2014-12-02 14:22:34',40,2,0),
 (707,12,1,5,'2014-12-02 14:23:05',40,2,0),
 (708,12,0,1,'2014-12-02 14:25:07',0,1,0),
 (709,12,0,6,'2014-12-02 14:25:07',42,2,0),
 (710,12,0,6,'2014-12-02 14:25:08',43,4,0),
 (712,12,1,2,'2014-12-02 14:25:36',42,2,0),
 (714,12,1,3,'2014-12-02 14:27:41',42,2,0),
 (715,12,1,4,'2014-12-02 14:27:41',42,2,0),
 (716,12,1,5,'2014-12-02 14:28:11',42,2,0),
 (717,12,0,1,'2014-12-02 14:49:57',0,1,0),
 (718,12,0,6,'2014-12-02 14:49:57',44,2,0),
 (719,12,0,6,'2014-12-02 14:49:57',45,4,0),
 (721,12,1,2,'2014-12-02 14:50:26',44,2,0),
 (722,12,1,3,'2014-12-02 14:52:51',44,2,0),
 (723,12,1,4,'2014-12-02 14:52:51',44,2,0),
 (724,12,1,5,'2014-12-02 14:53:21',44,2,0),
 (728,12,0,1,'2014-12-02 15:48:51',0,1,0),
 (729,12,0,6,'2014-12-02 15:48:51',46,2,0),
 (730,12,0,6,'2014-12-02 15:48:51',47,4,0),
 (732,12,1,2,'2014-12-02 15:49:39',46,2,0),
 (733,12,1,3,'2014-12-02 15:55:45',46,2,0),
 (734,12,1,4,'2014-12-02 15:55:45',46,2,0),
 (735,12,1,5,'2014-12-02 15:56:15',46,2,0),
 (742,12,0,1,'2014-12-02 23:05:34',0,1,0),
 (743,12,0,6,'2014-12-02 23:05:34',48,1,0),
 (745,12,2,4,'2014-12-02 23:09:20',48,1,0),
 (746,12,2,5,'2014-12-02 23:09:20',48,1,0),
 (748,12,0,1,'2014-12-02 23:28:57',0,1,0),
 (749,12,0,6,'2014-12-02 23:28:58',49,1,0),
 (751,12,2,4,'2014-12-02 23:29:25',49,1,0),
 (758,12,2,5,'2014-12-03 13:39:34',49,1,0),
 (759,12,0,6,'2014-12-03 13:51:13',51,4,3),
 (761,12,4,4,'2014-12-03 13:54:25',51,4,0),
 (763,12,0,6,'2014-12-03 13:56:14',52,4,1),
 (765,12,4,4,'2014-12-03 13:56:18',52,4,0),
 (766,12,4,5,'2014-12-03 13:56:48',52,4,0),
 (767,12,0,6,'2014-12-03 14:05:36',53,4,1),
 (768,12,4,4,'2014-12-03 14:05:36',53,4,0),
 (769,12,4,5,'2014-12-03 14:06:07',53,4,0),
 (770,12,0,6,'2014-12-05 14:30:11',54,4,3),
 (771,12,4,4,'2014-12-05 14:30:11',54,4,0),
 (772,12,4,5,'2014-12-05 14:30:41',54,4,0),
 (773,12,0,6,'2014-12-05 14:38:07',55,4,3),
 (774,12,4,4,'2014-12-05 14:38:07',55,4,0),
 (775,12,4,5,'2014-12-05 14:38:37',55,4,0),
 (776,12,0,6,'2014-12-05 14:39:23',56,4,3),
 (777,12,4,4,'2014-12-05 14:39:23',56,4,0),
 (778,12,4,5,'2014-12-05 14:39:53',56,4,0),
 (779,12,0,6,'2014-12-05 14:41:48',57,4,1),
 (780,12,4,4,'2014-12-05 14:41:48',57,4,0),
 (781,12,4,5,'2014-12-05 14:42:18',57,4,0),
 (782,12,0,1,'2014-12-05 14:56:05',0,1,0),
 (784,12,0,1,'2014-12-05 15:19:53',0,1,0),
 (785,12,0,1,'2014-12-05 15:22:06',0,1,0),
 (786,12,0,6,'2014-12-05 15:22:06',60,1,0),
 (787,12,0,6,'2014-12-05 15:22:06',61,3,0),
 (789,12,3,2,'2014-12-05 15:22:24',61,3,0),
 (790,12,0,6,'2014-12-05 15:33:17',62,4,2),
 (792,12,4,4,'2014-12-05 15:35:32',62,4,0),
 (793,12,4,5,'2014-12-05 15:36:02',62,4,0),
 (794,12,3,9,'2014-12-05 16:35:56',61,3,0),
 (797,12,0,1,'2014-12-08 02:26:54',0,1,0),
 (798,12,0,6,'2014-12-08 02:26:54',61,2,0),
 (800,12,1,2,'2014-12-08 02:27:43',61,2,0),
 (801,12,0,1,'2014-12-08 03:49:31',0,1,0),
 (802,12,0,6,'2014-12-08 03:49:31',1,2,0),
 (804,12,1,2,'2014-12-08 03:49:55',1,2,0),
 (805,12,1,3,'2014-12-08 03:56:32',1,2,0),
 (806,12,1,4,'2014-12-08 03:56:32',1,2,0),
 (807,12,1,5,'2014-12-08 04:03:37',1,2,0),
 (811,12,0,1,'2014-12-08 14:27:25',0,1,0),
 (812,12,0,6,'2014-12-08 14:27:25',1,2,0),
 (814,12,1,2,'2014-12-08 14:27:34',1,2,0),
 (816,12,1,3,'2014-12-08 14:34:09',1,2,0),
 (817,12,1,4,'2014-12-08 14:34:09',1,2,0),
 (818,12,1,5,'2014-12-08 14:34:09',1,2,0),
 (819,12,0,6,'2014-12-08 14:39:10',2,4,2),
 (821,12,4,4,'2014-12-08 14:39:46',2,4,0),
 (822,12,4,5,'2014-12-08 14:42:01',2,4,0),
 (823,12,0,6,'2014-12-08 14:53:24',3,4,1),
 (824,12,4,4,'2014-12-08 14:53:24',3,4,0),
 (825,12,4,5,'2014-12-08 14:55:44',3,4,0),
 (827,12,0,1,'2014-12-08 15:45:42',0,1,0),
 (828,12,0,6,'2014-12-08 15:45:42',1,2,0),
 (830,12,1,2,'2014-12-08 15:45:49',1,2,0),
 (832,12,1,9,'2014-12-08 15:52:20',1,2,0),
 (833,12,0,1,'2014-12-08 16:02:03',0,1,0),
 (834,12,0,6,'2014-12-08 16:02:03',2,2,0),
 (836,12,1,2,'2014-12-08 16:02:33',2,2,0),
 (838,12,1,3,'2014-12-08 16:09:02',2,2,0),
 (839,12,1,4,'2014-12-08 16:09:02',2,2,0),
 (840,12,1,5,'2014-12-08 16:09:03',2,2,0),
 (841,12,0,1,'2014-12-08 16:21:40',0,1,0),
 (842,12,0,6,'2014-12-08 16:21:40',1,2,0),
 (844,12,1,2,'2014-12-08 16:22:13',1,2,0),
 (846,12,1,9,'2014-12-08 16:28:43',1,2,0),
 (847,12,0,1,'2014-12-08 16:30:35',0,1,0),
 (848,12,0,6,'2014-12-08 16:30:35',1,2,0),
 (850,12,1,2,'2014-12-08 16:30:49',1,2,0),
 (852,12,1,3,'2014-12-08 16:37:19',1,2,0),
 (853,12,1,4,'2014-12-08 16:37:19',1,2,0),
 (854,12,1,5,'2014-12-08 16:37:50',1,2,0),
 (855,12,0,6,'2014-12-08 16:39:30',2,2,1),
 (857,12,1,4,'2014-12-08 16:39:46',2,2,0),
 (859,12,1,5,'2014-12-08 16:40:16',2,2,0),
 (860,12,0,6,'2014-12-08 23:21:14',1,3,3),
 (862,12,3,4,'2014-12-08 23:21:20',1,3,0),
 (863,12,3,5,'2014-12-08 23:21:20',1,3,0),
 (864,12,0,6,'2014-12-08 23:23:05',2,3,3),
 (865,12,3,4,'2014-12-08 23:23:05',2,3,0),
 (866,12,3,5,'2014-12-08 23:23:05',2,3,0),
 (868,12,0,6,'2014-12-08 23:27:12',3,3,3),
 (870,12,3,4,'2014-12-08 23:27:30',3,3,0),
 (871,12,3,5,'2014-12-08 23:27:32',3,3,0),
 (872,12,0,6,'2014-12-08 23:31:24',4,3,3),
 (873,12,3,4,'2014-12-08 23:31:24',4,3,0),
 (874,12,3,5,'2014-12-08 23:31:26',4,3,0),
 (875,12,0,6,'2014-12-08 23:38:19',5,3,3),
 (876,12,3,4,'2014-12-08 23:38:19',5,3,0),
 (877,12,3,5,'2014-12-08 23:38:20',5,3,0),
 (878,12,0,6,'2014-12-08 23:40:33',6,3,3),
 (879,12,3,4,'2014-12-08 23:40:33',6,3,0),
 (880,12,3,5,'2014-12-09 00:12:36',6,3,0),
 (881,12,0,6,'2014-12-09 00:14:56',7,3,3),
 (882,12,3,4,'2014-12-09 00:14:56',7,3,0),
 (883,12,3,5,'2014-12-09 00:31:34',7,3,0),
 (884,12,0,6,'2014-12-09 03:59:36',8,3,3),
 (885,12,3,4,'2014-12-09 03:59:36',8,3,0),
 (886,12,0,6,'2014-12-09 04:06:03',9,3,3),
 (887,12,3,4,'2014-12-09 04:06:03',9,3,0),
 (888,12,3,5,'2014-12-09 04:20:17',8,3,0),
 (889,12,3,5,'2014-12-09 04:29:59',9,3,0),
 (890,12,0,6,'2014-12-09 18:41:48',10,4,3),
 (892,12,4,4,'2014-12-09 18:43:19',10,4,0),
 (893,12,4,5,'2014-12-09 18:43:50',10,4,0),
 (894,12,0,6,'2014-12-09 18:47:28',11,4,1),
 (895,12,4,4,'2014-12-09 18:47:28',11,4,0),
 (896,12,0,6,'2014-12-09 18:48:56',12,4,1),
 (897,12,4,4,'2014-12-09 18:48:56',12,4,0),
 (898,12,0,6,'2014-12-09 18:49:38',13,4,1),
 (899,12,4,4,'2014-12-09 18:49:38',13,4,0),
 (900,12,4,5,'2014-12-09 18:50:09',13,4,0),
 (901,12,0,6,'2014-12-09 18:52:15',14,4,1),
 (902,12,4,4,'2014-12-09 18:52:15',14,4,0),
 (903,12,4,5,'2014-12-09 18:52:45',14,4,0),
 (904,12,0,6,'2014-12-09 18:53:54',15,4,1),
 (905,12,4,4,'2014-12-09 18:53:54',15,4,0),
 (906,12,4,5,'2014-12-09 18:54:24',15,4,0),
 (907,12,0,6,'2014-12-09 19:12:31',16,4,1),
 (908,12,4,4,'2014-12-09 19:12:31',16,4,0),
 (909,12,4,5,'2014-12-09 19:13:02',16,4,0),
 (910,12,0,6,'2014-12-09 19:18:20',17,4,1),
 (911,12,4,4,'2014-12-09 19:18:20',17,4,0),
 (912,12,4,5,'2014-12-09 19:18:50',17,4,0),
 (913,12,0,6,'2014-12-09 19:21:40',18,4,1),
 (914,12,4,4,'2014-12-09 19:21:40',18,4,0),
 (915,12,0,6,'2014-12-09 19:23:00',19,4,1),
 (916,12,0,6,'2014-12-09 19:24:45',20,4,1),
 (917,12,4,4,'2014-12-09 19:24:45',20,4,0),
 (918,12,0,6,'2014-12-09 19:27:44',21,4,1),
 (919,12,4,4,'2014-12-09 19:27:44',21,4,0),
 (920,12,4,5,'2014-12-09 19:28:01',21,4,0),
 (921,12,0,6,'2014-12-09 19:29:36',22,4,1),
 (922,12,4,4,'2014-12-09 19:29:36',22,4,0),
 (923,12,4,5,'2014-12-09 19:30:06',22,4,0),
 (924,12,0,6,'2014-12-09 19:31:21',23,4,1),
 (925,12,4,4,'2014-12-09 19:31:21',23,4,0),
 (926,12,4,5,'2014-12-09 19:31:52',23,4,0),
 (927,12,0,6,'2014-12-09 19:32:45',24,4,1),
 (928,12,4,4,'2014-12-09 19:32:46',24,4,0),
 (929,12,0,6,'2014-12-09 19:34:40',25,4,1),
 (930,12,0,6,'2014-12-09 19:35:05',26,4,1),
 (931,12,4,4,'2014-12-09 19:35:05',26,4,0),
 (932,12,4,5,'2014-12-09 19:35:35',26,4,0),
 (933,12,0,6,'2014-12-09 19:36:14',27,4,1),
 (934,12,4,4,'2014-12-09 19:36:14',27,4,0),
 (935,12,4,5,'2014-12-09 19:36:44',27,4,0),
 (936,12,0,6,'2014-12-09 19:54:33',28,4,1),
 (937,12,4,4,'2014-12-09 19:54:33',28,4,0),
 (938,12,4,5,'2014-12-09 19:55:03',28,4,0),
 (939,12,0,6,'2014-12-09 19:55:28',29,4,1),
 (940,12,4,4,'2014-12-09 19:55:28',29,4,0),
 (941,12,4,5,'2014-12-09 19:55:59',29,4,0),
 (945,12,0,6,'2014-12-09 22:37:23',33,2,99),
 (947,12,1,2,'2014-12-09 22:37:46',33,2,0),
 (948,12,0,1,'2014-12-09 22:42:30',0,1,0),
 (949,12,0,6,'2014-12-09 22:42:30',34,2,0),
 (950,12,0,6,'2014-12-09 22:42:30',35,3,0),
 (951,12,3,2,'2014-12-09 22:42:30',35,3,0),
 (952,12,1,9,'2014-12-09 22:44:21',33,2,0),
 (953,12,1,2,'2014-12-09 22:44:21',34,2,0),
 (957,12,0,6,'2014-12-09 22:53:51',36,2,99),
 (958,12,0,6,'2014-12-09 22:56:57',37,2,99),
 (959,12,0,1,'2014-12-09 22:57:17',0,1,0),
 (960,12,0,6,'2014-12-09 22:57:17',38,2,0),
 (961,12,0,6,'2014-12-09 22:57:17',39,3,0),
 (964,12,0,1,'2014-12-10 18:06:02',0,1,0),
 (965,12,0,6,'2014-12-10 18:06:02',40,1,0),
 (967,12,2,4,'2014-12-10 18:06:29',40,1,0),
 (968,12,2,5,'2014-12-10 18:06:29',40,1,0),
 (971,12,0,1,'2014-12-10 18:08:22',0,1,0),
 (972,12,0,6,'2014-12-10 18:08:22',41,1,0),
 (973,12,2,2,'2014-12-10 18:08:22',41,1,0),
 (974,12,0,1,'2014-12-10 18:10:17',0,1,0),
 (975,12,0,6,'2014-12-10 18:10:17',42,1,0),
 (978,12,2,4,'2014-12-10 18:10:42',42,1,0),
 (979,12,2,5,'2014-12-10 18:10:42',42,1,0),
 (981,12,0,1,'2014-12-10 18:12:42',0,1,0),
 (982,12,0,6,'2014-12-10 18:12:42',43,1,0),
 (984,12,2,4,'2014-12-10 18:13:02',43,1,0),
 (985,12,2,5,'2014-12-10 18:13:02',43,1,0),
 (987,12,0,1,'2014-12-10 18:14:11',0,1,0),
 (988,12,0,6,'2014-12-10 18:14:11',44,1,0),
 (990,12,2,4,'2014-12-10 18:14:17',44,1,0),
 (991,12,2,5,'2014-12-10 18:15:31',44,1,0),
 (992,12,0,1,'2014-12-10 18:23:05',0,1,0),
 (993,12,0,6,'2014-12-10 18:23:05',45,1,0),
 (994,12,2,4,'2014-12-10 18:23:05',45,1,0),
 (995,12,2,5,'2014-12-10 18:27:06',45,1,0),
 (996,12,0,1,'2014-12-10 18:28:55',0,1,0),
 (997,12,0,6,'2014-12-10 18:28:55',46,1,0),
 (998,12,2,4,'2014-12-10 18:28:55',46,1,0),
 (999,12,2,5,'2014-12-10 18:29:26',46,1,0),
 (1000,12,0,1,'2014-12-10 18:38:24',0,1,0),
 (1001,12,0,6,'2014-12-10 18:38:24',47,1,0),
 (1002,12,2,4,'2014-12-10 18:38:24',47,1,0),
 (1003,12,2,5,'2014-12-10 18:38:57',47,1,0),
 (1004,12,0,1,'2014-12-10 19:07:01',0,1,0),
 (1005,12,0,6,'2014-12-10 19:07:01',48,1,0),
 (1006,12,2,4,'2014-12-10 19:07:01',48,1,0),
 (1007,12,2,5,'2014-12-10 19:07:32',48,1,0),
 (1008,12,0,1,'2014-12-10 19:11:00',0,1,0),
 (1009,12,0,6,'2014-12-10 19:11:00',49,1,0),
 (1010,12,2,4,'2014-12-10 19:11:00',49,1,0),
 (1011,12,2,5,'2014-12-10 19:11:32',49,1,0),
 (1012,12,0,1,'2014-12-10 19:13:00',0,1,0),
 (1013,12,0,6,'2014-12-10 19:13:00',50,1,0),
 (1014,12,2,4,'2014-12-10 19:13:00',50,1,0),
 (1015,12,2,5,'2014-12-10 19:13:33',50,1,0),
 (1017,12,0,1,'2014-12-10 19:27:13',0,1,0),
 (1018,12,0,6,'2014-12-10 19:27:13',51,1,0),
 (1020,12,2,4,'2014-12-10 19:31:37',51,1,0),
 (1021,12,2,5,'2014-12-10 19:32:08',51,1,0),
 (1022,12,0,1,'2014-12-10 19:41:00',0,1,0),
 (1023,12,0,6,'2014-12-10 19:41:00',52,1,0),
 (1024,12,2,4,'2014-12-10 19:41:00',52,1,0),
 (1025,12,2,5,'2014-12-10 19:41:33',52,1,0),
 (1028,12,0,1,'2014-12-10 20:17:54',0,1,0),
 (1029,12,0,6,'2014-12-10 20:17:54',53,1,0),
 (1030,12,2,4,'2014-12-10 20:17:54',53,1,0),
 (1031,12,2,5,'2014-12-10 20:18:29',53,1,0),
 (1032,12,0,1,'2014-12-10 20:28:50',0,1,0),
 (1033,12,0,6,'2014-12-10 20:28:50',54,1,0),
 (1034,12,2,4,'2014-12-10 20:28:50',54,1,0),
 (1035,12,2,5,'2014-12-10 20:29:29',54,1,0),
 (1039,12,0,6,'2014-12-12 17:19:02',56,1,1),
 (1040,12,2,4,'2014-12-12 17:19:02',56,1,0),
 (1041,12,2,5,'2014-12-12 17:19:02',56,1,0),
 (1042,12,0,6,'2014-12-12 17:20:38',57,1,1),
 (1043,12,2,4,'2014-12-12 17:20:38',57,1,0),
 (1044,12,2,5,'2014-12-12 17:21:12',57,1,0),
 (1045,12,0,1,'2014-12-12 17:32:36',0,1,0),
 (1046,12,0,6,'2014-12-12 17:32:36',58,1,0),
 (1047,12,2,4,'2014-12-12 17:32:36',58,1,0),
 (1048,12,2,5,'2014-12-12 17:36:38',58,1,0),
 (1049,12,0,6,'2014-12-12 17:47:01',59,1,1),
 (1050,12,2,4,'2014-12-12 17:47:01',59,1,0),
 (1051,12,2,5,'2014-12-12 17:54:33',59,1,0),
 (1053,1,0,6,'2014-12-12 22:43:10',60,2,1),
 (1054,1,0,6,'2014-12-12 23:03:33',61,2,1),
 (1055,11,0,6,'2014-12-12 23:53:44',62,2,1),
 (1056,11,0,6,'2014-12-12 23:53:46',63,2,1),
 (1057,11,0,6,'2014-12-12 23:53:47',64,2,1),
 (1058,8,0,6,'2014-12-12 23:54:57',65,2,1),
 (1059,8,0,6,'2014-12-13 00:00:58',66,2,1),
 (1060,11,0,6,'2014-12-13 00:00:58',67,2,1),
 (1105,11,0,6,'2014-12-13 16:08:46',76,2,1),
 (1106,11,0,6,'2014-12-13 17:06:14',77,4,1),
 (1107,11,0,6,'2014-12-13 19:03:51',78,4,1),
 (1108,8,0,6,'2014-12-13 19:10:27',79,2,2),
 (1109,12,0,1,'2014-12-14 03:59:55',0,1,0),
 (1110,12,0,6,'2014-12-14 03:59:55',80,4,0),
 (1111,12,0,6,'2014-12-14 03:59:55',81,1,0),
 (1112,12,0,6,'2014-12-14 03:59:55',82,3,0),
 (1114,12,2,4,'2014-12-14 04:02:39',81,1,0),
 (1117,12,2,5,'2014-12-14 04:07:17',81,1,0),
 (1119,12,0,1,'2014-12-14 04:16:41',0,1,0),
 (1120,12,0,6,'2014-12-14 04:16:41',83,4,0),
 (1121,12,0,6,'2014-12-14 04:16:41',84,1,0),
 (1122,12,0,6,'2014-12-14 04:16:41',85,3,0),
 (1124,12,2,4,'2014-12-14 04:44:34',84,1,0),
 (1125,12,2,5,'2014-12-14 04:52:07',84,1,0),
 (1127,3,0,6,'2014-12-14 16:29:22',86,2,1),
 (1128,12,0,1,'2014-12-14 16:36:28',0,1,0),
 (1129,12,0,1,'2014-12-14 16:53:33',0,1,0),
 (1130,12,0,1,'2014-12-14 17:09:47',0,1,0),
 (1131,12,0,1,'2014-12-14 17:10:33',0,1,0),
 (1132,12,0,1,'2014-12-14 17:24:02',0,1,0),
 (1133,12,0,1,'2014-12-14 17:26:33',0,1,0),
 (1134,12,0,1,'2014-12-14 17:33:26',0,1,0),
 (1135,12,0,1,'2014-12-14 17:34:46',0,1,0),
 (1136,12,0,1,'2014-12-14 17:43:24',0,1,0),
 (1137,12,0,6,'2014-12-14 17:43:24',87,4,0),
 (1138,12,0,6,'2014-12-14 17:43:24',88,1,0),
 (1139,12,0,6,'2014-12-14 17:43:24',89,3,0),
 (1140,12,0,6,'2014-12-14 17:43:24',90,2,0),
 (1141,12,0,1,'2014-12-14 17:46:28',0,1,0),
 (1142,12,0,6,'2014-12-14 17:46:28',91,4,0),
 (1143,12,0,6,'2014-12-14 17:46:28',92,1,0),
 (1144,12,0,6,'2014-12-14 17:46:28',93,3,0),
 (1145,12,0,6,'2014-12-14 17:46:28',94,2,0),
 (1146,12,0,1,'2014-12-14 17:47:36',0,1,0),
 (1147,12,0,6,'2014-12-14 17:47:36',95,2,0),
 (1148,12,0,1,'2014-12-14 17:50:01',0,1,0),
 (1149,12,0,6,'2014-12-14 17:50:01',96,4,0),
 (1150,12,0,6,'2014-12-14 17:50:01',97,2,0),
 (1151,12,0,1,'2014-12-14 17:52:47',0,1,0),
 (1152,12,0,6,'2014-12-14 17:52:47',98,4,0),
 (1153,12,0,6,'2014-12-14 17:52:47',99,2,0),
 (1154,1,0,6,'2014-12-14 17:55:23',100,2,1),
 (1155,12,0,1,'2014-12-14 17:58:06',0,1,0),
 (1156,12,0,6,'2014-12-14 17:58:06',101,4,0),
 (1157,12,0,6,'2014-12-14 17:58:06',102,2,0),
 (1158,2,0,6,'2014-12-14 17:59:07',103,2,1),
 (1159,12,0,1,'2014-12-14 18:02:18',0,1,0),
 (1160,12,0,6,'2014-12-14 18:02:18',104,4,0),
 (1161,12,0,6,'2014-12-14 18:02:18',105,2,0),
 (1162,12,0,1,'2014-12-14 19:50:03',0,1,0),
 (1163,12,0,6,'2014-12-14 19:50:03',106,2,0),
 (1165,12,0,6,'2014-12-14 19:51:44',107,4,1),
 (1166,12,4,4,'2014-12-14 19:51:44',107,4,0),
 (1167,12,0,6,'2014-12-14 20:01:08',108,4,1),
 (1168,12,4,4,'2014-12-14 20:01:08',108,4,0),
 (1169,12,4,5,'2014-12-14 20:01:38',108,4,0),
 (1170,12,0,6,'2014-12-14 20:13:35',109,4,1),
 (1171,12,4,4,'2014-12-14 20:13:35',109,4,0),
 (1172,12,4,5,'2014-12-14 20:14:35',109,4,0),
 (1173,12,0,6,'2014-12-14 20:16:09',110,4,1),
 (1174,12,4,4,'2014-12-14 20:16:09',110,4,0),
 (1175,12,4,5,'2014-12-14 20:17:09',110,4,0),
 (1179,12,0,6,'2014-12-14 20:22:41',112,4,1),
 (1180,12,4,4,'2014-12-14 20:22:41',112,4,0),
 (1181,12,4,5,'2014-12-14 20:23:41',112,4,0),
 (1182,12,0,6,'2014-12-14 20:25:32',113,4,1),
 (1183,12,4,4,'2014-12-14 20:25:32',113,4,0),
 (1184,12,4,5,'2014-12-14 20:26:32',113,4,0),
 (1185,12,0,6,'2014-12-14 20:28:07',114,4,1),
 (1186,12,4,4,'2014-12-14 20:28:07',114,4,0),
 (1187,12,4,5,'2014-12-14 20:29:07',114,4,0),
 (1188,12,0,6,'2014-12-14 20:29:49',115,4,1),
 (1189,12,4,4,'2014-12-14 20:29:49',115,4,0),
 (1190,12,4,5,'2014-12-14 20:39:50',115,4,0),
 (1192,12,0,6,'2014-12-14 21:08:39',116,4,2),
 (1196,12,4,4,'2014-12-14 21:08:54',116,4,0),
 (1197,12,4,5,'2014-12-14 21:08:55',116,4,0),
 (1200,12,0,6,'2014-12-14 21:33:39',117,2,2),
 (1201,12,1,4,'2014-12-14 21:33:39',117,2,0),
 (1202,12,1,5,'2014-12-14 21:35:00',117,2,0),
 (1203,12,0,6,'2014-12-14 21:37:11',118,2,2),
 (1204,12,1,4,'2014-12-14 21:37:11',118,2,0),
 (1205,12,1,5,'2014-12-14 21:37:11',118,2,0),
 (1207,12,0,6,'2014-12-14 22:13:29',119,4,2),
 (1208,12,0,6,'2014-12-14 22:13:42',120,4,2),
 (1209,12,0,6,'2014-12-14 22:13:46',121,4,2),
 (1210,12,0,6,'2014-12-14 22:13:46',122,4,2),
 (1211,12,0,6,'2014-12-14 22:13:47',123,4,2),
 (1212,12,0,6,'2014-12-14 22:13:47',124,4,2),
 (1214,12,4,4,'2014-12-14 22:14:09',119,4,0),
 (1215,12,4,5,'2014-12-14 22:14:10',119,4,0),
 (1218,12,0,6,'2014-12-14 22:17:58',125,4,2),
 (1219,12,4,4,'2014-12-14 22:17:58',125,4,0),
 (1220,12,4,5,'2014-12-14 22:17:59',125,4,0),
 (1221,12,0,6,'2014-12-14 22:18:41',126,4,2),
 (1222,12,4,4,'2014-12-14 22:18:41',126,4,0),
 (1223,12,4,5,'2014-12-14 22:18:41',126,4,0),
 (1224,12,0,6,'2014-12-14 22:20:01',127,4,2),
 (1225,12,4,4,'2014-12-14 22:20:01',127,4,0),
 (1226,12,4,5,'2014-12-14 22:20:02',127,4,0),
 (1227,12,0,6,'2014-12-14 22:22:38',128,4,2),
 (1228,12,4,4,'2014-12-14 22:22:38',128,4,0),
 (1229,12,4,5,'2014-12-14 22:22:39',128,4,0),
 (1230,12,0,6,'2014-12-14 22:24:18',129,4,2),
 (1231,12,4,4,'2014-12-14 22:24:18',129,4,0),
 (1232,12,4,5,'2014-12-14 22:25:30',129,4,0),
 (1233,12,0,6,'2014-12-14 22:26:07',130,4,2),
 (1234,12,4,4,'2014-12-14 22:26:07',130,4,0),
 (1235,12,4,5,'2014-12-14 22:26:08',130,4,0),
 (1236,12,0,6,'2014-12-14 22:33:01',131,4,2),
 (1237,12,4,4,'2014-12-14 22:33:01',131,4,0),
 (1238,12,4,5,'2014-12-14 22:33:02',131,4,0),
 (1239,12,0,6,'2014-12-14 22:36:38',132,4,2),
 (1240,12,4,4,'2014-12-14 22:36:38',132,4,0),
 (1241,12,4,5,'2014-12-14 22:36:38',132,4,0),
 (1242,12,0,6,'2014-12-14 22:38:09',133,4,2),
 (1243,12,4,4,'2014-12-14 22:38:09',133,4,0),
 (1244,12,4,5,'2014-12-14 22:38:11',133,4,0),
 (1245,12,0,6,'2014-12-14 22:41:01',134,4,2),
 (1246,12,4,4,'2014-12-14 22:41:01',134,4,0),
 (1247,12,4,5,'2014-12-14 22:41:03',134,4,0),
 (1248,12,0,6,'2014-12-14 23:42:59',135,1,1),
 (1251,12,2,4,'2014-12-14 23:44:51',135,1,0),
 (1252,12,2,5,'2014-12-14 23:45:29',135,1,0),
 (1253,12,0,6,'2014-12-14 23:49:26',136,1,1),
 (1254,12,2,4,'2014-12-14 23:49:26',136,1,0),
 (1255,12,2,5,'2014-12-14 23:49:59',136,1,0),
 (1256,12,0,6,'2014-12-14 23:50:52',137,1,1),
 (1257,12,2,4,'2014-12-14 23:50:52',137,1,0),
 (1258,12,2,5,'2014-12-14 23:50:52',137,1,0),
 (1259,12,0,6,'2014-12-14 23:53:42',138,1,1),
 (1260,12,2,4,'2014-12-14 23:53:42',138,1,0),
 (1261,12,0,6,'2014-12-14 23:59:54',139,1,1),
 (1262,12,2,4,'2014-12-14 23:59:54',139,1,0),
 (1263,12,2,5,'2014-12-15 00:00:29',139,1,0),
 (1264,12,0,6,'2014-12-15 00:15:47',140,1,1),
 (1265,12,2,4,'2014-12-15 00:15:47',140,1,0),
 (1266,12,2,5,'2014-12-15 00:16:19',140,1,0),
 (1267,12,0,6,'2014-12-15 00:17:06',141,1,1),
 (1268,12,2,4,'2014-12-15 00:17:06',141,1,0),
 (1269,12,2,5,'2014-12-15 00:17:39',141,1,0),
 (1270,12,0,6,'2014-12-15 00:20:06',142,1,1),
 (1271,12,2,4,'2014-12-15 00:20:06',142,1,0),
 (1272,12,2,5,'2014-12-15 00:20:40',142,1,0),
 (1274,1,0,10,'2014-12-15 01:31:20',0,2,1),
 (1275,1,0,6,'2014-12-15 01:31:20',143,2,1),
 (1276,12,0,10,'2014-12-15 01:33:14',0,2,1),
 (1277,12,0,6,'2014-12-15 01:33:14',144,2,1),
 (1281,12,0,1,'2014-12-15 05:00:55',0,1,0),
 (1282,12,0,6,'2014-12-15 05:00:55',145,2,0),
 (1283,12,0,6,'2014-12-15 05:00:55',146,1,0),
 (1284,12,0,6,'2014-12-15 05:00:55',147,2,0),
 (1285,12,2,4,'2014-12-15 05:00:55',146,1,0),
 (1575,37,0,6,'2014-12-17 18:05:26',221,7,6),
 (1576,37,7,4,'2014-12-17 18:05:26',221,7,0),
 (1577,37,7,5,'2014-12-17 18:08:37',221,7,0),
 (1578,12,0,10,'2014-12-17 18:11:30',0,7,6),
 (1579,12,0,6,'2014-12-17 18:11:30',222,7,6),
 (1580,12,7,2,'2014-12-17 18:11:31',222,7,0),
 (1582,37,1,5,'2014-12-17 18:14:45',195,1,0),
 (1583,12,0,10,'2014-12-17 18:16:17',0,7,6),
 (1584,12,0,6,'2014-12-17 18:16:17',223,7,6),
 (1585,12,7,2,'2014-12-17 18:16:17',223,7,0),
 (1586,12,0,10,'2014-12-17 18:17:10',0,7,6),
 (1587,12,0,6,'2014-12-17 18:17:10',224,7,6),
 (1588,12,7,2,'2014-12-17 18:17:10',224,7,0),
 (1589,12,7,3,'2014-12-17 18:23:42',224,7,0),
 (1590,0,3,7,'2014-12-17 18:37:01',0,3,0),
 (1591,0,2,7,'2014-12-17 18:37:02',0,1,0),
 (1592,0,7,7,'2014-12-17 18:37:03',0,7,0),
 (1593,37,0,1,'2014-12-17 18:37:07',0,1,0),
 (1594,37,0,6,'2014-12-17 18:37:07',225,4,0),
 (1595,37,0,6,'2014-12-17 18:37:07',226,7,0),
 (1596,0,4,8,'2014-12-17 18:37:24',0,4,0),
 (1597,37,4,2,'2014-12-17 18:37:24',225,4,0),
 (1598,0,7,8,'2014-12-17 18:37:25',0,7,0),
 (1599,37,7,2,'2014-12-17 18:37:25',226,7,0),
 (1600,37,7,3,'2014-12-17 18:45:41',226,7,0),
 (1601,37,7,4,'2014-12-17 18:45:41',226,7,0),
 (1602,37,7,5,'2014-12-17 18:46:25',226,7,0),
 (1603,37,4,3,'2014-12-17 18:46:36',225,4,0),
 (1604,37,4,4,'2014-12-17 18:46:36',225,4,0),
 (1605,37,4,5,'2014-12-17 18:47:06',225,4,0),
 (1606,12,0,10,'2014-12-17 18:49:34',0,7,1),
 (1607,12,0,6,'2014-12-17 18:49:34',227,7,1),
 (1608,12,7,2,'2014-12-17 18:49:34',227,7,0),
 (1609,12,0,10,'2014-12-17 18:49:55',0,4,1),
 (1610,12,0,6,'2014-12-17 18:49:55',228,4,1),
 (1611,12,4,2,'2014-12-17 18:49:55',228,4,0),
 (1612,12,7,3,'2014-12-17 18:56:03',227,7,0),
 (1613,12,4,3,'2014-12-17 18:57:54',228,4,0),
 (1615,12,0,6,'2014-12-17 19:08:12',229,3,8),
 (1616,0,3,8,'2014-12-17 19:17:32',0,3,0),
 (1617,12,3,4,'2014-12-17 19:17:32',229,3,0),
 (1618,0,2,8,'2014-12-17 19:29:16',0,1,0),
 (1619,12,3,5,'2014-12-17 19:39:01',229,3,0),
 (1620,37,0,1,'2014-12-17 19:55:58',0,1,0),
 (1621,37,0,6,'2014-12-17 19:55:58',230,1,0),
 (1622,37,0,6,'2014-12-17 19:55:58',231,4,0),
 (1623,37,2,4,'2014-12-17 19:55:58',230,1,0),
 (1624,37,0,6,'2014-12-17 19:55:58',232,7,0),
 (1625,37,4,2,'2014-12-17 19:55:58',231,4,0),
 (1626,37,7,2,'2014-12-17 19:55:58',232,7,0),
 (1627,37,2,5,'2014-12-17 20:05:08',230,1,0),
 (1628,37,7,3,'2014-12-17 20:10:20',232,7,0),
 (1629,37,7,4,'2014-12-17 20:10:20',232,7,0),
 (1630,37,4,3,'2014-12-17 20:10:46',231,4,0),
 (1631,37,4,4,'2014-12-17 20:10:46',231,4,0),
 (1632,37,4,5,'2014-12-17 20:11:00',231,4,0),
 (1633,37,7,5,'2014-12-17 20:11:06',232,7,0),
 (1634,37,0,6,'2014-12-17 20:41:05',233,3,1),
 (1635,37,3,4,'2014-12-17 20:41:05',233,3,0),
 (1636,37,0,10,'2014-12-17 20:48:18',0,6,6),
 (1637,37,0,6,'2014-12-17 20:48:18',234,6,6),
 (1638,37,3,5,'2014-12-17 21:01:24',233,3,0),
 (1639,0,4,7,'2014-12-17 21:24:04',0,4,0),
 (1640,0,7,7,'2014-12-17 21:24:12',0,7,0),
 (1641,0,2,7,'2014-12-17 21:24:20',0,1,0),
 (1642,0,6,8,'2014-12-17 22:35:47',0,6,0),
 (1643,37,6,2,'2014-12-17 22:35:47',234,6,0),
 (1644,0,6,7,'2014-12-17 22:35:47',0,6,0),
 (1645,37,6,9,'2014-12-17 23:10:23',234,6,0),
 (1646,0,4,8,'2014-12-18 01:22:23',0,4,0),
 (1647,37,0,6,'2014-12-18 01:22:50',235,4,1),
 (1648,37,4,4,'2014-12-18 01:22:50',235,4,0),
 (1649,37,4,5,'2014-12-18 01:47:35',235,4,0),
 (1650,37,0,6,'2014-12-18 13:48:15',236,4,1),
 (1651,37,4,4,'2014-12-18 13:48:15',236,4,0),
 (1652,12,0,6,'2014-12-18 13:59:37',237,3,8),
 (1653,12,3,4,'2014-12-18 13:59:37',237,3,0),
 (1654,12,3,5,'2014-12-18 14:23:25',237,3,0),
 (1655,37,0,10,'2014-12-18 15:15:51',0,6,1),
 (1656,37,0,6,'2014-12-18 15:15:51',238,6,1),
 (1657,0,3,7,'2014-12-18 15:45:10',0,3,0),
 (1658,37,0,6,'2014-12-18 15:45:26',239,3,1),
 (1659,0,3,8,'2014-12-18 15:51:26',0,3,0),
 (1660,37,3,4,'2014-12-18 15:51:26',239,3,0),
 (1661,37,0,10,'2014-12-18 15:54:35',0,3,8),
 (1662,37,0,6,'2014-12-18 15:54:35',240,3,8),
 (1663,37,3,5,'2014-12-18 15:56:20',239,3,0),
 (1664,37,3,2,'2014-12-18 15:56:20',240,3,0),
 (1665,37,3,3,'2014-12-18 16:02:50',240,3,0),
 (1666,37,3,4,'2014-12-18 16:02:50',240,3,0),
 (1667,37,3,5,'2014-12-18 16:22:51',240,3,0),
 (1668,0,3,7,'2014-12-18 16:23:27',0,3,0),
 (1669,0,3,8,'2014-12-18 16:23:28',0,3,0),
 (1670,37,4,5,'2014-12-18 16:25:09',236,4,0),
 (1671,0,6,8,'2014-12-18 16:44:20',0,6,0),
 (1672,37,6,2,'2014-12-18 16:44:20',238,6,0),
 (1673,37,6,3,'2014-12-18 16:51:51',238,6,0),
 (1674,0,6,7,'2014-12-18 17:00:01',0,6,0),
 (1675,37,0,6,'2014-12-18 20:52:00',241,4,2),
 (1676,37,4,4,'2014-12-18 20:52:00',241,4,0),
 (1677,37,4,5,'2014-12-18 20:52:31',241,4,0),
 (1678,37,0,6,'2014-12-18 20:53:25',242,4,2),
 (1679,37,4,4,'2014-12-18 20:53:25',242,4,0),
 (1680,37,4,5,'2014-12-18 20:53:55',242,4,0),
 (1693,37,0,6,'2014-12-18 21:08:49',243,4,2),
 (1694,37,4,4,'2014-12-18 21:08:49',243,4,0),
 (1695,37,4,5,'2014-12-18 21:09:19',243,4,0),
 (1697,0,3,7,'2014-12-18 21:38:41',0,3,0),
 (1698,0,4,7,'2014-12-18 21:38:41',0,4,0),
 (1702,0,3,8,'2014-12-18 21:40:02',0,3,0),
 (1703,0,2,8,'2014-12-18 21:40:12',0,1,0),
 (1704,37,0,6,'2014-12-19 14:07:52',244,4,2),
 (1705,0,4,8,'2014-12-19 14:08:04',0,4,0),
 (1706,37,4,4,'2014-12-19 14:08:04',244,4,0),
 (1707,0,4,7,'2014-12-19 14:08:05',0,4,0),
 (1709,37,0,6,'2014-12-19 15:53:37',245,3,8),
 (1710,37,3,4,'2014-12-19 15:53:37',245,3,0),
 (1711,37,3,5,'2014-12-19 16:17:36',245,3,0),
 (1712,37,4,5,'2014-12-19 16:39:54',244,4,0),
 (1713,37,0,6,'2014-12-19 17:08:59',246,3,8),
 (1714,37,3,4,'2014-12-19 17:08:59',246,3,0),
 (1715,37,3,5,'2014-12-19 17:47:10',246,3,0),
 (1716,37,0,6,'2014-12-19 18:08:33',247,3,8),
 (1717,37,3,4,'2014-12-19 18:08:33',247,3,0),
 (1718,37,3,5,'2014-12-19 18:29:01',247,3,0),
 (1719,37,0,6,'2014-12-19 18:49:36',248,4,2),
 (1720,0,4,8,'2014-12-19 18:49:46',0,4,0),
 (1721,37,4,4,'2014-12-19 18:49:46',248,4,0),
 (1722,37,0,6,'2014-12-19 22:01:39',249,3,8),
 (1723,37,3,4,'2014-12-19 22:01:39',249,3,0),
 (1724,37,3,5,'2014-12-19 22:22:20',249,3,0),
 (1725,37,4,5,'2014-12-21 07:32:11',248,4,0),
 (1726,37,0,6,'2014-12-22 13:19:00',250,4,2),
 (1727,37,4,4,'2014-12-22 13:19:00',250,4,0),
 (1728,37,0,6,'2014-12-22 13:20:43',251,4,2),
 (1729,37,0,6,'2014-12-22 13:35:03',252,3,8),
 (1730,37,3,4,'2014-12-22 13:35:03',252,3,0),
 (1731,37,3,5,'2014-12-22 13:59:16',252,3,0),
 (1732,37,4,5,'2014-12-22 14:32:40',250,4,0),
 (1733,37,4,4,'2014-12-22 14:32:40',251,4,0),
 (1734,37,4,5,'2014-12-22 14:54:58',251,4,0),
 (1735,37,0,6,'2014-12-22 18:25:59',253,4,2),
 (1736,37,4,4,'2014-12-22 18:25:59',253,4,0),
 (1737,37,4,5,'2014-12-22 18:28:03',253,4,0),
 (1738,37,0,6,'2014-12-22 18:58:38',254,4,2),
 (1739,37,4,4,'2014-12-22 18:58:38',254,4,0),
 (1740,37,4,5,'2014-12-22 19:01:16',254,4,0),
 (1741,37,0,6,'2014-12-22 20:22:25',255,3,8),
 (1742,37,3,4,'2014-12-22 20:22:25',255,3,0),
 (1743,37,3,5,'2014-12-22 20:43:55',255,3,0),
 (1744,37,0,6,'2014-12-22 20:49:05',256,3,8),
 (1745,37,3,4,'2014-12-22 20:49:05',256,3,0),
 (1746,37,3,5,'2014-12-22 21:09:48',256,3,0),
 (1747,37,0,6,'2014-12-22 21:25:36',257,3,8),
 (1748,37,3,4,'2014-12-22 21:25:36',257,3,0),
 (1749,37,3,5,'2014-12-22 21:45:25',257,3,0),
 (1750,37,0,6,'2014-12-22 21:52:02',258,3,8),
 (1751,37,3,4,'2014-12-22 21:52:02',258,3,0),
 (1752,37,3,5,'2014-12-22 22:30:16',258,3,0),
 (1753,37,0,6,'2014-12-23 13:00:26',259,4,2),
 (1754,37,4,4,'2014-12-23 13:00:26',259,4,0),
 (1755,37,0,6,'2014-12-23 13:00:27',260,4,2),
 (1756,37,0,6,'2014-12-23 13:47:08',261,3,8),
 (1757,37,3,4,'2014-12-23 13:47:08',261,3,0),
 (1758,37,3,5,'2014-12-23 14:09:42',261,3,0),
 (1759,37,4,5,'2014-12-23 14:22:36',259,4,0),
 (1760,37,4,4,'2014-12-23 14:22:36',260,4,0),
 (1761,37,0,6,'2014-12-23 14:25:46',262,3,8),
 (1762,37,3,4,'2014-12-23 14:25:46',262,3,0),
 (1763,37,4,5,'2014-12-23 14:44:30',260,4,0),
 (1764,37,0,6,'2014-12-23 14:45:41',263,4,2),
 (1765,37,4,4,'2014-12-23 14:45:41',263,4,0),
 (1766,37,3,5,'2014-12-23 14:45:42',262,3,0),
 (1767,37,4,5,'2014-12-23 14:48:27',263,4,0),
 (1768,37,0,6,'2014-12-23 16:27:57',264,3,8),
 (1769,37,3,4,'2014-12-23 16:27:57',264,3,0),
 (1770,37,3,5,'2014-12-23 16:49:25',264,3,0),
 (1771,37,0,6,'2014-12-23 21:09:49',265,4,3),
 (1772,37,4,4,'2014-12-23 21:09:49',265,4,0),
 (1773,37,4,5,'2014-12-23 21:09:50',265,4,0),
 (1774,37,0,6,'2014-12-23 21:14:23',266,4,3),
 (1775,37,4,4,'2014-12-23 21:14:23',266,4,0),
 (1776,37,4,5,'2014-12-23 21:14:24',266,4,0),
 (1777,37,0,6,'2014-12-23 21:16:36',267,4,3),
 (1778,37,4,4,'2014-12-23 21:16:36',267,4,0),
 (1779,37,4,5,'2014-12-23 21:16:41',267,4,0),
 (1780,37,0,6,'2014-12-23 21:23:01',268,4,3),
 (1781,37,4,4,'2014-12-23 21:23:01',268,4,0),
 (1782,37,4,5,'2014-12-23 21:23:50',268,4,0),
 (1783,37,0,6,'2014-12-23 21:32:50',269,4,3),
 (1784,37,4,4,'2014-12-23 21:32:50',269,4,0),
 (1785,37,4,5,'2014-12-23 21:33:41',269,4,0),
 (1786,37,0,6,'2014-12-23 21:38:39',270,4,3),
 (1787,37,4,4,'2014-12-23 21:38:39',270,4,0),
 (1788,37,4,5,'2014-12-23 21:39:04',270,4,0),
 (1789,37,0,6,'2014-12-23 21:41:09',271,4,3),
 (1790,37,4,4,'2014-12-23 21:41:09',271,4,0),
 (1791,37,4,5,'2014-12-23 21:41:34',271,4,0),
 (1792,37,0,6,'2014-12-23 21:42:35',272,4,3),
 (1793,37,4,4,'2014-12-23 21:42:35',272,4,0),
 (1794,37,4,5,'2014-12-23 21:43:10',272,4,0),
 (1795,37,0,6,'2014-12-24 11:18:10',273,4,2),
 (1796,37,4,4,'2014-12-24 11:18:10',273,4,0),
 (1797,37,0,6,'2014-12-24 11:18:12',274,4,2),
 (1798,37,0,6,'2014-12-24 11:18:37',275,4,2),
 (1799,37,4,5,'2014-12-24 12:41:04',273,4,0),
 (1800,37,4,4,'2014-12-24 12:41:04',274,4,0),
 (1801,37,4,5,'2014-12-24 13:02:04',274,4,0),
 (1802,37,0,6,'2014-12-24 15:38:52',276,4,3),
 (1803,37,4,4,'2014-12-24 15:38:52',276,4,0),
 (1804,37,4,5,'2014-12-24 15:39:22',276,4,0),
 (1805,37,0,6,'2014-12-24 18:52:50',277,4,2),
 (1806,37,4,4,'2014-12-24 18:52:50',277,4,0),
 (1807,37,0,6,'2014-12-24 18:52:51',278,4,2),
 (1808,37,0,6,'2014-12-24 18:52:52',279,4,2),
 (1809,37,0,6,'2014-12-24 18:52:54',280,4,2),
 (1810,37,0,6,'2014-12-24 18:52:55',281,4,2),
 (1811,37,0,6,'2014-12-24 18:52:56',282,4,2),
 (1812,37,0,6,'2014-12-24 18:53:05',283,4,2),
 (1813,37,0,6,'2014-12-24 18:53:07',284,4,2),
 (1814,37,0,6,'2014-12-24 18:53:15',285,4,2),
 (1815,37,0,6,'2014-12-24 18:53:17',286,4,2),
 (1816,37,0,6,'2014-12-24 18:53:33',287,4,2),
 (1817,37,0,6,'2014-12-24 18:53:39',288,4,2),
 (1818,37,0,6,'2014-12-24 18:53:49',289,4,2),
 (1819,37,0,6,'2014-12-24 18:53:50',290,4,2),
 (1820,37,0,6,'2014-12-24 18:53:51',291,4,2),
 (1821,37,0,6,'2014-12-24 18:53:53',292,4,2),
 (1822,37,0,6,'2014-12-24 18:53:59',293,4,2),
 (1823,37,0,6,'2014-12-24 18:54:00',294,4,2),
 (1824,37,0,6,'2014-12-24 18:54:01',295,4,2),
 (1825,37,0,6,'2014-12-24 18:54:02',296,4,2),
 (1826,37,0,6,'2014-12-24 18:54:03',297,4,2),
 (1827,37,0,6,'2014-12-24 18:54:04',298,4,2),
 (1828,37,0,6,'2014-12-24 18:54:11',299,4,2),
 (1829,37,0,6,'2014-12-24 18:54:12',300,4,2),
 (1830,37,0,6,'2014-12-24 18:54:13',301,4,2),
 (1831,37,0,6,'2014-12-24 18:54:15',302,4,2),
 (1832,37,0,6,'2014-12-24 18:54:16',303,4,2),
 (1833,37,0,6,'2014-12-24 18:54:22',304,4,2),
 (1834,37,0,6,'2014-12-24 18:54:23',305,4,2),
 (1835,37,0,6,'2014-12-24 18:54:24',306,4,2),
 (1836,37,0,6,'2014-12-24 18:54:25',307,4,2),
 (1837,37,0,6,'2014-12-24 18:54:26',308,4,2),
 (1838,37,0,6,'2014-12-24 18:54:27',309,4,2),
 (1839,37,0,6,'2014-12-24 18:54:28',310,4,2),
 (1840,37,0,6,'2014-12-24 18:54:37',311,4,2),
 (1841,37,0,6,'2014-12-24 18:54:39',312,4,2),
 (1842,37,0,6,'2014-12-24 18:54:40',313,4,2),
 (1843,37,0,6,'2014-12-24 18:54:41',314,4,2),
 (1844,37,0,6,'2014-12-24 18:54:47',315,4,2),
 (1845,37,0,6,'2014-12-24 18:54:48',316,4,2),
 (1846,37,0,6,'2014-12-24 18:54:49',317,4,2),
 (1847,37,0,6,'2014-12-24 18:54:51',318,4,2),
 (1848,37,0,6,'2014-12-24 18:54:52',319,4,2),
 (1849,37,0,6,'2014-12-24 18:55:01',320,4,2),
 (1850,37,0,6,'2014-12-24 18:55:02',321,4,2),
 (1851,37,0,6,'2014-12-24 18:55:03',322,4,2),
 (1852,37,0,6,'2014-12-24 18:55:05',323,4,2),
 (1853,37,0,6,'2014-12-24 18:55:06',324,4,2),
 (1854,37,0,6,'2014-12-24 18:55:07',325,4,2),
 (1855,37,4,5,'2014-12-24 19:33:57',277,4,0),
 (1856,37,4,4,'2014-12-24 19:33:57',278,4,0),
 (1857,37,4,5,'2014-12-24 20:19:35',278,4,0),
 (1858,37,4,4,'2014-12-24 20:19:35',279,4,0),
 (1859,37,4,5,'2014-12-24 20:21:11',279,4,0),
 (1860,37,4,4,'2014-12-24 20:21:11',280,4,0),
 (1861,37,4,5,'2014-12-24 21:23:14',280,4,0),
 (1862,37,4,4,'2014-12-24 21:23:15',281,4,0),
 (1863,37,4,5,'2014-12-24 22:01:18',281,4,0),
 (1864,37,4,4,'2014-12-24 22:01:18',282,4,0),
 (1865,37,4,5,'2014-12-24 22:41:51',282,4,0),
 (1866,37,4,4,'2014-12-24 22:41:51',283,4,0),
 (1867,37,4,5,'2014-12-24 23:43:01',283,4,0),
 (1868,37,4,4,'2014-12-24 23:43:01',284,4,0),
 (1869,37,4,5,'2014-12-25 00:31:54',284,4,0),
 (1870,37,4,4,'2014-12-25 00:31:54',285,4,0),
 (1871,37,4,5,'2014-12-25 00:35:44',285,4,0),
 (1872,37,4,4,'2014-12-25 00:35:44',286,4,0),
 (1873,37,4,5,'2014-12-25 00:45:33',286,4,0),
 (1874,37,4,4,'2014-12-25 00:45:33',287,4,0),
 (1875,37,4,5,'2014-12-25 01:06:35',287,4,0),
 (1876,37,4,4,'2014-12-25 01:06:35',288,4,0),
 (1877,37,4,5,'2014-12-25 01:23:46',288,4,0),
 (1878,37,4,4,'2014-12-25 01:23:46',289,4,0),
 (1879,37,4,5,'2014-12-25 01:38:48',289,4,0),
 (1880,37,4,4,'2014-12-25 01:38:48',290,4,0),
 (1881,37,4,5,'2014-12-25 01:55:13',290,4,0),
 (1882,37,4,4,'2014-12-25 01:55:13',291,4,0),
 (1883,37,4,5,'2014-12-25 02:42:46',291,4,0),
 (1884,37,4,4,'2014-12-25 02:42:46',292,4,0),
 (1885,37,4,5,'2014-12-25 03:27:42',292,4,0),
 (1886,37,4,4,'2014-12-25 03:27:42',293,4,0),
 (1887,37,4,5,'2014-12-25 04:37:53',293,4,0),
 (1888,37,4,4,'2014-12-25 04:37:53',294,4,0),
 (1889,37,4,5,'2014-12-25 05:55:43',294,4,0),
 (1890,37,4,4,'2014-12-25 05:55:43',295,4,0),
 (1891,37,4,5,'2014-12-25 06:39:39',295,4,0),
 (1892,37,4,4,'2014-12-25 06:39:39',296,4,0),
 (1893,37,4,5,'2014-12-25 07:20:34',296,4,0),
 (1894,37,4,4,'2014-12-25 07:20:34',297,4,0),
 (1895,37,4,5,'2014-12-25 08:00:19',297,4,0),
 (1896,37,4,4,'2014-12-25 08:00:19',298,4,0),
 (1897,37,4,5,'2014-12-25 08:59:07',298,4,0),
 (1898,37,4,4,'2014-12-25 08:59:08',299,4,0),
 (1899,37,4,5,'2014-12-25 09:25:35',299,4,0),
 (1900,37,4,4,'2014-12-25 09:25:35',300,4,0),
 (1901,37,4,5,'2014-12-25 09:25:50',300,4,0),
 (1902,37,4,4,'2014-12-25 09:25:50',301,4,0),
 (1903,37,4,5,'2014-12-25 09:27:00',301,4,0),
 (1904,37,4,4,'2014-12-25 09:27:00',302,4,0),
 (1905,37,4,5,'2014-12-25 10:43:30',302,4,0),
 (1906,37,4,4,'2014-12-25 10:43:30',303,4,0),
 (1907,37,4,5,'2014-12-25 10:49:50',303,4,0),
 (1908,37,4,4,'2014-12-25 10:49:51',304,4,0),
 (1909,37,4,5,'2014-12-25 12:07:58',304,4,0),
 (1910,37,4,4,'2014-12-25 12:07:58',305,4,0),
 (1911,37,4,5,'2014-12-25 13:09:34',305,4,0),
 (1912,37,4,4,'2014-12-25 13:09:34',306,4,0),
 (1913,37,4,5,'2014-12-25 14:37:57',306,4,0),
 (1914,37,4,4,'2014-12-25 14:37:57',307,4,0),
 (1915,37,4,5,'2014-12-25 16:09:41',307,4,0),
 (1916,37,4,4,'2014-12-25 16:09:41',308,4,0),
 (1917,37,4,5,'2014-12-25 17:40:56',308,4,0),
 (1918,37,4,4,'2014-12-25 17:40:56',309,4,0),
 (1919,37,4,5,'2014-12-25 19:10:16',309,4,0),
 (1920,37,4,4,'2014-12-25 19:10:16',310,4,0),
 (1921,37,4,5,'2014-12-25 20:39:22',310,4,0),
 (1922,37,4,4,'2014-12-25 20:39:22',311,4,0),
 (1923,37,4,5,'2014-12-25 21:32:44',311,4,0),
 (1924,37,4,4,'2014-12-25 21:32:44',312,4,0),
 (1925,37,4,5,'2014-12-25 21:35:23',312,4,0),
 (1926,37,4,4,'2014-12-25 21:35:23',313,4,0),
 (1927,37,4,5,'2014-12-25 22:28:51',313,4,0),
 (1928,37,4,4,'2014-12-25 22:28:51',314,4,0),
 (1929,37,4,5,'2014-12-25 22:28:59',314,4,0),
 (1930,37,4,4,'2014-12-25 22:28:59',315,4,0),
 (1931,37,4,5,'2014-12-25 23:35:58',315,4,0),
 (1932,37,4,4,'2014-12-25 23:35:58',316,4,0),
 (1933,37,4,5,'2014-12-26 00:29:25',316,4,0),
 (1934,37,4,4,'2014-12-26 00:29:25',317,4,0),
 (1935,37,4,5,'2014-12-26 00:29:58',317,4,0),
 (1936,37,4,4,'2014-12-26 00:29:58',318,4,0),
 (1937,37,4,5,'2014-12-26 00:30:04',318,4,0),
 (1938,37,4,4,'2014-12-26 00:30:04',319,4,0),
 (1939,37,4,5,'2014-12-26 01:14:11',319,4,0),
 (1940,37,4,4,'2014-12-26 01:14:11',320,4,0),
 (1941,37,4,5,'2014-12-26 02:46:50',320,4,0),
 (1942,37,4,4,'2014-12-26 02:46:50',321,4,0),
 (1943,37,4,5,'2014-12-26 04:16:47',321,4,0),
 (1944,37,4,4,'2014-12-26 04:16:47',322,4,0),
 (1945,37,4,5,'2014-12-26 05:52:26',322,4,0),
 (1946,37,4,4,'2014-12-26 05:52:26',323,4,0),
 (1947,37,4,5,'2014-12-26 07:28:22',323,4,0),
 (1948,37,4,4,'2014-12-26 07:28:22',324,4,0),
 (1949,37,4,5,'2014-12-26 09:03:05',324,4,0),
 (1950,37,4,4,'2014-12-26 09:03:05',325,4,0),
 (1951,37,4,5,'2014-12-26 09:09:37',325,4,0),
 (1952,37,0,6,'2014-12-26 11:30:24',326,4,2),
 (1953,37,4,4,'2014-12-26 11:30:24',326,4,0),
 (1954,37,0,6,'2014-12-26 11:30:26',327,4,2),
 (1955,0,4,7,'2014-12-26 14:02:12',0,4,0),
 (1956,0,4,8,'2014-12-26 14:13:14',0,4,0),
 (1957,37,4,5,'2014-12-26 14:25:06',326,4,0),
 (1958,37,0,6,'2014-12-26 14:33:08',328,4,2),
 (1959,37,4,4,'2014-12-26 14:33:08',328,4,0),
 (1960,37,4,5,'2014-12-26 14:33:11',328,4,0),
 (1961,37,0,6,'2014-12-26 14:35:13',329,4,2),
 (1962,37,4,4,'2014-12-26 14:35:13',329,4,0),
 (1963,37,4,5,'2014-12-26 14:35:15',329,4,0),
 (1964,37,0,6,'2014-12-26 14:37:17',330,4,2),
 (1965,37,4,4,'2014-12-26 14:37:17',330,4,0),
 (1966,37,4,5,'2014-12-26 14:37:41',330,4,0),
 (1967,37,0,6,'2014-12-26 14:49:05',331,4,2),
 (1968,37,4,4,'2014-12-26 14:49:05',331,4,0),
 (1969,37,4,5,'2014-12-26 15:11:18',331,4,0),
 (1970,0,2,7,'2014-12-26 20:44:33',0,1,0),
 (1971,0,3,7,'2014-12-26 20:44:34',0,3,0),
 (1972,0,4,7,'2014-12-26 20:44:34',0,4,0),
 (1973,0,2,8,'2014-12-26 20:45:27',0,1,0),
 (1974,0,1,8,'2014-12-26 20:45:37',0,2,0),
 (1977,0,2,7,'2014-12-26 20:49:16',0,1,0),
 (1978,0,1,7,'2014-12-26 20:49:17',0,2,0),
 (1981,0,2,8,'2014-12-26 20:52:32',0,1,0),
 (1982,0,1,8,'2014-12-26 20:52:33',0,2,0),
 (1983,37,0,6,'2014-12-26 21:24:07',332,3,1),
 (1984,0,3,8,'2014-12-26 21:34:24',0,3,0),
 (1985,37,3,4,'2014-12-26 21:34:24',332,3,0),
 (1986,37,3,5,'2014-12-26 22:03:23',332,3,0),
 (1987,37,0,6,'2014-12-26 22:10:14',333,3,1),
 (1988,37,3,4,'2014-12-26 22:10:14',333,3,0),
 (1989,37,3,5,'2014-12-26 22:22:14',333,3,0),
 (1990,37,0,6,'2014-12-26 22:38:51',334,3,1),
 (1991,37,3,4,'2014-12-26 22:38:51',334,3,0),
 (1992,37,3,5,'2014-12-26 23:06:28',334,3,0),
 (1993,37,0,6,'2014-12-26 23:15:36',335,3,1),
 (1994,37,3,4,'2014-12-26 23:15:36',335,3,0),
 (1995,37,3,5,'2014-12-26 23:31:44',335,3,0),
 (1996,37,0,6,'2014-12-26 23:38:31',336,3,1),
 (1997,37,3,4,'2014-12-26 23:38:31',336,3,0),
 (1998,37,3,5,'2014-12-27 00:18:31',336,3,0),
 (1999,37,0,6,'2014-12-27 19:44:30',337,4,2),
 (2000,0,4,8,'2014-12-27 19:44:40',0,4,0),
 (2001,37,4,4,'2014-12-27 19:44:40',337,4,0),
 (2002,37,4,5,'2014-12-27 20:59:27',337,4,0),
 (2003,37,0,6,'2014-12-27 23:34:03',338,4,2),
 (2004,37,4,4,'2014-12-27 23:34:03',338,4,0),
 (2005,37,4,5,'2014-12-27 23:37:45',338,4,0),
 (2006,37,0,6,'2014-12-28 00:25:46',339,4,2),
 (2007,37,4,4,'2014-12-28 00:25:46',339,4,0);
INSERT INTO `event_history` (`id`,`release_id`,`template_instance_id`,`event_id`,`event_time`,`task_id`,`template_id`,`user_id`) VALUES 
 (2008,37,4,5,'2014-12-28 00:25:47',339,4,0),
 (2009,37,0,6,'2014-12-28 00:30:10',340,4,2),
 (2010,37,4,4,'2014-12-28 00:30:10',340,4,0),
 (2011,37,4,5,'2014-12-28 00:37:44',340,4,0),
 (2012,37,0,6,'2014-12-28 01:03:37',341,4,2),
 (2013,37,4,4,'2014-12-28 01:03:37',341,4,0),
 (2014,37,0,6,'2014-12-28 01:08:07',342,4,2),
 (2015,37,4,4,'2014-12-28 01:08:07',342,4,0),
 (2016,37,4,5,'2014-12-28 01:08:37',342,4,0),
 (2017,37,0,6,'2014-12-28 01:17:48',343,4,2),
 (2018,37,4,4,'2014-12-28 01:17:48',343,4,0),
 (2019,37,4,5,'2014-12-28 01:18:18',343,4,0),
 (2020,37,0,6,'2014-12-28 01:21:05',344,4,2),
 (2021,37,4,4,'2014-12-28 01:21:05',344,4,0),
 (2022,37,4,5,'2014-12-28 01:21:35',344,4,0),
 (2023,37,0,6,'2014-12-28 01:33:24',345,4,2),
 (2024,37,4,4,'2014-12-28 01:33:24',345,4,0),
 (2025,37,0,6,'2014-12-28 01:36:25',346,4,2),
 (2026,37,4,4,'2014-12-28 01:36:25',346,4,0),
 (2027,37,4,5,'2014-12-28 01:36:56',346,4,0),
 (2028,37,0,6,'2014-12-28 01:41:24',347,4,2),
 (2029,37,4,4,'2014-12-28 01:41:24',347,4,0),
 (2030,37,4,5,'2014-12-28 01:41:54',347,4,0),
 (2031,37,0,6,'2014-12-28 01:42:57',348,3,1),
 (2032,37,3,4,'2014-12-28 01:42:57',348,3,0),
 (2033,37,3,5,'2014-12-28 02:05:32',348,3,0),
 (2034,37,0,6,'2014-12-28 02:24:05',349,4,2),
 (2035,37,4,4,'2014-12-28 02:24:05',349,4,0),
 (2036,37,4,5,'2014-12-28 02:24:35',349,4,0),
 (2037,37,0,6,'2014-12-28 02:35:32',350,4,2),
 (2038,37,4,4,'2014-12-28 02:35:33',350,4,0),
 (2039,37,4,5,'2014-12-28 03:20:38',350,4,0),
 (2040,37,0,6,'2014-12-28 03:22:27',351,4,2),
 (2041,37,4,4,'2014-12-28 03:22:27',351,4,0),
 (2042,37,0,6,'2014-12-28 03:22:28',352,4,2),
 (2043,37,0,6,'2014-12-28 03:22:29',353,4,2),
 (2044,37,0,6,'2014-12-28 03:22:31',354,4,2),
 (2045,37,0,6,'2014-12-28 03:22:32',355,4,2),
 (2046,37,0,6,'2014-12-28 03:22:38',356,4,2),
 (2047,37,0,6,'2014-12-28 03:22:39',357,4,2),
 (2048,37,0,6,'2014-12-28 03:22:40',358,4,2),
 (2049,37,0,6,'2014-12-28 03:22:43',359,4,2),
 (2050,37,0,6,'2014-12-28 03:22:55',360,4,2),
 (2051,37,0,6,'2014-12-28 03:22:56',361,4,2),
 (2052,37,0,6,'2014-12-28 03:22:58',362,4,2),
 (2053,37,0,6,'2014-12-28 03:22:59',363,4,2),
 (2054,37,0,6,'2014-12-28 03:23:00',364,4,2),
 (2055,37,0,6,'2014-12-28 03:23:01',365,4,2),
 (2056,37,0,6,'2014-12-28 03:23:07',366,4,2),
 (2057,37,0,6,'2014-12-28 03:23:08',367,4,2),
 (2058,37,0,6,'2014-12-28 03:23:10',368,4,2),
 (2059,37,0,6,'2014-12-28 03:23:11',369,4,2),
 (2060,37,0,6,'2014-12-28 03:23:13',370,4,2),
 (2061,37,0,6,'2014-12-28 03:23:15',371,4,2),
 (2062,37,0,6,'2014-12-28 03:23:21',372,4,2),
 (2063,37,0,6,'2014-12-28 03:23:22',373,4,2),
 (2064,37,0,6,'2014-12-28 03:23:23',374,4,2),
 (2065,37,0,6,'2014-12-28 03:23:24',375,4,2),
 (2066,37,0,6,'2014-12-28 03:23:26',376,4,2),
 (2067,37,0,6,'2014-12-28 03:23:33',377,4,2),
 (2068,37,0,6,'2014-12-28 03:23:34',378,4,2),
 (2069,37,0,6,'2014-12-28 03:23:35',379,4,2),
 (2070,37,0,6,'2014-12-28 03:23:36',380,4,2),
 (2071,37,0,6,'2014-12-28 03:23:37',381,4,2),
 (2072,37,0,6,'2014-12-28 03:23:38',382,4,2),
 (2073,37,0,6,'2014-12-28 03:23:43',383,4,2),
 (2074,37,0,6,'2014-12-28 03:23:45',384,4,2),
 (2075,37,0,6,'2014-12-28 03:23:46',385,4,2),
 (2076,37,0,6,'2014-12-28 03:23:46',386,4,2),
 (2077,37,0,6,'2014-12-28 03:23:48',387,4,2),
 (2078,37,0,6,'2014-12-28 03:23:51',388,4,2),
 (2079,37,0,6,'2014-12-28 03:23:56',389,4,2),
 (2080,37,0,6,'2014-12-28 03:23:57',390,4,2),
 (2081,37,0,6,'2014-12-28 03:23:58',391,4,2),
 (2082,37,0,6,'2014-12-28 03:23:59',392,4,2),
 (2083,37,0,6,'2014-12-28 03:24:00',393,4,2),
 (2084,37,0,6,'2014-12-28 03:24:01',394,4,2),
 (2085,37,4,5,'2014-12-28 04:09:18',351,4,0),
 (2086,37,4,4,'2014-12-28 04:09:18',352,4,0),
 (2087,37,4,5,'2014-12-28 04:10:55',352,4,0),
 (2088,37,4,4,'2014-12-28 04:10:55',353,4,0),
 (2089,37,4,5,'2014-12-28 05:28:46',353,4,0),
 (2090,37,4,4,'2014-12-28 05:28:46',354,4,0),
 (2091,37,4,5,'2014-12-28 05:30:12',354,4,0),
 (2092,37,4,4,'2014-12-28 05:30:12',355,4,0),
 (2093,37,4,5,'2014-12-28 06:22:53',355,4,0),
 (2094,37,4,4,'2014-12-28 06:22:53',356,4,0),
 (2095,37,4,5,'2014-12-28 07:22:49',356,4,0),
 (2096,37,4,4,'2014-12-28 07:22:49',357,4,0),
 (2097,37,4,5,'2014-12-28 08:11:11',357,4,0),
 (2098,37,4,4,'2014-12-28 08:11:11',358,4,0),
 (2099,37,4,5,'2014-12-28 08:14:11',358,4,0),
 (2100,37,4,4,'2014-12-28 08:14:11',359,4,0),
 (2101,37,4,5,'2014-12-28 08:23:53',359,4,0),
 (2102,37,4,4,'2014-12-28 08:23:53',360,4,0),
 (2103,37,4,5,'2014-12-28 08:38:38',360,4,0),
 (2104,37,4,4,'2014-12-28 08:38:38',361,4,0),
 (2105,37,4,5,'2014-12-28 08:54:13',361,4,0),
 (2106,37,4,4,'2014-12-28 08:54:13',362,4,0),
 (2107,37,4,5,'2014-12-28 09:40:22',362,4,0),
 (2108,37,4,4,'2014-12-28 09:40:22',363,4,0),
 (2109,37,4,5,'2014-12-28 10:24:08',363,4,0),
 (2110,37,4,4,'2014-12-28 10:24:08',364,4,0),
 (2111,37,4,5,'2014-12-28 11:34:05',364,4,0),
 (2112,37,4,4,'2014-12-28 11:34:05',365,4,0),
 (2113,37,4,5,'2014-12-28 12:19:21',365,4,0),
 (2114,37,4,4,'2014-12-28 12:19:21',366,4,0),
 (2115,37,4,5,'2014-12-28 13:05:09',366,4,0),
 (2116,37,4,4,'2014-12-28 13:05:10',367,4,0),
 (2117,37,4,5,'2014-12-28 13:51:25',367,4,0),
 (2118,37,4,4,'2014-12-28 13:51:25',368,4,0),
 (2119,37,4,5,'2014-12-28 14:35:28',368,4,0),
 (2120,37,4,4,'2014-12-28 14:35:28',369,4,0),
 (2121,37,4,5,'2014-12-28 15:33:24',369,4,0),
 (2122,37,4,4,'2014-12-28 15:33:24',370,4,0),
 (2123,37,4,5,'2014-12-28 15:33:54',370,4,0),
 (2124,37,4,4,'2014-12-28 15:33:54',371,4,0),
 (2125,37,4,5,'2014-12-28 15:35:28',371,4,0),
 (2126,37,4,4,'2014-12-28 15:35:28',372,4,0),
 (2127,37,4,5,'2014-12-28 17:05:06',372,4,0),
 (2128,37,4,4,'2014-12-28 17:05:06',373,4,0),
 (2129,37,4,5,'2014-12-28 17:11:40',373,4,0),
 (2130,37,4,4,'2014-12-28 17:11:40',374,4,0),
 (2131,37,4,5,'2014-12-28 18:13:29',374,4,0),
 (2132,37,4,4,'2014-12-28 18:13:29',375,4,0),
 (2133,37,4,5,'2014-12-28 19:42:25',375,4,0),
 (2134,37,4,4,'2014-12-28 19:42:26',376,4,0),
 (2135,37,4,5,'2014-12-28 21:12:50',376,4,0),
 (2136,37,4,4,'2014-12-28 21:12:50',377,4,0),
 (2137,37,4,5,'2014-12-28 22:42:50',377,4,0),
 (2138,37,4,4,'2014-12-28 22:42:50',378,4,0),
 (2139,37,4,5,'2014-12-29 00:11:00',378,4,0),
 (2140,37,4,4,'2014-12-29 00:11:00',379,4,0),
 (2141,37,4,5,'2014-12-29 01:40:09',379,4,0),
 (2142,37,4,4,'2014-12-29 01:40:10',380,4,0),
 (2143,37,4,5,'2014-12-29 02:33:48',380,4,0),
 (2144,37,4,4,'2014-12-29 02:33:48',381,4,0),
 (2145,37,4,5,'2014-12-29 02:36:27',381,4,0),
 (2146,37,4,4,'2014-12-29 02:36:27',382,4,0),
 (2147,37,4,5,'2014-12-29 03:29:12',382,4,0),
 (2148,37,4,4,'2014-12-29 03:29:12',383,4,0),
 (2149,37,4,5,'2014-12-29 03:29:20',383,4,0),
 (2150,37,4,4,'2014-12-29 03:29:20',384,4,0),
 (2151,37,4,5,'2014-12-29 04:32:37',384,4,0),
 (2152,37,4,4,'2014-12-29 04:32:37',385,4,0),
 (2153,37,4,5,'2014-12-29 05:25:12',385,4,0),
 (2154,37,4,4,'2014-12-29 05:25:12',386,4,0),
 (2155,37,4,5,'2014-12-29 05:25:43',386,4,0),
 (2156,37,4,4,'2014-12-29 05:25:43',387,4,0),
 (2157,37,4,5,'2014-12-29 05:25:49',387,4,0),
 (2158,37,4,4,'2014-12-29 05:25:49',388,4,0),
 (2159,37,4,5,'2014-12-29 06:03:43',388,4,0),
 (2160,37,4,4,'2014-12-29 06:03:43',389,4,0),
 (2161,37,4,5,'2014-12-29 07:32:02',389,4,0),
 (2162,37,4,4,'2014-12-29 07:32:02',390,4,0),
 (2163,37,4,5,'2014-12-29 09:00:52',390,4,0),
 (2164,37,4,4,'2014-12-29 09:00:52',391,4,0),
 (2165,37,4,5,'2014-12-29 10:35:06',391,4,0),
 (2166,37,4,4,'2014-12-29 10:35:06',392,4,0),
 (2167,37,0,6,'2014-12-29 11:56:00',395,4,2),
 (2168,37,4,5,'2014-12-29 12:10:23',392,4,0),
 (2169,37,4,4,'2014-12-29 12:10:23',393,4,0),
 (2170,0,4,7,'2014-12-29 13:43:16',0,4,0),
 (2171,37,4,5,'2014-12-29 13:45:42',393,4,0),
 (2172,37,4,4,'2014-12-29 13:45:42',394,4,0),
 (2173,37,4,5,'2014-12-29 13:48:27',394,4,0),
 (2174,0,4,8,'2014-12-29 13:54:01',0,4,0),
 (2175,37,0,6,'2014-12-29 13:54:29',396,4,2),
 (2176,37,4,4,'2014-12-29 13:54:29',396,4,0),
 (2177,37,4,5,'2014-12-29 15:18:07',396,4,0),
 (2178,37,0,6,'2014-12-29 15:18:18',397,4,2),
 (2179,37,4,4,'2014-12-29 15:18:18',397,4,0),
 (2180,37,4,5,'2014-12-29 15:39:35',397,4,0),
 (2181,37,0,6,'2014-12-29 23:35:58',398,4,2),
 (2182,37,4,4,'2014-12-29 23:35:58',398,4,0),
 (2183,37,4,5,'2014-12-30 00:13:16',398,4,0),
 (2184,37,0,6,'2014-12-30 00:19:58',399,4,2),
 (2185,37,4,4,'2014-12-30 00:19:58',399,4,0),
 (2186,37,4,5,'2014-12-30 00:28:59',399,4,0),
 (2187,37,0,6,'2014-12-30 00:51:08',400,4,2),
 (2188,37,4,4,'2014-12-30 00:51:08',400,4,0),
 (2189,37,4,5,'2014-12-30 01:12:06',400,4,0),
 (2190,37,0,6,'2014-12-30 01:36:29',401,4,2),
 (2191,37,4,4,'2014-12-30 01:36:29',401,4,0),
 (2192,37,0,6,'2014-12-30 01:36:32',402,4,2),
 (2193,37,0,6,'2014-12-30 01:36:33',403,4,2),
 (2194,37,0,6,'2014-12-30 01:36:38',404,4,2),
 (2195,37,4,5,'2014-12-30 02:16:48',401,4,0),
 (2196,37,4,4,'2014-12-30 02:16:48',402,4,0),
 (2197,37,4,5,'2014-12-30 02:25:06',402,4,0),
 (2198,37,4,4,'2014-12-30 02:25:06',403,4,0),
 (2199,37,4,5,'2014-12-30 02:38:03',403,4,0),
 (2200,37,4,4,'2014-12-30 02:38:03',404,4,0),
 (2201,37,4,5,'2014-12-30 02:51:18',404,4,0),
 (2202,37,0,6,'2014-12-30 13:48:40',405,4,2),
 (2203,37,4,4,'2014-12-30 13:48:40',405,4,0),
 (2204,37,0,6,'2014-12-30 13:49:02',406,4,2),
 (2205,37,4,5,'2014-12-30 14:58:31',405,4,0),
 (2206,37,4,4,'2014-12-30 14:58:32',406,4,0),
 (2207,37,4,5,'2014-12-30 15:21:48',406,4,0),
 (2208,37,0,6,'2014-12-31 13:30:53',407,4,2),
 (2209,37,4,4,'2014-12-31 13:30:53',407,4,0),
 (2210,37,0,6,'2014-12-31 13:30:54',408,4,2),
 (2211,37,4,5,'2014-12-31 14:40:07',407,4,0),
 (2212,37,4,4,'2014-12-31 14:40:07',408,4,0),
 (2213,37,4,5,'2014-12-31 15:01:55',408,4,0),
 (2214,37,0,6,'2015-01-02 01:57:15',409,4,2),
 (2215,37,4,4,'2015-01-02 01:57:15',409,4,0),
 (2216,37,0,6,'2015-01-02 01:57:16',410,4,2),
 (2217,37,4,5,'2015-01-02 03:14:40',409,4,0),
 (2218,37,4,4,'2015-01-02 03:14:40',410,4,0),
 (2219,37,4,5,'2015-01-02 03:38:53',410,4,0),
 (2220,37,0,6,'2015-01-02 14:42:04',411,4,2),
 (2221,37,4,4,'2015-01-02 14:42:04',411,4,0),
 (2222,37,0,6,'2015-01-02 14:42:05',412,4,2),
 (2223,37,4,5,'2015-01-02 15:46:28',411,4,0),
 (2224,37,4,4,'2015-01-02 15:46:28',412,4,0),
 (2225,37,4,5,'2015-01-02 16:07:44',412,4,0),
 (2226,37,0,6,'2015-01-02 16:08:21',413,4,2),
 (2227,37,4,4,'2015-01-02 16:08:21',413,4,0),
 (2228,37,4,5,'2015-01-02 16:18:43',413,4,0),
 (2229,37,0,6,'2015-01-02 17:29:45',414,4,2),
 (2230,37,4,4,'2015-01-02 17:29:45',414,4,0),
 (2231,37,4,5,'2015-01-02 17:31:22',414,4,0),
 (2232,37,0,6,'2015-01-02 17:32:26',415,4,2),
 (2233,37,4,4,'2015-01-02 17:32:26',415,4,0),
 (2234,37,4,5,'2015-01-02 18:32:29',415,4,0),
 (2235,58,0,1,'2015-01-02 19:22:42',0,1,0),
 (2236,58,0,6,'2015-01-02 19:22:42',416,2,0),
 (2237,58,0,6,'2015-01-02 19:22:42',417,4,0),
 (2238,58,1,2,'2015-01-02 19:22:42',416,2,0),
 (2239,58,0,6,'2015-01-02 19:22:42',418,1,0),
 (2240,58,4,2,'2015-01-02 19:22:42',417,4,0),
 (2241,58,0,6,'2015-01-02 19:22:42',419,3,0),
 (2242,58,2,4,'2015-01-02 19:22:42',418,1,0),
 (2243,58,3,2,'2015-01-02 19:22:42',419,3,0),
 (2244,58,3,9,'2015-01-02 19:25:11',419,3,0),
 (2245,58,1,9,'2015-01-02 19:25:18',416,2,0),
 (2246,58,4,9,'2015-01-02 19:25:53',417,4,0),
 (2247,58,0,10,'2015-01-02 20:55:47',0,2,2),
 (2248,58,0,6,'2015-01-02 20:55:47',420,2,2),
 (2249,58,1,2,'2015-01-02 20:55:47',420,2,0),
 (2250,58,0,10,'2015-01-02 21:00:19',0,4,2),
 (2251,58,0,6,'2015-01-02 21:00:19',421,4,2),
 (2252,58,4,2,'2015-01-02 21:00:19',421,4,0),
 (2253,58,0,10,'2015-01-02 21:01:17',0,3,1),
 (2254,58,0,6,'2015-01-02 21:01:17',422,3,1),
 (2255,58,3,2,'2015-01-02 21:01:17',422,3,0),
 (2256,58,1,3,'2015-01-02 21:02:34',420,2,0),
 (2257,0,6,8,'2015-01-02 21:02:43',0,6,0),
 (2258,0,6,7,'2015-01-02 21:02:44',0,6,0),
 (2259,58,3,3,'2015-01-02 21:08:41',422,3,0),
 (2260,58,3,4,'2015-01-02 21:08:41',422,3,0),
 (2261,58,4,3,'2015-01-02 21:09:15',421,4,0),
 (2262,58,4,4,'2015-01-02 21:09:15',421,4,0),
 (2263,58,0,10,'2015-01-02 21:25:03',0,6,6),
 (2264,58,0,6,'2015-01-02 21:25:03',423,6,6),
 (2265,58,3,5,'2015-01-02 21:32:03',422,3,0),
 (2266,0,6,8,'2015-01-02 21:56:47',0,6,0),
 (2267,58,6,2,'2015-01-02 21:56:47',423,6,0),
 (2268,58,6,9,'2015-01-02 22:08:04',423,6,0),
 (2269,58,0,10,'2015-01-02 22:25:48',0,6,1),
 (2270,58,0,6,'2015-01-02 22:25:48',424,6,1),
 (2271,58,6,2,'2015-01-02 22:25:48',424,6,0),
 (2272,58,6,3,'2015-01-02 22:33:04',424,6,0),
 (2273,58,4,5,'2015-01-03 20:49:54',421,4,0),
 (2274,0,6,7,'2015-01-05 14:06:21',0,6,0),
 (2275,58,0,6,'2015-01-05 14:15:26',425,3,8),
 (2276,58,3,4,'2015-01-05 14:15:26',425,3,0),
 (2277,58,3,5,'2015-01-05 14:43:35',425,3,0),
 (2278,58,0,6,'2015-01-05 14:50:29',426,3,8),
 (2279,58,3,4,'2015-01-05 14:50:29',426,3,0),
 (2280,58,3,5,'2015-01-05 15:16:18',426,3,0),
 (2281,58,0,6,'2015-01-05 16:03:52',427,3,8),
 (2282,58,3,4,'2015-01-05 16:03:52',427,3,0),
 (2283,58,3,5,'2015-01-05 16:30:01',427,3,0),
 (2284,58,0,6,'2015-01-05 16:50:03',428,3,8),
 (2285,58,3,4,'2015-01-05 16:50:03',428,3,0),
 (2286,58,3,5,'2015-01-05 17:16:03',428,3,0),
 (2287,58,0,6,'2015-01-05 17:38:54',429,3,8),
 (2288,58,3,4,'2015-01-05 17:38:54',429,3,0),
 (2289,58,3,5,'2015-01-05 18:04:22',429,3,0),
 (2290,58,0,6,'2015-01-05 19:01:44',430,3,8),
 (2291,58,3,4,'2015-01-05 19:01:44',430,3,0),
 (2292,58,3,5,'2015-01-05 19:28:18',430,3,0),
 (2293,58,0,6,'2015-01-05 20:42:52',431,3,8),
 (2294,58,3,4,'2015-01-05 20:42:52',431,3,0),
 (2295,58,3,5,'2015-01-05 21:09:28',431,3,0),
 (2296,58,0,6,'2015-01-05 21:51:30',432,3,8),
 (2297,58,3,4,'2015-01-05 21:51:30',432,3,0),
 (2298,58,3,5,'2015-01-05 22:12:57',432,3,0),
 (2299,58,2,5,'2015-01-06 04:16:04',418,1,0),
 (2300,58,0,6,'2015-01-06 14:29:50',433,4,2),
 (2301,58,4,4,'2015-01-06 14:29:50',433,4,0),
 (2302,58,4,5,'2015-01-06 15:42:18',433,4,0),
 (2303,58,0,6,'2015-01-06 15:51:10',434,4,2),
 (2304,58,4,4,'2015-01-06 15:51:10',434,4,0),
 (2305,58,0,6,'2015-01-06 16:12:39',435,4,2),
 (2306,58,4,5,'2015-01-06 16:26:22',434,4,0),
 (2307,58,4,4,'2015-01-06 16:26:22',435,4,0),
 (2308,58,4,5,'2015-01-06 16:32:54',435,4,0),
 (2309,58,0,6,'2015-01-06 16:34:19',436,4,2),
 (2310,58,4,4,'2015-01-06 16:34:19',436,4,0),
 (2311,58,4,5,'2015-01-06 17:11:48',436,4,0),
 (2312,58,0,6,'2015-01-06 17:14:32',437,4,2),
 (2313,58,4,4,'2015-01-06 17:14:32',437,4,0),
 (2314,58,0,6,'2015-01-06 17:14:33',438,4,2),
 (2315,58,4,5,'2015-01-06 17:51:10',437,4,0),
 (2316,58,4,4,'2015-01-06 17:51:10',438,4,0),
 (2317,58,0,6,'2015-01-06 18:29:54',439,3,8),
 (2318,58,3,4,'2015-01-06 18:29:54',439,3,0),
 (2319,58,4,5,'2015-01-06 18:51:46',438,4,0),
 (2320,58,3,5,'2015-01-06 18:53:52',439,3,0),
 (2321,58,0,6,'2015-01-06 18:53:54',440,4,2),
 (2322,58,4,4,'2015-01-06 18:53:54',440,4,0),
 (2323,58,0,6,'2015-01-06 19:19:21',441,3,8),
 (2324,58,3,4,'2015-01-06 19:19:21',441,3,0),
 (2325,10,0,10,'2015-01-06 19:34:15',0,6,7),
 (2326,10,0,6,'2015-01-06 19:34:15',442,6,7),
 (2327,0,6,8,'2015-01-06 19:35:08',0,6,0),
 (2328,10,6,2,'2015-01-06 19:35:08',442,6,0),
 (2329,58,4,5,'2015-01-06 19:37:12',440,4,0),
 (2330,58,3,5,'2015-01-06 19:40:39',441,3,0),
 (2331,58,0,6,'2015-01-06 19:42:41',443,3,8),
 (2332,58,3,4,'2015-01-06 19:42:41',443,3,0),
 (2333,10,0,10,'2015-01-06 19:50:15',0,6,7),
 (2334,10,0,6,'2015-01-06 19:50:15',444,6,7),
 (2335,0,6,7,'2015-01-06 19:50:55',0,6,0),
 (2336,0,6,8,'2015-01-06 19:50:56',0,6,0),
 (2337,10,6,2,'2015-01-06 19:50:56',444,6,0),
 (2338,58,3,5,'2015-01-06 20:04:03',443,3,0),
 (2339,58,0,6,'2015-01-06 20:21:50',445,4,2),
 (2340,58,4,4,'2015-01-06 20:21:50',445,4,0),
 (2341,58,4,5,'2015-01-06 20:22:05',445,4,0),
 (2342,58,0,6,'2015-01-06 20:22:37',446,4,2),
 (2343,58,4,4,'2015-01-06 20:22:37',446,4,0),
 (2344,58,4,5,'2015-01-06 20:22:51',446,4,0),
 (2345,58,0,6,'2015-01-06 20:23:50',447,4,2),
 (2346,58,4,4,'2015-01-06 20:23:50',447,4,0),
 (2347,58,0,6,'2015-01-06 20:34:31',448,4,2),
 (2348,58,0,6,'2015-01-06 20:37:24',449,4,2),
 (2349,58,0,6,'2015-01-06 20:37:36',450,4,2),
 (2350,58,0,6,'2015-01-06 20:37:48',451,4,2),
 (2351,58,0,6,'2015-01-06 20:37:59',452,4,2),
 (2352,58,0,6,'2015-01-06 20:38:21',453,4,2),
 (2353,58,0,6,'2015-01-06 20:40:06',454,4,2),
 (2354,10,6,3,'2015-01-06 20:50:16',444,6,0),
 (2355,58,0,6,'2015-01-06 20:58:58',455,3,8),
 (2356,58,3,4,'2015-01-06 20:58:58',455,3,0),
 (2357,58,4,5,'2015-01-06 21:01:40',447,4,0),
 (2358,58,4,4,'2015-01-06 21:01:40',448,4,0),
 (2359,58,3,5,'2015-01-06 21:20:24',455,3,0),
 (2360,58,0,6,'2015-01-06 21:27:58',456,3,8),
 (2361,58,3,4,'2015-01-06 21:27:58',456,3,0),
 (2362,58,4,5,'2015-01-06 21:34:07',448,4,0),
 (2363,58,4,4,'2015-01-06 21:34:07',449,4,0),
 (2364,58,3,5,'2015-01-06 21:49:18',456,3,0),
 (2365,58,0,6,'2015-01-06 21:55:39',457,3,8),
 (2366,58,3,4,'2015-01-06 21:55:39',457,3,0),
 (2367,58,4,5,'2015-01-06 21:58:42',449,4,0),
 (2368,58,4,4,'2015-01-06 21:58:42',450,4,0),
 (2369,0,6,7,'2015-01-06 22:15:41',0,6,0),
 (2370,58,3,5,'2015-01-06 22:20:56',457,3,0),
 (2371,58,4,5,'2015-01-06 23:22:58',450,4,0),
 (2372,58,4,4,'2015-01-06 23:22:58',451,4,0),
 (2373,58,4,5,'2015-01-07 00:05:57',451,4,0),
 (2374,58,4,4,'2015-01-07 00:05:57',452,4,0),
 (2375,59,0,1,'2015-01-07 01:02:52',0,1,0),
 (2376,59,0,6,'2015-01-07 01:02:52',458,2,0),
 (2377,59,0,6,'2015-01-07 01:02:52',459,6,0),
 (2378,59,1,2,'2015-01-07 01:02:52',458,2,0),
 (2379,58,4,5,'2015-01-07 01:04:49',452,4,0),
 (2380,58,4,4,'2015-01-07 01:04:49',453,4,0),
 (2381,58,4,5,'2015-01-07 01:06:13',453,4,0),
 (2382,58,4,4,'2015-01-07 01:06:13',454,4,0),
 (2383,0,6,8,'2015-01-07 01:06:16',0,6,0),
 (2384,59,6,2,'2015-01-07 01:06:16',459,6,0),
 (2385,0,6,7,'2015-01-07 01:06:26',0,6,0),
 (2386,58,4,5,'2015-01-07 01:07:45',454,4,0),
 (2387,59,6,3,'2015-01-07 01:14:39',459,6,0),
 (2388,58,0,6,'2015-01-07 13:43:24',460,4,2),
 (2389,58,4,4,'2015-01-07 13:43:24',460,4,0),
 (2390,58,0,6,'2015-01-07 14:17:02',461,3,8),
 (2391,58,3,4,'2015-01-07 14:17:02',461,3,0),
 (2392,58,3,5,'2015-01-07 14:41:37',461,3,0),
 (2393,58,4,5,'2015-01-07 14:53:12',460,4,0),
 (2394,58,0,6,'2015-01-07 14:59:02',462,3,8),
 (2395,58,3,4,'2015-01-07 14:59:02',462,3,0),
 (2396,58,3,5,'2015-01-07 15:20:26',462,3,0),
 (2397,58,0,6,'2015-01-07 15:24:58',463,3,8),
 (2398,58,3,4,'2015-01-07 15:24:58',463,3,0),
 (2399,58,3,5,'2015-01-07 15:46:27',463,3,0),
 (2400,58,0,6,'2015-01-07 16:19:51',464,4,2),
 (2401,58,4,4,'2015-01-07 16:19:51',464,4,0),
 (2402,58,0,6,'2015-01-07 16:40:21',465,3,8),
 (2403,58,3,4,'2015-01-07 16:40:21',465,3,0),
 (2404,58,4,5,'2015-01-07 16:42:08',464,4,0),
 (2405,58,3,5,'2015-01-07 17:01:34',465,3,0),
 (2406,0,4,7,'2015-01-07 17:41:22',0,4,0),
 (2407,0,3,7,'2015-01-07 17:47:19',0,3,0),
 (2408,0,3,8,'2015-01-07 18:00:39',0,3,0),
 (2409,0,2,7,'2015-01-07 18:02:26',0,1,0),
 (2410,0,2,8,'2015-01-07 18:02:26',0,1,0),
 (2411,0,4,8,'2015-01-07 18:02:30',0,4,0),
 (2412,0,4,7,'2015-01-07 18:02:30',0,4,0),
 (2413,0,3,7,'2015-01-07 18:04:08',0,3,0),
 (2414,0,2,7,'2015-01-07 18:08:31',0,1,0),
 (2415,0,13,8,'2015-01-07 18:12:44',0,8,0),
 (2416,0,12,8,'2015-01-07 18:12:44',0,8,0),
 (2417,0,11,8,'2015-01-07 18:12:44',0,8,0),
 (2418,0,10,8,'2015-01-07 18:12:44',0,8,0),
 (2419,0,9,8,'2015-01-07 18:12:44',0,8,0),
 (2420,0,8,8,'2015-01-07 18:12:44',0,8,0),
 (2421,0,13,7,'2015-01-07 18:12:45',0,8,0),
 (2422,0,12,7,'2015-01-07 18:12:45',0,8,0),
 (2423,0,11,7,'2015-01-07 18:12:45',0,8,0),
 (2424,0,10,7,'2015-01-07 18:12:45',0,8,0),
 (2425,0,9,7,'2015-01-07 18:12:45',0,8,0),
 (2426,0,8,7,'2015-01-07 18:12:45',0,8,0),
 (2427,0,13,8,'2015-01-07 18:12:46',0,8,0),
 (2428,0,12,8,'2015-01-07 18:12:46',0,8,0),
 (2429,0,11,8,'2015-01-07 18:12:46',0,8,0),
 (2430,0,10,8,'2015-01-07 18:12:46',0,8,0),
 (2431,0,9,8,'2015-01-07 18:12:46',0,8,0),
 (2432,0,8,8,'2015-01-07 18:12:46',0,8,0),
 (2433,0,13,7,'2015-01-07 18:12:49',0,8,0),
 (2434,0,12,7,'2015-01-07 18:12:49',0,8,0),
 (2435,0,11,7,'2015-01-07 18:12:49',0,8,0),
 (2436,0,10,7,'2015-01-07 18:12:49',0,8,0),
 (2437,0,9,7,'2015-01-07 18:12:49',0,8,0),
 (2438,0,8,7,'2015-01-07 18:12:49',0,8,0),
 (2439,0,13,8,'2015-01-07 18:12:49',0,8,0),
 (2440,0,12,8,'2015-01-07 18:12:49',0,8,0),
 (2441,0,11,8,'2015-01-07 18:12:49',0,8,0),
 (2442,0,10,8,'2015-01-07 18:12:49',0,8,0),
 (2443,0,9,8,'2015-01-07 18:12:49',0,8,0),
 (2444,0,8,8,'2015-01-07 18:12:49',0,8,0),
 (2445,0,13,7,'2015-01-07 18:12:54',0,8,0),
 (2446,0,12,7,'2015-01-07 18:12:54',0,8,0),
 (2447,0,11,7,'2015-01-07 18:12:54',0,8,0),
 (2448,0,10,7,'2015-01-07 18:12:54',0,8,0),
 (2449,0,9,7,'2015-01-07 18:12:54',0,8,0),
 (2450,0,8,7,'2015-01-07 18:12:54',0,8,0),
 (2451,0,4,8,'2015-01-07 18:13:43',0,4,0),
 (2452,0,4,7,'2015-01-07 18:13:43',0,4,0),
 (2453,0,2,8,'2015-01-07 18:16:07',0,1,0),
 (2454,0,2,7,'2015-01-07 18:16:08',0,1,0),
 (2455,0,2,8,'2015-01-07 18:17:21',0,1,0),
 (2456,0,2,7,'2015-01-07 18:17:22',0,1,0),
 (2457,0,2,8,'2015-01-07 18:18:15',0,1,0),
 (2458,0,2,7,'2015-01-07 18:19:00',0,1,0),
 (2459,0,4,8,'2015-01-07 18:19:43',0,4,0),
 (2460,0,4,7,'2015-01-07 18:19:45',0,4,0),
 (2461,0,1,7,'2015-01-07 18:19:55',0,2,0),
 (2462,0,1,8,'2015-01-07 18:19:55',0,2,0),
 (2463,0,1,7,'2015-01-07 18:19:56',0,2,0),
 (2464,0,1,8,'2015-01-07 18:19:57',0,2,0),
 (2465,0,4,8,'2015-01-07 18:20:08',0,4,0),
 (2466,0,4,7,'2015-01-07 18:20:09',0,4,0),
 (2467,0,1,7,'2015-01-07 18:20:17',0,2,0),
 (2468,0,4,8,'2015-01-07 18:27:04',0,4,0),
 (2469,0,4,7,'2015-01-07 18:27:08',0,4,0),
 (2470,60,0,1,'2015-01-07 18:53:45',0,1,0),
 (2471,60,0,6,'2015-01-07 18:53:45',466,2,0),
 (2472,60,0,6,'2015-01-07 18:53:45',467,5,0),
 (2473,60,0,6,'2015-01-07 18:53:45',468,1,0),
 (2474,60,0,6,'2015-01-07 18:53:45',469,3,0),
 (2475,60,0,6,'2015-01-07 18:53:45',470,4,0),
 (2476,0,1,8,'2015-01-07 19:35:09',0,2,0),
 (2477,60,1,2,'2015-01-07 19:35:09',466,2,0),
 (2478,60,1,3,'2015-01-07 19:41:37',466,2,0),
 (2479,0,4,8,'2015-01-07 19:41:56',0,4,0),
 (2480,60,4,2,'2015-01-07 19:41:56',470,4,0),
 (2481,0,3,8,'2015-01-07 19:42:40',0,3,0),
 (2482,60,3,2,'2015-01-07 19:42:40',469,3,0),
 (2483,0,3,7,'2015-01-07 19:42:40',0,3,0),
 (2484,0,3,8,'2015-01-07 19:42:42',0,3,0),
 (2485,60,3,3,'2015-01-07 19:49:22',469,3,0),
 (2486,60,3,4,'2015-01-07 19:49:22',469,3,0),
 (2487,60,4,3,'2015-01-07 19:49:31',470,4,0),
 (2488,60,4,4,'2015-01-07 19:49:31',470,4,0),
 (2489,0,5,8,'2015-01-07 20:02:06',0,5,0),
 (2490,60,5,2,'2015-01-07 20:02:06',467,5,0),
 (2491,60,5,9,'2015-01-07 20:05:10',467,5,0),
 (2492,60,3,5,'2015-01-07 20:07:21',469,3,0),
 (2493,0,5,7,'2015-01-07 20:16:03',0,5,0),
 (2494,60,0,10,'2015-01-07 20:41:26',0,5,7),
 (2495,60,0,6,'2015-01-07 20:41:26',471,5,7),
 (2496,0,5,8,'2015-01-07 20:41:51',0,5,0),
 (2497,60,5,2,'2015-01-07 20:41:51',471,5,0),
 (2498,60,5,3,'2015-01-07 20:48:37',471,5,0),
 (2499,60,0,6,'2015-01-07 20:51:46',472,3,8),
 (2500,60,3,4,'2015-01-07 20:51:46',472,3,0),
 (2501,60,4,5,'2015-01-07 20:59:19',470,4,0),
 (2502,60,3,5,'2015-01-07 21:13:56',472,3,0),
 (2503,60,0,6,'2015-01-07 21:42:11',473,3,1),
 (2504,60,3,4,'2015-01-07 21:42:11',473,3,0),
 (2505,60,0,6,'2015-01-07 21:47:38',474,3,8),
 (2506,60,3,5,'2015-01-07 22:02:37',473,3,0),
 (2507,60,3,4,'2015-01-07 22:02:37',474,3,0),
 (2508,60,3,5,'2015-01-07 22:28:14',474,3,0),
 (2509,60,0,6,'2015-01-08 02:44:46',475,1,16),
 (2510,0,1,7,'2015-01-08 02:59:03',0,2,0),
 (2511,0,3,7,'2015-01-08 02:59:04',0,3,0),
 (2512,0,4,7,'2015-01-08 02:59:05',0,4,0),
 (2513,0,5,7,'2015-01-08 02:59:08',0,5,0),
 (2514,60,0,1,'2015-01-08 03:04:43',0,1,0),
 (2515,60,0,6,'2015-01-08 03:04:43',476,2,0),
 (2516,60,0,6,'2015-01-08 03:04:43',477,1,0),
 (2517,0,2,8,'2015-01-08 03:09:27',0,1,0),
 (2518,60,2,4,'2015-01-08 03:09:27',477,1,0),
 (2519,60,0,6,'2015-01-08 13:59:26',478,3,8),
 (2520,60,0,6,'2015-01-08 14:01:27',479,3,8),
 (2521,0,3,8,'2015-01-08 14:02:52',0,3,0),
 (2522,60,3,4,'2015-01-08 14:02:52',478,3,0),
 (2523,60,3,5,'2015-01-08 14:27:25',478,3,0),
 (2524,60,3,4,'2015-01-08 14:27:25',479,3,0),
 (2525,60,0,6,'2015-01-08 14:41:04',480,4,2),
 (2526,0,4,8,'2015-01-08 14:41:06',0,4,0),
 (2527,60,4,4,'2015-01-08 14:41:06',480,4,0),
 (2528,60,3,5,'2015-01-08 14:48:52',479,3,0),
 (2529,60,0,6,'2015-01-08 14:51:36',481,4,2),
 (2530,60,2,5,'2015-01-08 15:45:48',477,1,0),
 (2531,60,4,5,'2015-01-08 15:50:24',480,4,0),
 (2532,60,4,4,'2015-01-08 15:50:24',481,4,0),
 (2533,60,4,5,'2015-01-08 16:12:19',481,4,0),
 (2534,60,0,10,'2015-01-08 16:30:56',0,4,4),
 (2535,60,0,6,'2015-01-08 16:30:56',482,4,4),
 (2536,60,4,2,'2015-01-08 16:30:56',482,4,0),
 (2537,60,4,3,'2015-01-08 16:37:46',482,4,0),
 (2538,60,4,4,'2015-01-08 16:37:46',482,4,0),
 (2539,60,0,6,'2015-01-09 03:32:59',483,4,2),
 (2540,60,0,6,'2015-01-09 03:33:01',484,4,2),
 (2541,60,0,6,'2015-01-09 14:15:10',485,4,2),
 (2542,60,0,6,'2015-01-09 14:15:10',486,4,2),
 (2543,60,4,5,'2015-01-09 17:20:37',482,4,0),
 (2544,60,4,4,'2015-01-09 17:20:37',483,4,0),
 (2545,60,4,5,'2015-01-09 17:55:59',483,4,0),
 (2546,60,4,4,'2015-01-09 17:55:59',484,4,0),
 (2547,60,4,5,'2015-01-09 18:02:32',484,4,0),
 (2548,60,4,4,'2015-01-09 18:02:32',485,4,0),
 (2549,60,4,5,'2015-01-09 19:13:28',485,4,0),
 (2550,60,4,4,'2015-01-09 19:13:28',486,4,0),
 (2551,60,4,5,'2015-01-09 19:35:17',486,4,0),
 (2552,60,0,6,'2015-01-11 19:13:04',487,4,2),
 (2553,60,4,4,'2015-01-11 19:13:04',487,4,0),
 (2554,60,0,6,'2015-01-11 19:13:05',488,4,2),
 (2555,60,4,5,'2015-01-11 20:22:53',487,4,0),
 (2556,60,4,4,'2015-01-11 20:22:53',488,4,0),
 (2557,60,4,5,'2015-01-11 20:45:41',488,4,0),
 (2558,60,0,6,'2015-01-12 00:24:47',489,4,2),
 (2559,60,4,4,'2015-01-12 00:24:47',489,4,0),
 (2560,60,4,5,'2015-01-12 00:33:01',489,4,0),
 (2561,60,0,6,'2015-01-12 12:44:02',490,4,2),
 (2562,60,4,4,'2015-01-12 12:44:02',490,4,0),
 (2563,60,0,6,'2015-01-12 14:14:13',491,4,2),
 (2564,60,4,5,'2015-01-12 14:14:50',490,4,0),
 (2565,60,4,4,'2015-01-12 14:14:51',491,4,0),
 (2566,60,4,5,'2015-01-12 14:23:20',491,4,0),
 (2567,60,0,6,'2015-01-12 14:54:13',492,4,2),
 (2568,60,4,4,'2015-01-12 14:54:13',492,4,0),
 (2569,60,0,6,'2015-01-12 14:56:12',493,4,2),
 (2570,60,0,6,'2015-01-12 15:27:54',494,4,2),
 (2571,60,4,5,'2015-01-12 15:32:47',492,4,0),
 (2572,60,4,4,'2015-01-12 15:32:47',494,4,0),
 (2573,60,4,5,'2015-01-12 15:41:52',494,4,0),
 (2574,60,0,6,'2015-01-12 20:29:59',495,3,8),
 (2575,60,3,4,'2015-01-12 20:29:59',495,3,0),
 (2576,60,3,5,'2015-01-12 20:54:25',495,3,0),
 (2577,60,0,10,'2015-01-12 21:09:32',0,6,1),
 (2578,60,0,6,'2015-01-12 21:09:32',496,6,1),
 (2579,0,6,8,'2015-01-12 21:18:38',0,6,0),
 (2580,60,6,2,'2015-01-12 21:18:38',496,6,0),
 (2581,60,6,3,'2015-01-12 21:28:39',496,6,0),
 (2582,0,2,7,'2015-01-12 21:55:55',0,1,0),
 (2583,0,3,7,'2015-01-12 21:55:55',0,3,0),
 (2584,0,4,7,'2015-01-12 21:55:56',0,4,0),
 (2585,0,6,7,'2015-01-12 21:55:57',0,6,0),
 (2594,0,2,8,'2015-01-12 22:17:52',0,1,0),
 (2595,0,2,7,'2015-01-12 22:17:55',0,1,0),
 (2596,60,0,6,'2015-01-12 22:18:08',501,3,1),
 (2597,0,2,8,'2015-01-12 22:21:27',0,1,0),
 (2598,0,3,8,'2015-01-12 22:21:28',0,3,0),
 (2599,0,4,8,'2015-01-12 22:21:28',0,4,0),
 (2600,0,6,8,'2015-01-12 22:21:30',0,6,0),
 (2601,60,0,6,'2015-01-13 13:54:23',502,3,8),
 (2602,60,3,4,'2015-01-13 13:54:23',502,3,0),
 (2603,60,0,6,'2015-01-13 14:16:14',503,4,1),
 (2604,60,4,4,'2015-01-13 14:16:14',503,4,0),
 (2605,60,3,5,'2015-01-13 14:18:28',502,3,0),
 (2606,60,0,6,'2015-01-13 14:20:32',504,3,8),
 (2607,60,3,4,'2015-01-13 14:20:32',504,3,0),
 (2610,60,3,5,'2015-01-13 14:42:29',504,3,0),
 (2611,0,1,8,'2015-01-13 14:44:40',0,2,0),
 (2613,0,4,7,'2015-01-13 14:46:37',0,4,0),
 (2614,0,4,8,'2015-01-13 14:46:38',0,4,0),
 (2615,63,0,1,'2015-01-13 14:49:35',0,1,0),
 (2616,63,0,6,'2015-01-13 14:49:35',506,2,0),
 (2617,63,0,1,'2015-01-13 14:51:15',0,1,0),
 (2618,63,0,6,'2015-01-13 14:51:15',507,2,0),
 (2619,63,1,2,'2015-01-13 14:51:15',507,2,0),
 (2620,63,0,1,'2015-01-13 14:57:25',0,1,0),
 (2621,63,0,6,'2015-01-13 14:57:25',508,2,0),
 (2622,63,0,1,'2015-01-13 14:58:21',0,1,0),
 (2623,63,0,6,'2015-01-13 14:58:21',509,2,0),
 (2624,63,1,2,'2015-01-13 14:58:21',509,2,0),
 (2625,63,1,3,'2015-01-13 15:00:10',509,2,0),
 (2626,60,0,6,'2015-01-13 15:02:29',510,3,8),
 (2627,60,3,4,'2015-01-13 15:02:29',510,3,0),
 (2628,60,3,5,'2015-01-13 15:23:52',510,3,0),
 (2629,60,0,6,'2015-01-13 15:33:45',511,3,8),
 (2630,60,3,4,'2015-01-13 15:33:45',511,3,0),
 (2631,60,4,5,'2015-01-13 15:47:42',503,4,0),
 (2632,0,18,8,'2015-01-13 15:53:40',0,10,0),
 (2633,0,17,8,'2015-01-13 15:53:40',0,10,0),
 (2634,0,16,8,'2015-01-13 15:53:40',0,10,0),
 (2635,0,15,8,'2015-01-13 15:53:46',0,9,0),
 (2636,0,14,8,'2015-01-13 15:53:46',0,9,0),
 (2637,0,13,8,'2015-01-13 15:53:47',0,8,0),
 (2638,0,12,8,'2015-01-13 15:53:47',0,8,0),
 (2639,0,11,8,'2015-01-13 15:53:47',0,8,0),
 (2640,0,10,8,'2015-01-13 15:53:47',0,8,0),
 (2641,0,9,8,'2015-01-13 15:53:47',0,8,0),
 (2642,0,8,8,'2015-01-13 15:53:47',0,8,0),
 (2643,0,7,8,'2015-01-13 15:53:48',0,7,0),
 (2644,0,5,8,'2015-01-13 15:53:49',0,5,0),
 (2645,60,3,5,'2015-01-13 15:55:16',511,3,0),
 (2646,60,0,6,'2015-01-13 16:03:20',512,3,8),
 (2647,60,3,4,'2015-01-13 16:03:21',512,3,0),
 (2648,60,3,5,'2015-01-13 16:24:43',512,3,0),
 (2649,63,0,1,'2015-01-13 16:46:24',0,1,0),
 (2650,63,0,6,'2015-01-13 16:46:24',513,2,0),
 (2651,63,1,2,'2015-01-13 16:46:24',513,2,0),
 (2652,63,1,3,'2015-01-13 16:48:17',513,2,0),
 (2653,63,1,4,'2015-01-13 16:48:17',513,2,0),
 (2654,63,1,5,'2015-01-13 16:48:18',513,2,0),
 (2655,63,0,1,'2015-01-13 16:51:17',0,1,0),
 (2656,63,0,6,'2015-01-13 16:51:17',514,2,0),
 (2657,63,0,6,'2015-01-13 16:51:17',515,4,0),
 (2658,63,1,2,'2015-01-13 16:51:17',514,2,0),
 (2659,63,4,2,'2015-01-13 16:51:17',515,4,0),
 (2660,63,1,3,'2015-01-13 16:52:59',514,2,0),
 (2661,63,1,4,'2015-01-13 16:52:59',514,2,0),
 (2662,63,1,5,'2015-01-13 16:52:59',514,2,0),
 (2663,63,4,3,'2015-01-13 16:53:39',515,4,0),
 (2664,63,4,4,'2015-01-13 16:53:39',515,4,0),
 (2665,63,4,5,'2015-01-13 16:53:40',515,4,0),
 (2666,0,15,8,'2015-01-13 17:44:23',0,9,0),
 (2667,0,14,8,'2015-01-13 17:44:23',0,9,0),
 (2668,0,18,8,'2015-01-13 17:50:00',0,10,0),
 (2669,0,17,8,'2015-01-13 17:50:00',0,10,0),
 (2670,0,16,8,'2015-01-13 17:50:00',0,10,0),
 (2671,63,0,1,'2015-01-13 17:55:16',0,1,0),
 (2672,63,0,6,'2015-01-13 17:55:16',516,2,0),
 (2673,63,0,6,'2015-01-13 17:55:16',517,10,0),
 (2674,63,0,6,'2015-01-13 17:55:16',518,4,0),
 (2675,63,18,2,'2015-01-13 17:55:16',517,10,0),
 (2676,63,18,3,'2015-01-13 17:56:36',517,10,0),
 (2677,63,18,4,'2015-01-13 17:56:36',517,10,0),
 (2678,63,18,5,'2015-01-13 17:56:36',517,10,0),
 (2679,0,1,8,'2015-01-13 18:00:40',0,2,0),
 (2680,63,1,2,'2015-01-13 18:00:40',516,2,0),
 (2681,0,4,8,'2015-01-13 18:00:48',0,4,0),
 (2682,63,4,2,'2015-01-13 18:00:48',518,4,0),
 (2683,63,1,3,'2015-01-13 18:02:33',516,2,0),
 (2684,63,1,4,'2015-01-13 18:02:33',516,2,0),
 (2685,63,1,5,'2015-01-13 18:02:34',516,2,0),
 (2686,63,4,3,'2015-01-13 18:03:14',518,4,0),
 (2687,63,4,4,'2015-01-13 18:03:14',518,4,0),
 (2688,63,4,5,'2015-01-13 18:03:16',518,4,0),
 (2689,63,0,1,'2015-01-13 18:15:48',0,1,0),
 (2690,63,0,6,'2015-01-13 18:15:48',519,2,0),
 (2691,63,0,6,'2015-01-13 18:15:48',520,10,0),
 (2692,63,0,6,'2015-01-13 18:15:48',521,4,0),
 (2693,63,18,2,'2015-01-13 18:15:48',520,10,0),
 (2694,63,18,3,'2015-01-13 18:17:16',520,10,0),
 (2695,63,18,4,'2015-01-13 18:17:16',520,10,0),
 (2696,63,18,5,'2015-01-13 18:17:16',520,10,0),
 (2697,0,15,8,'2015-01-13 20:15:58',0,9,0),
 (2698,0,14,8,'2015-01-13 20:15:58',0,9,0),
 (2699,0,15,7,'2015-01-13 20:15:59',0,9,0),
 (2700,0,14,7,'2015-01-13 20:15:59',0,9,0),
 (2701,0,13,8,'2015-01-13 20:15:59',0,8,0),
 (2702,0,12,8,'2015-01-13 20:15:59',0,8,0),
 (2703,0,11,8,'2015-01-13 20:15:59',0,8,0),
 (2704,0,10,8,'2015-01-13 20:15:59',0,8,0),
 (2705,0,9,8,'2015-01-13 20:15:59',0,8,0),
 (2706,0,8,8,'2015-01-13 20:15:59',0,8,0),
 (2707,0,13,7,'2015-01-13 20:15:59',0,8,0),
 (2708,0,12,7,'2015-01-13 20:15:59',0,8,0),
 (2709,0,11,7,'2015-01-13 20:15:59',0,8,0),
 (2710,0,10,7,'2015-01-13 20:15:59',0,8,0),
 (2711,0,9,7,'2015-01-13 20:15:59',0,8,0),
 (2712,0,8,7,'2015-01-13 20:15:59',0,8,0),
 (2713,0,7,8,'2015-01-13 20:16:00',0,7,0),
 (2714,0,7,7,'2015-01-13 20:16:00',0,7,0),
 (2715,0,6,8,'2015-01-13 20:16:01',0,6,0),
 (2716,0,6,7,'2015-01-13 20:16:01',0,6,0),
 (2717,0,5,8,'2015-01-13 20:16:01',0,5,0),
 (2718,0,5,7,'2015-01-13 20:16:02',0,5,0),
 (2719,0,4,8,'2015-01-13 20:16:02',0,4,0),
 (2720,63,4,2,'2015-01-13 20:16:02',521,4,0),
 (2721,0,4,7,'2015-01-13 20:16:02',0,4,0),
 (2722,0,2,8,'2015-01-13 20:16:03',0,1,0),
 (2723,0,2,7,'2015-01-13 20:16:04',0,1,0),
 (2724,0,1,8,'2015-01-13 20:16:04',0,2,0),
 (2725,63,1,2,'2015-01-13 20:16:04',519,2,0),
 (2726,0,1,7,'2015-01-13 20:16:04',0,2,0),
 (2727,63,1,3,'2015-01-13 20:17:51',519,2,0),
 (2728,63,1,4,'2015-01-13 20:17:51',519,2,0),
 (2729,63,1,5,'2015-01-13 20:17:52',519,2,0),
 (2730,0,1,8,'2015-01-13 20:18:03',0,2,0),
 (2731,63,4,3,'2015-01-13 20:18:28',521,4,0),
 (2732,63,4,4,'2015-01-13 20:18:28',521,4,0),
 (2733,63,4,5,'2015-01-13 20:18:30',521,4,0),
 (2734,0,1,8,'2015-01-13 20:19:05',0,2,0),
 (2735,0,1,7,'2015-01-13 20:19:05',0,2,0),
 (2736,60,0,6,'2015-01-13 20:49:39',522,3,8),
 (2737,60,3,4,'2015-01-13 20:49:39',522,3,0),
 (2738,60,3,5,'2015-01-13 21:11:03',522,3,0),
 (2739,60,0,6,'2015-01-13 21:13:54',523,3,8),
 (2740,60,3,4,'2015-01-13 21:13:54',523,3,0),
 (2741,60,3,5,'2015-01-13 21:35:26',523,3,0),
 (2742,60,0,6,'2015-01-13 21:38:52',524,3,8),
 (2743,60,3,4,'2015-01-13 21:38:52',524,3,0),
 (2744,60,3,5,'2015-01-13 22:00:28',524,3,0),
 (2745,60,0,6,'2015-01-14 13:39:43',525,3,8),
 (2746,60,3,4,'2015-01-14 13:39:43',525,3,0),
 (2747,60,0,6,'2015-01-14 14:05:17',526,4,1),
 (2748,60,0,6,'2015-01-14 14:05:18',527,4,1),
 (2749,60,3,5,'2015-01-14 14:07:03',525,3,0),
 (2750,0,4,8,'2015-01-14 14:13:19',0,4,0),
 (2751,60,4,4,'2015-01-14 14:13:19',526,4,0),
 (2752,60,0,6,'2015-01-14 14:26:15',528,3,8),
 (2753,60,3,4,'2015-01-14 14:26:15',528,3,0),
 (2754,60,3,5,'2015-01-14 14:51:41',528,3,0),
 (2755,60,4,5,'2015-01-14 15:23:21',526,4,0),
 (2756,60,4,4,'2015-01-14 15:23:21',527,4,0),
 (2757,60,4,5,'2015-01-14 15:45:35',527,4,0),
 (2758,60,0,6,'2015-01-14 16:14:35',529,3,8),
 (2759,60,3,4,'2015-01-14 16:14:35',529,3,0),
 (2760,60,3,5,'2015-01-14 16:40:09',529,3,0),
 (2761,60,0,6,'2015-01-14 16:56:02',530,3,8),
 (2762,60,3,4,'2015-01-14 16:56:02',530,3,0),
 (2763,0,18,7,'2015-01-14 17:03:18',0,10,0),
 (2764,0,17,7,'2015-01-14 17:03:18',0,10,0),
 (2765,0,16,7,'2015-01-14 17:03:18',0,10,0),
 (2766,0,4,7,'2015-01-14 17:03:18',0,4,0),
 (2767,0,3,7,'2015-01-14 17:03:20',0,3,0),
 (2768,60,3,5,'2015-01-14 17:34:42',530,3,0),
 (2778,63,0,1,'2015-01-14 17:40:50',0,11,0),
 (2779,63,0,6,'2015-01-14 17:40:50',538,2,0),
 (2780,63,0,6,'2015-01-14 17:40:50',539,10,0),
 (2781,63,0,6,'2015-01-14 17:40:50',540,4,0),
 (2782,0,1,8,'2015-01-14 17:41:27',0,2,0),
 (2783,63,1,2,'2015-01-14 17:41:27',538,2,0),
 (2784,0,4,8,'2015-01-14 17:41:52',0,4,0),
 (2785,63,4,2,'2015-01-14 17:41:52',540,4,0),
 (2786,63,1,3,'2015-01-14 17:43:17',538,2,0),
 (2787,63,1,4,'2015-01-14 17:43:17',538,2,0),
 (2788,63,1,5,'2015-01-14 17:43:18',538,2,0),
 (2789,63,4,3,'2015-01-14 17:44:21',540,4,0),
 (2790,63,4,4,'2015-01-14 17:44:21',540,4,0),
 (2791,63,4,5,'2015-01-14 17:44:23',540,4,0),
 (2792,0,1,7,'2015-01-14 17:46:16',0,2,0),
 (2793,0,4,7,'2015-01-14 17:46:16',0,4,0),
 (2794,0,3,8,'2015-01-14 17:49:45',0,3,0),
 (2795,0,4,8,'2015-01-14 17:49:46',0,4,0),
 (2796,60,0,6,'2015-01-14 17:53:50',541,3,8),
 (2797,60,3,4,'2015-01-14 17:53:50',541,3,0),
 (2798,60,3,5,'2015-01-14 18:19:46',541,3,0),
 (2799,0,4,7,'2015-01-14 18:35:51',0,4,0),
 (2800,0,1,8,'2015-01-14 18:35:51',0,2,0),
 (2801,0,18,8,'2015-01-14 18:35:55',0,10,0),
 (2802,0,17,8,'2015-01-14 18:35:55',0,10,0),
 (2803,0,16,8,'2015-01-14 18:35:55',0,10,0),
 (2804,60,0,6,'2015-01-14 18:55:43',542,3,8),
 (2805,60,3,4,'2015-01-14 18:55:43',542,3,0),
 (2806,60,3,5,'2015-01-14 19:21:28',542,3,0),
 (2807,60,0,6,'2015-01-14 19:36:30',543,3,8),
 (2808,60,3,4,'2015-01-14 19:36:30',543,3,0),
 (2809,60,3,5,'2015-01-14 20:02:44',543,3,0),
 (2810,60,0,6,'2015-01-14 20:08:23',544,3,8),
 (2811,60,3,4,'2015-01-14 20:08:23',544,3,0),
 (2812,60,3,5,'2015-01-14 20:45:52',544,3,0),
 (2813,60,0,6,'2015-01-14 20:58:14',545,3,8),
 (2814,60,3,4,'2015-01-14 20:58:14',545,3,0),
 (2815,60,3,5,'2015-01-14 21:08:30',545,3,0),
 (2816,60,0,6,'2015-01-14 21:13:46',546,3,8),
 (2817,60,3,4,'2015-01-14 21:13:47',546,3,0),
 (2818,60,3,5,'2015-01-14 21:38:51',546,3,0),
 (2819,60,0,10,'2015-01-14 21:41:04',0,7,7),
 (2820,60,0,6,'2015-01-14 21:41:04',547,7,7),
 (2821,0,7,8,'2015-01-14 21:41:36',0,7,0),
 (2822,60,7,2,'2015-01-14 21:41:36',547,7,0),
 (2823,60,0,6,'2015-01-14 21:42:02',548,3,8),
 (2824,60,3,4,'2015-01-14 21:42:02',548,3,0),
 (2825,60,7,3,'2015-01-14 21:48:53',547,7,0),
 (2826,60,3,5,'2015-01-14 22:03:54',548,3,0),
 (2827,60,0,6,'2015-01-15 13:51:41',549,4,2),
 (2828,60,0,6,'2015-01-15 13:51:42',550,4,2),
 (2829,0,4,8,'2015-01-15 13:51:48',0,4,0),
 (2830,60,4,4,'2015-01-15 13:51:48',549,4,0),
 (2831,0,4,7,'2015-01-15 13:51:48',0,4,0),
 (2832,60,4,5,'2015-01-15 15:00:48',549,4,0),
 (2833,60,4,4,'2015-01-15 15:00:48',550,4,0),
 (2834,60,4,5,'2015-01-15 15:22:50',550,4,0),
 (2835,0,1,7,'2015-01-15 15:44:03',0,2,0),
 (2836,0,3,7,'2015-01-15 15:44:03',0,3,0),
 (2837,0,7,7,'2015-01-15 15:44:04',0,7,0),
 (2838,0,18,7,'2015-01-15 15:44:08',0,10,0),
 (2839,0,17,7,'2015-01-15 15:44:08',0,10,0),
 (2840,0,16,7,'2015-01-15 15:44:08',0,10,0),
 (2841,0,3,8,'2015-01-15 15:47:13',0,3,0),
 (2842,0,4,8,'2015-01-15 15:47:19',0,4,0),
 (2843,0,6,8,'2015-01-15 15:47:29',0,6,0),
 (2844,0,18,8,'2015-01-15 15:47:31',0,10,0),
 (2845,0,17,8,'2015-01-15 15:47:31',0,10,0),
 (2846,0,16,8,'2015-01-15 15:47:31',0,10,0),
 (2847,0,1,8,'2015-01-15 15:47:33',0,2,0),
 (2848,0,1,7,'2015-01-15 16:10:38',0,2,0),
 (2849,0,3,7,'2015-01-15 16:10:39',0,3,0),
 (2850,0,4,7,'2015-01-15 16:10:39',0,4,0),
 (2851,0,6,7,'2015-01-15 16:10:40',0,6,0),
 (2852,0,18,7,'2015-01-15 16:10:41',0,10,0),
 (2853,0,17,7,'2015-01-15 16:10:41',0,10,0),
 (2854,0,16,7,'2015-01-15 16:10:41',0,10,0),
 (2855,0,18,8,'2015-01-15 16:11:24',0,10,0),
 (2856,0,17,8,'2015-01-15 16:11:24',0,10,0),
 (2857,0,16,8,'2015-01-15 16:11:24',0,10,0),
 (2858,0,6,8,'2015-01-15 16:11:24',0,6,0),
 (2859,0,3,8,'2015-01-15 16:11:26',0,3,0),
 (2860,0,4,8,'2015-01-15 16:11:26',0,4,0),
 (2861,0,1,8,'2015-01-15 16:11:27',0,2,0),
 (2862,60,0,6,'2015-01-15 16:18:58',551,4,2),
 (2863,60,4,4,'2015-01-15 16:18:58',551,4,0),
 (2864,60,4,5,'2015-01-15 16:29:21',551,4,0),
 (2865,60,0,6,'2015-01-15 16:38:35',552,4,2),
 (2866,60,4,4,'2015-01-15 16:38:35',552,4,0),
 (2867,60,4,5,'2015-01-15 16:54:36',552,4,0),
 (2868,60,0,6,'2015-01-15 16:59:45',553,4,2),
 (2869,60,4,4,'2015-01-15 16:59:45',553,4,0),
 (2870,60,0,6,'2015-01-15 17:03:18',554,3,8),
 (2871,60,3,4,'2015-01-15 17:03:18',554,3,0),
 (2872,60,4,5,'2015-01-15 17:15:30',553,4,0),
 (2873,58,0,10,'2015-01-15 17:21:57',0,2,1),
 (2874,58,0,6,'2015-01-15 17:21:57',555,2,1),
 (2875,60,0,10,'2015-01-15 17:21:57',0,2,1),
 (2876,58,1,2,'2015-01-15 17:21:57',555,2,0),
 (2877,60,0,6,'2015-01-15 17:21:57',556,2,1),
 (2878,60,3,5,'2015-01-15 17:27:10',554,3,0),
 (2879,58,1,3,'2015-01-15 17:28:25',555,2,0),
 (2880,60,1,2,'2015-01-15 17:28:25',556,2,0),
 (2881,60,0,6,'2015-01-15 17:29:45',557,4,2),
 (2882,60,4,4,'2015-01-15 17:29:45',557,4,0),
 (2883,60,1,3,'2015-01-15 17:34:38',556,2,0),
 (2884,60,4,5,'2015-01-15 17:45:36',557,4,0),
 (2885,60,0,6,'2015-01-15 18:02:00',558,3,8),
 (2886,60,3,4,'2015-01-15 18:02:00',558,3,0),
 (2887,60,3,5,'2015-01-15 18:11:59',558,3,0),
 (2888,60,0,6,'2015-01-15 19:00:27',559,3,8),
 (2889,60,3,4,'2015-01-15 19:00:27',559,3,0),
 (2890,60,3,5,'2015-01-15 19:10:25',559,3,0),
 (2891,60,0,6,'2015-01-15 19:37:15',560,3,8),
 (2892,60,3,4,'2015-01-15 19:37:15',560,3,0),
 (2893,60,3,5,'2015-01-15 19:47:09',560,3,0),
 (2894,60,0,6,'2015-01-15 20:09:04',561,3,8),
 (2895,60,3,4,'2015-01-15 20:09:04',561,3,0),
 (2896,60,3,5,'2015-01-15 20:19:02',561,3,0),
 (2897,0,4,7,'2015-01-15 20:41:51',0,4,0),
 (2898,0,1,7,'2015-01-15 20:41:52',0,2,0),
 (2899,0,3,7,'2015-01-15 20:50:51',0,3,0),
 (2900,0,6,7,'2015-01-15 20:50:52',0,6,0),
 (2901,0,18,7,'2015-01-15 20:50:53',0,10,0),
 (2902,0,17,7,'2015-01-15 20:50:53',0,10,0),
 (2903,0,16,7,'2015-01-15 20:50:53',0,10,0),
 (2904,60,0,6,'2015-01-15 20:56:16',562,3,8),
 (2905,60,0,6,'2015-01-15 20:56:32',563,3,8),
 (2906,60,0,6,'2015-01-15 20:59:24',564,3,8),
 (2907,0,3,8,'2015-01-15 21:14:33',0,3,0),
 (2908,60,3,4,'2015-01-15 21:14:33',562,3,0),
 (2909,60,3,5,'2015-01-15 21:16:37',562,3,0),
 (2910,60,3,4,'2015-01-15 21:16:37',563,3,0),
 (2911,60,3,5,'2015-01-15 21:18:41',563,3,0),
 (2912,60,3,4,'2015-01-15 21:18:41',564,3,0),
 (2913,60,3,5,'2015-01-15 21:28:33',564,3,0),
 (2914,37,0,6,'2015-01-15 21:58:52',565,2,1),
 (2915,60,0,6,'2015-01-15 22:00:48',566,3,8),
 (2916,60,3,4,'2015-01-15 22:00:48',566,3,0),
 (2917,0,1,8,'2015-01-15 22:05:55',0,2,0),
 (2918,37,1,4,'2015-01-15 22:05:55',565,2,0),
 (2919,0,1,7,'2015-01-15 22:06:10',0,2,0),
 (2920,37,1,5,'2015-01-15 22:06:25',565,2,0),
 (2921,0,1,8,'2015-01-15 22:08:39',0,2,0),
 (2922,0,1,7,'2015-01-15 22:08:40',0,2,0),
 (2923,0,1,8,'2015-01-15 22:08:55',0,2,0),
 (2924,0,1,7,'2015-01-15 22:09:06',0,2,0),
 (2925,66,0,1,'2015-01-15 22:17:02',0,1,0),
 (2926,66,0,6,'2015-01-15 22:17:02',567,2,0),
 (2927,60,3,5,'2015-01-15 22:22:02',566,3,0),
 (2928,66,0,10,'2015-01-15 22:33:47',0,1,1),
 (2929,66,0,6,'2015-01-15 22:33:47',568,1,1),
 (2930,66,0,10,'2015-01-15 22:47:35',0,4,1),
 (2931,66,0,6,'2015-01-15 22:47:35',569,4,1),
 (2932,0,2,8,'2015-01-15 23:03:36',0,1,0),
 (2933,66,2,4,'2015-01-15 23:03:36',568,1,0),
 (2934,0,1,8,'2015-01-16 02:31:42',0,2,0),
 (2935,66,1,2,'2015-01-16 02:31:42',567,2,0),
 (2936,0,1,7,'2015-01-16 02:44:01',0,2,0),
 (2937,0,1,8,'2015-01-16 02:44:02',0,2,0),
 (2938,0,3,7,'2015-01-16 02:44:03',0,3,0),
 (2939,0,3,8,'2015-01-16 02:44:03',0,3,0),
 (2940,0,3,7,'2015-01-16 02:44:03',0,3,0),
 (2941,0,2,7,'2015-01-16 02:44:05',0,1,0),
 (2942,0,2,8,'2015-01-16 02:44:05',0,1,0),
 (2943,0,2,7,'2015-01-16 02:44:06',0,1,0),
 (2944,0,1,7,'2015-01-16 02:44:10',0,2,0),
 (2945,66,0,10,'2015-01-16 02:44:46',0,2,1),
 (2946,66,0,6,'2015-01-16 02:44:46',570,2,1),
 (2947,0,1,8,'2015-01-16 02:45:01',0,2,0),
 (2948,66,1,2,'2015-01-16 02:45:01',570,2,0),
 (2949,66,1,3,'2015-01-16 13:40:50',570,2,0),
 (2950,66,0,10,'2015-01-16 13:41:51',0,4,1),
 (2951,66,0,6,'2015-01-16 13:41:51',571,4,1),
 (2952,0,1,7,'2015-01-16 13:45:55',0,2,0),
 (2953,0,1,8,'2015-01-16 13:46:48',0,2,0),
 (2954,0,1,7,'2015-01-16 13:46:49',0,2,0),
 (2955,60,0,6,'2015-01-16 14:19:45',572,3,8),
 (2956,0,3,8,'2015-01-16 14:22:03',0,3,0),
 (2957,60,3,4,'2015-01-16 14:22:03',572,3,0),
 (2958,60,3,5,'2015-01-16 14:46:00',572,3,0),
 (2959,66,0,6,'2015-01-16 15:43:20',573,3,8),
 (2960,66,3,4,'2015-01-16 15:43:20',573,3,0),
 (2961,66,3,5,'2015-01-16 16:04:42',573,3,0),
 (2962,0,4,8,'2015-01-16 17:21:54',0,4,0),
 (2963,66,4,2,'2015-01-16 17:21:54',571,4,0),
 (2964,60,0,6,'2015-01-16 18:08:03',574,4,2),
 (2965,60,0,6,'2015-01-16 18:50:01',575,3,8),
 (2966,60,3,4,'2015-01-16 18:50:01',575,3,0),
 (2967,0,4,7,'2015-01-16 19:00:57',0,4,0),
 (2968,60,3,5,'2015-01-16 19:11:28',575,3,0),
 (2969,66,0,1,'2015-01-16 19:41:22',0,1,0),
 (2970,66,0,6,'2015-01-16 19:41:22',576,2,0),
 (2971,66,0,6,'2015-01-16 19:41:22',577,4,0),
 (2972,0,1,8,'2015-01-16 19:42:39',0,2,0),
 (2973,66,1,2,'2015-01-16 19:42:39',576,2,0),
 (2974,0,4,8,'2015-01-16 19:42:57',0,4,0),
 (2975,66,4,2,'2015-01-16 19:42:57',577,4,0),
 (2976,66,1,3,'2015-01-16 19:48:49',576,2,0),
 (2977,66,4,3,'2015-01-16 19:49:50',577,4,0),
 (2978,66,4,4,'2015-01-16 19:49:50',577,4,0),
 (2979,66,0,10,'2015-01-16 19:52:21',0,2,1),
 (2980,66,0,6,'2015-01-16 19:52:21',578,2,1),
 (2981,66,1,2,'2015-01-16 19:52:22',578,2,0),
 (2982,66,1,3,'2015-01-16 19:58:59',578,2,0),
 (2983,66,0,6,'2015-01-16 20:12:00',579,3,8),
 (2984,66,3,4,'2015-01-16 20:12:00',579,3,0),
 (2985,66,4,5,'2015-01-16 20:15:11',577,4,0),
 (2986,66,3,5,'2015-01-16 20:22:01',579,3,0),
 (2987,66,0,6,'2015-01-16 20:26:17',580,3,8),
 (2988,66,3,4,'2015-01-16 20:26:17',580,3,0),
 (2989,0,1,7,'2015-01-16 20:41:25',0,2,0),
 (2990,0,3,7,'2015-01-16 20:41:25',0,3,0),
 (2991,0,4,7,'2015-01-16 20:41:26',0,4,0),
 (2992,66,3,5,'2015-01-16 20:51:24',580,3,0),
 (2993,0,2,8,'2015-01-16 20:55:10',0,1,0),
 (2994,0,1,8,'2015-01-16 20:55:24',0,2,0),
 (2995,0,1,8,'2015-01-16 20:56:37',0,2,0),
 (2996,0,14,8,'2015-01-16 20:56:45',0,9,0),
 (2997,0,15,8,'2015-01-16 20:56:45',0,9,0),
 (2998,0,16,8,'2015-01-16 20:56:50',0,10,0),
 (2999,0,17,8,'2015-01-16 20:56:50',0,10,0),
 (3000,0,18,8,'2015-01-16 20:56:51',0,10,0),
 (3001,0,1,8,'2015-01-16 21:23:37',0,2,0),
 (3002,0,1,8,'2015-01-16 21:23:46',0,2,0),
 (3003,0,3,8,'2015-01-16 21:26:46',0,3,0),
 (3004,66,0,6,'2015-01-16 21:28:07',581,4,2),
 (3005,60,0,6,'2015-01-16 21:29:04',582,3,1),
 (3006,60,0,6,'2015-01-16 21:30:30',583,3,8),
 (3007,0,4,8,'2015-01-16 21:41:46',0,4,0),
 (3008,66,4,4,'2015-01-16 21:41:46',581,4,0),
 (3009,66,4,5,'2015-01-16 21:41:55',581,4,0),
 (3010,0,3,8,'2015-01-16 21:47:38',0,3,0),
 (3011,60,3,4,'2015-01-16 21:47:38',583,3,0),
 (3012,60,3,5,'2015-01-16 21:57:46',583,3,0),
 (3013,66,0,6,'2015-01-16 22:04:00',584,4,1),
 (3014,0,4,8,'2015-01-16 22:04:12',0,4,0),
 (3015,66,4,4,'2015-01-16 22:04:12',584,4,0),
 (3016,66,4,5,'2015-01-16 22:04:42',584,4,0),
 (3017,0,3,8,'2015-01-16 22:06:55',0,3,0),
 (3018,66,0,6,'2015-01-16 22:09:00',585,4,1),
 (3019,0,4,8,'2015-01-16 22:11:22',0,4,0),
 (3020,66,4,4,'2015-01-16 22:11:22',585,4,0),
 (3021,66,4,5,'2015-01-16 22:11:52',585,4,0),
 (3022,66,0,6,'2015-01-16 22:12:52',586,4,1),
 (3023,0,4,8,'2015-01-16 22:12:54',0,4,0),
 (3024,66,4,4,'2015-01-16 22:12:54',586,4,0),
 (3025,66,4,5,'2015-01-16 22:13:25',586,4,0),
 (3026,66,0,6,'2015-01-16 22:13:52',587,4,1),
 (3027,0,4,8,'2015-01-16 22:13:54',0,4,0),
 (3028,66,4,4,'2015-01-16 22:13:54',587,4,0),
 (3029,0,16,8,'2015-01-16 22:14:18',0,10,0),
 (3030,0,17,8,'2015-01-16 22:14:18',0,10,0),
 (3031,0,18,8,'2015-01-16 22:14:18',0,10,0),
 (3032,0,14,8,'2015-01-16 22:14:18',0,9,0),
 (3033,0,15,8,'2015-01-16 22:14:18',0,9,0),
 (3034,66,4,5,'2015-01-16 22:14:25',587,4,0),
 (3035,66,0,1,'2015-01-16 22:42:46',0,1,0),
 (3036,66,0,6,'2015-01-16 22:42:46',588,2,0),
 (3037,66,0,6,'2015-01-16 22:42:46',589,4,0),
 (3038,67,0,1,'2015-01-17 04:54:01',0,11,0),
 (3039,67,0,6,'2015-01-17 04:54:01',590,4,0),
 (3040,67,0,6,'2015-01-17 04:54:01',591,10,0),
 (3041,67,0,6,'2015-01-17 04:54:01',592,2,0),
 (3042,0,1,8,'2015-01-17 04:55:18',0,2,0),
 (3043,67,1,2,'2015-01-17 04:55:18',592,2,0),
 (3044,67,1,3,'2015-01-17 04:56:46',592,2,0),
 (3045,67,1,4,'2015-01-17 04:56:46',592,2,0),
 (3046,67,1,5,'2015-01-17 04:56:47',592,2,0),
 (3047,66,0,10,'2015-01-17 05:01:51',0,2,1),
 (3048,66,0,6,'2015-01-17 05:01:51',593,2,1),
 (3049,66,1,2,'2015-01-17 05:01:51',593,2,0),
 (3050,66,0,10,'2015-01-17 05:03:00',0,4,1),
 (3051,66,0,6,'2015-01-17 05:03:00',594,4,1),
 (3052,0,4,8,'2015-01-17 05:03:05',0,4,0),
 (3053,66,4,2,'2015-01-17 05:03:05',594,4,0),
 (3054,66,1,3,'2015-01-17 05:10:34',593,2,0),
 (3055,66,4,3,'2015-01-17 05:10:54',594,4,0),
 (3056,66,4,4,'2015-01-17 05:10:54',594,4,0),
 (3057,66,4,5,'2015-01-17 05:11:20',594,4,0),
 (3058,67,0,1,'2015-01-17 05:14:18',0,11,0),
 (3059,67,0,6,'2015-01-17 05:14:18',595,4,0),
 (3060,67,0,6,'2015-01-17 05:14:19',596,10,0),
 (3061,67,4,2,'2015-01-17 05:14:19',595,4,0),
 (3062,67,0,6,'2015-01-17 05:14:19',597,2,0),
 (3063,67,1,2,'2015-01-17 05:14:19',597,2,0),
 (3064,67,1,3,'2015-01-17 05:16:04',597,2,0),
 (3065,67,1,4,'2015-01-17 05:16:04',597,2,0),
 (3066,67,1,5,'2015-01-17 05:16:04',597,2,0),
 (3067,67,4,3,'2015-01-17 05:16:26',595,4,0),
 (3068,67,4,4,'2015-01-17 05:16:26',595,4,0),
 (3069,67,4,5,'2015-01-17 05:16:28',595,4,0),
 (3070,66,0,6,'2015-01-17 05:30:20',598,4,1),
 (3071,66,4,4,'2015-01-17 05:30:20',598,4,0),
 (3072,66,0,6,'2015-01-17 05:33:51',599,4,1),
 (3073,66,0,6,'2015-01-17 05:35:24',600,4,1),
 (3074,66,0,6,'2015-01-17 05:37:40',601,4,1),
 (3075,66,0,6,'2015-01-17 05:39:55',602,4,1),
 (3076,66,4,5,'2015-01-17 07:04:19',598,4,0),
 (3077,66,4,4,'2015-01-17 07:04:20',599,4,0),
 (3078,66,4,5,'2015-01-17 12:31:34',599,4,0),
 (3079,66,4,4,'2015-01-17 12:31:34',600,4,0),
 (3080,66,4,5,'2015-01-17 14:46:35',600,4,0),
 (3081,66,4,4,'2015-01-17 14:46:35',601,4,0),
 (3082,66,4,5,'2015-01-18 00:15:49',601,4,0),
 (3083,66,4,4,'2015-01-18 00:15:49',602,4,0),
 (3084,66,4,5,'2015-01-18 06:11:01',602,4,0),
 (3085,66,0,6,'2015-01-19 00:41:42',603,4,2),
 (3086,66,4,4,'2015-01-19 00:41:42',603,4,0),
 (3087,66,0,6,'2015-01-19 00:43:53',604,4,2),
 (3088,66,0,6,'2015-01-19 00:44:10',605,4,2),
 (3089,66,0,6,'2015-01-19 00:44:19',606,4,2),
 (3090,66,0,6,'2015-01-19 00:44:21',607,4,2),
 (3091,66,0,6,'2015-01-19 00:44:25',608,4,2),
 (3092,66,0,6,'2015-01-19 00:44:40',609,4,2),
 (3093,66,4,5,'2015-01-19 01:45:47',603,4,0),
 (3094,66,4,4,'2015-01-19 01:45:47',604,4,0),
 (3095,66,4,5,'2015-01-19 01:52:46',604,4,0),
 (3096,66,4,4,'2015-01-19 01:52:46',605,4,0),
 (3097,66,4,5,'2015-01-19 02:30:25',605,4,0),
 (3098,66,4,4,'2015-01-19 02:30:25',606,4,0),
 (3099,66,4,5,'2015-01-19 02:35:08',606,4,0),
 (3100,66,4,4,'2015-01-19 02:35:08',607,4,0),
 (3101,66,4,5,'2015-01-19 02:59:30',607,4,0),
 (3102,66,4,4,'2015-01-19 02:59:30',608,4,0),
 (3103,66,4,5,'2015-01-19 04:06:06',608,4,0),
 (3104,66,4,4,'2015-01-19 04:06:06',609,4,0),
 (3105,66,4,5,'2015-01-19 04:07:25',609,4,0),
 (3106,60,0,6,'2015-01-20 15:32:16',610,3,3),
 (3107,0,3,8,'2015-01-20 15:33:06',0,3,0),
 (3108,60,3,4,'2015-01-20 15:33:06',610,3,0),
 (3109,60,3,5,'2015-01-20 15:49:34',610,3,0),
 (3110,60,0,10,'2015-01-20 16:12:57',0,4,2),
 (3111,60,0,6,'2015-01-20 16:12:57',611,4,2),
 (3112,60,4,2,'2015-01-20 16:12:57',611,4,0),
 (3113,60,0,10,'2015-01-20 16:16:32',0,4,2),
 (3114,60,0,6,'2015-01-20 16:16:32',612,4,2),
 (3115,0,4,8,'2015-01-20 16:17:09',0,4,0),
 (3116,60,4,2,'2015-01-20 16:17:09',612,4,0),
 (3117,60,4,3,'2015-01-20 16:25:02',612,4,0),
 (3118,60,0,6,'2015-01-20 17:40:04',613,3,3),
 (3119,60,3,4,'2015-01-20 17:40:04',613,3,0),
 (3120,60,3,5,'2015-01-20 17:59:13',613,3,0),
 (3121,66,0,10,'2015-01-20 18:24:16',0,4,2),
 (3122,66,0,6,'2015-01-20 18:24:16',614,4,2),
 (3123,66,4,2,'2015-01-20 18:24:16',614,4,0),
 (3124,66,4,9,'2015-01-20 18:39:00',614,4,0),
 (3125,0,4,8,'2015-01-20 19:37:33',0,4,0),
 (3126,0,1,8,'2015-01-20 19:43:27',0,2,0),
 (3127,0,1,8,'2015-01-20 19:46:35',0,2,0),
 (3128,0,3,8,'2015-01-20 19:46:35',0,3,0),
 (3129,0,4,8,'2015-01-20 19:46:36',0,4,0),
 (3130,0,1,7,'2015-01-20 19:46:49',0,2,0),
 (3131,0,4,7,'2015-01-20 19:49:06',0,4,0),
 (3132,0,4,8,'2015-01-20 19:54:03',0,4,0),
 (3133,0,3,7,'2015-01-20 22:27:10',0,3,0),
 (3134,0,4,7,'2015-01-20 22:27:10',0,4,0),
 (3135,0,3,8,'2015-01-20 22:27:29',0,3,0),
 (3136,0,4,8,'2015-01-20 22:27:29',0,4,0),
 (3137,60,0,10,'2015-01-20 22:28:05',0,2,1),
 (3138,60,0,6,'2015-01-20 22:28:05',615,2,1),
 (3139,0,1,8,'2015-01-20 22:28:13',0,2,0),
 (3140,60,1,2,'2015-01-20 22:28:13',615,2,0),
 (3141,60,1,3,'2015-01-20 22:35:24',615,2,0),
 (3142,66,0,10,'2015-01-20 22:41:30',0,2,1),
 (3143,66,0,6,'2015-01-20 22:41:30',616,2,1),
 (3144,66,1,2,'2015-01-20 22:41:30',616,2,0),
 (3145,0,4,7,'2015-01-21 01:57:56',0,4,0),
 (3146,66,0,6,'2015-01-21 01:58:52',617,4,2),
 (3147,66,0,6,'2015-01-21 02:00:39',618,4,2),
 (3148,66,1,3,'2015-01-21 02:02:04',616,2,0),
 (3149,66,0,6,'2015-01-21 02:11:29',619,4,2),
 (3150,66,0,10,'2015-01-21 02:14:03',0,4,2),
 (3151,66,0,6,'2015-01-21 02:14:03',620,4,2),
 (3152,0,4,8,'2015-01-21 02:14:25',0,4,0),
 (3153,66,4,2,'2015-01-21 02:14:25',620,4,0),
 (3154,66,4,3,'2015-01-21 02:37:21',620,4,0),
 (3155,66,4,4,'2015-01-21 02:37:21',620,4,0),
 (3156,66,4,5,'2015-01-21 03:41:19',620,4,0),
 (3157,66,0,6,'2015-01-21 13:23:28',621,4,2),
 (3158,66,4,4,'2015-01-21 13:23:28',621,4,0),
 (3159,66,0,6,'2015-01-21 13:23:30',622,4,2),
 (3160,66,4,5,'2015-01-21 14:25:38',621,4,0),
 (3161,66,4,4,'2015-01-21 14:25:38',622,4,0),
 (3162,66,4,5,'2015-01-21 14:49:37',622,4,0),
 (3163,60,0,6,'2015-01-21 16:11:02',623,3,8),
 (3164,60,3,4,'2015-01-21 16:11:02',623,3,0),
 (3165,60,0,6,'2015-01-21 16:18:44',624,3,3),
 (3166,60,3,5,'2015-01-21 16:18:58',623,3,0),
 (3167,60,3,4,'2015-01-21 16:18:58',624,3,0),
 (3168,60,3,5,'2015-01-21 16:42:57',624,3,0),
 (3169,0,4,7,'2015-01-21 19:57:55',0,4,0),
 (3170,0,16,8,'2015-01-21 19:58:04',0,10,0),
 (3171,0,17,8,'2015-01-21 19:58:04',0,10,0),
 (3172,0,18,8,'2015-01-21 19:58:04',0,10,0),
 (3173,0,14,8,'2015-01-21 20:00:22',0,9,0),
 (3174,0,15,8,'2015-01-21 20:00:22',0,9,0),
 (3175,0,16,7,'2015-01-21 20:00:38',0,10,0),
 (3176,0,17,7,'2015-01-21 20:00:38',0,10,0),
 (3177,0,18,7,'2015-01-21 20:00:38',0,10,0),
 (3178,0,1,7,'2015-01-21 20:01:25',0,2,0),
 (3179,68,0,1,'2015-01-21 20:02:24',0,11,0),
 (3180,68,0,6,'2015-01-21 20:02:24',625,4,0),
 (3181,68,0,6,'2015-01-21 20:02:24',626,10,0),
 (3182,68,0,6,'2015-01-21 20:02:24',627,2,0),
 (3183,0,14,7,'2015-01-21 20:08:04',0,9,0),
 (3184,0,15,7,'2015-01-21 20:08:04',0,9,0),
 (3185,0,14,8,'2015-01-21 20:11:47',0,9,0),
 (3186,0,15,8,'2015-01-21 20:11:47',0,9,0),
 (3187,68,0,1,'2015-01-21 20:12:30',0,11,0),
 (3188,68,0,6,'2015-01-21 20:12:30',628,4,0),
 (3189,68,0,6,'2015-01-21 20:12:30',629,10,0),
 (3190,68,0,6,'2015-01-21 20:12:30',630,2,0),
 (3191,66,0,6,'2015-01-21 21:08:38',1,4,2),
 (3192,66,0,6,'2015-01-21 21:09:26',2,4,2),
 (3193,0,3,7,'2015-01-21 21:11:53',0,3,0),
 (3194,0,14,7,'2015-01-21 21:11:57',0,9,0),
 (3195,0,15,7,'2015-01-21 21:11:57',0,9,0),
 (3196,66,0,6,'2015-01-21 21:15:29',631,4,1),
 (3197,0,8,8,'2015-01-21 21:16:01',0,8,0),
 (3198,0,9,8,'2015-01-21 21:16:01',0,8,0),
 (3199,0,10,8,'2015-01-21 21:16:01',0,8,0),
 (3200,0,11,8,'2015-01-21 21:16:01',0,8,0),
 (3201,0,12,8,'2015-01-21 21:16:01',0,8,0),
 (3202,0,13,8,'2015-01-21 21:16:01',0,8,0),
 (3203,0,8,7,'2015-01-21 21:16:02',0,8,0),
 (3204,0,9,7,'2015-01-21 21:16:02',0,8,0),
 (3205,0,10,7,'2015-01-21 21:16:02',0,8,0),
 (3206,0,11,7,'2015-01-21 21:16:02',0,8,0),
 (3207,0,12,7,'2015-01-21 21:16:02',0,8,0),
 (3208,0,13,7,'2015-01-21 21:16:02',0,8,0),
 (3209,0,4,8,'2015-01-21 21:16:07',0,4,0),
 (3210,66,4,4,'2015-01-21 21:16:07',631,4,0),
 (3211,66,4,5,'2015-01-21 21:18:38',631,4,0),
 (3212,0,4,7,'2015-01-21 21:19:42',0,4,0),
 (3213,0,14,8,'2015-01-21 21:19:47',0,9,0),
 (3214,0,15,8,'2015-01-21 21:19:47',0,9,0),
 (3215,0,16,8,'2015-01-21 21:21:21',0,10,0),
 (3216,0,17,8,'2015-01-21 21:21:21',0,10,0),
 (3217,0,18,8,'2015-01-21 21:21:21',0,10,0),
 (3218,0,16,7,'2015-01-21 21:21:29',0,10,0),
 (3219,0,17,7,'2015-01-21 21:21:29',0,10,0),
 (3220,0,18,7,'2015-01-21 21:21:29',0,10,0),
 (3221,68,0,1,'2015-01-21 21:29:06',0,11,0),
 (3222,68,0,6,'2015-01-21 21:29:06',632,4,0),
 (3223,68,0,6,'2015-01-21 21:29:06',633,10,0),
 (3224,68,0,6,'2015-01-21 21:29:06',634,2,0),
 (3225,68,0,6,'2015-01-21 21:29:06',635,9,0),
 (3226,68,15,2,'2015-01-21 21:29:06',635,9,0),
 (3227,68,15,3,'2015-01-21 21:29:17',635,9,0),
 (3228,68,15,4,'2015-01-21 21:29:17',635,9,0),
 (3229,68,15,5,'2015-01-21 21:29:18',635,9,0),
 (3230,69,0,1,'2015-01-21 21:49:40',0,11,0),
 (3231,69,0,6,'2015-01-21 21:49:40',636,4,0),
 (3232,69,0,6,'2015-01-21 21:49:40',637,10,0),
 (3233,69,0,6,'2015-01-21 21:49:40',638,2,0),
 (3234,69,0,6,'2015-01-21 21:49:40',639,9,0),
 (3235,69,15,2,'2015-01-21 21:49:40',639,9,0),
 (3236,69,15,3,'2015-01-21 21:50:53',639,9,0),
 (3237,69,15,4,'2015-01-21 21:50:53',639,9,0),
 (3238,69,15,5,'2015-01-21 21:50:53',639,9,0),
 (3239,0,1,8,'2015-01-21 22:14:15',0,2,0),
 (3240,69,0,1,'2015-01-21 22:14:28',0,11,0),
 (3241,69,0,6,'2015-01-21 22:14:28',640,4,0),
 (3242,69,0,6,'2015-01-21 22:14:28',641,10,0),
 (3243,69,0,6,'2015-01-21 22:14:28',642,2,0),
 (3244,69,0,6,'2015-01-21 22:14:28',643,9,0),
 (3245,69,1,2,'2015-01-21 22:14:28',642,2,0),
 (3246,69,15,2,'2015-01-21 22:14:28',643,9,0),
 (3247,69,15,3,'2015-01-21 22:21:47',643,9,0),
 (3248,69,15,4,'2015-01-21 22:21:47',643,9,0),
 (3249,69,15,5,'2015-01-21 22:21:47',643,9,0),
 (3250,69,1,3,'2015-01-21 22:21:58',642,2,0),
 (3251,69,1,4,'2015-01-21 22:21:58',642,2,0),
 (3252,69,1,5,'2015-01-21 22:21:58',642,2,0),
 (3253,69,0,1,'2015-01-21 22:25:27',0,11,0),
 (3254,69,0,6,'2015-01-21 22:25:27',644,4,0),
 (3255,69,0,6,'2015-01-21 22:25:27',645,10,0),
 (3256,69,0,6,'2015-01-21 22:25:27',646,2,0),
 (3257,69,0,6,'2015-01-21 22:25:27',647,9,0),
 (3258,69,1,2,'2015-01-21 22:25:27',646,2,0),
 (3259,69,15,2,'2015-01-21 22:25:27',647,9,0),
 (3260,69,15,3,'2015-01-21 22:26:54',647,9,0),
 (3261,69,15,4,'2015-01-21 22:26:54',647,9,0),
 (3262,69,15,5,'2015-01-21 22:26:54',647,9,0),
 (3263,69,1,3,'2015-01-21 22:27:22',646,2,0),
 (3264,69,1,4,'2015-01-21 22:27:22',646,2,0),
 (3265,69,1,5,'2015-01-21 22:27:22',646,2,0),
 (3266,66,0,6,'2015-01-21 23:43:46',648,4,2),
 (3267,0,4,8,'2015-01-21 23:44:35',0,4,0),
 (3268,66,4,4,'2015-01-21 23:44:35',648,4,0),
 (3269,66,4,5,'2015-01-21 23:53:17',648,4,0),
 (3270,66,0,6,'2015-01-22 01:27:57',649,4,2),
 (3271,66,4,4,'2015-01-22 01:27:57',649,4,0),
 (3272,66,0,6,'2015-01-22 01:27:58',650,4,2),
 (3273,66,0,6,'2015-01-22 01:27:59',651,4,2),
 (3274,66,0,6,'2015-01-22 01:27:59',652,4,2),
 (3275,66,0,6,'2015-01-22 01:28:00',653,4,2),
 (3276,66,4,5,'2015-01-22 01:29:55',649,4,0),
 (3277,66,4,4,'2015-01-22 01:29:55',650,4,0),
 (3278,66,4,5,'2015-01-22 01:31:33',650,4,0),
 (3279,66,4,4,'2015-01-22 01:31:33',651,4,0),
 (3280,66,4,5,'2015-01-22 01:33:12',651,4,0),
 (3281,66,4,4,'2015-01-22 01:33:12',652,4,0),
 (3282,66,4,5,'2015-01-22 01:34:51',652,4,0),
 (3283,66,4,4,'2015-01-22 01:34:51',653,4,0),
 (3284,66,4,5,'2015-01-22 01:36:29',653,4,0),
 (3285,66,0,6,'2015-01-22 01:46:40',654,4,2),
 (3286,66,4,4,'2015-01-22 01:46:40',654,4,0),
 (3287,66,0,6,'2015-01-22 01:46:40',655,4,2),
 (3288,66,0,6,'2015-01-22 01:46:41',656,4,2),
 (3289,66,0,6,'2015-01-22 01:46:41',657,4,2),
 (3290,66,0,6,'2015-01-22 01:46:42',658,4,2),
 (3291,66,4,5,'2015-01-22 01:48:35',654,4,0),
 (3292,66,4,4,'2015-01-22 01:48:35',655,4,0),
 (3293,66,4,5,'2015-01-22 01:50:13',655,4,0),
 (3294,66,4,4,'2015-01-22 01:50:13',656,4,0),
 (3295,66,4,5,'2015-01-22 01:52:04',656,4,0),
 (3296,66,4,4,'2015-01-22 01:52:04',657,4,0),
 (3297,66,4,5,'2015-01-22 01:53:47',657,4,0),
 (3298,66,4,4,'2015-01-22 01:53:47',658,4,0),
 (3299,66,4,5,'2015-01-22 01:55:29',658,4,0),
 (3300,66,0,10,'2015-01-22 02:04:01',0,2,2),
 (3301,66,0,6,'2015-01-22 02:04:01',659,2,2),
 (3302,66,1,2,'2015-01-22 02:04:01',659,2,0),
 (3303,66,1,3,'2015-01-22 02:10:47',659,2,0),
 (3304,66,0,10,'2015-01-22 02:17:26',0,2,2),
 (3305,66,0,6,'2015-01-22 02:17:26',660,2,2),
 (3306,66,1,2,'2015-01-22 02:17:26',660,2,0),
 (3307,66,1,3,'2015-01-22 02:32:19',660,2,0),
 (3308,66,0,10,'2015-01-22 02:32:32',0,4,2),
 (3309,66,0,6,'2015-01-22 02:32:32',661,4,2),
 (3310,66,4,2,'2015-01-22 02:32:32',661,4,0),
 (3311,66,0,10,'2015-01-22 02:32:38',0,2,2),
 (3312,66,0,6,'2015-01-22 02:32:38',662,2,2),
 (3313,66,1,2,'2015-01-22 02:32:38',662,2,0),
 (3314,66,0,6,'2015-01-22 02:37:13',663,4,2),
 (3315,66,0,6,'2015-01-22 02:39:10',664,4,2),
 (3316,66,1,3,'2015-01-22 02:44:59',662,2,0),
 (3317,66,4,3,'2015-01-22 02:45:43',661,4,0),
 (3318,66,4,4,'2015-01-22 02:45:43',661,4,0),
 (3319,66,4,5,'2015-01-22 03:44:49',661,4,0),
 (3320,66,4,4,'2015-01-22 03:44:49',663,4,0),
 (3321,66,4,5,'2015-01-22 03:46:58',663,4,0),
 (3322,66,4,4,'2015-01-22 03:46:59',664,4,0),
 (3323,66,4,5,'2015-01-22 03:48:42',664,4,0),
 (3324,66,0,6,'2015-01-22 04:21:49',665,4,2),
 (3325,66,4,4,'2015-01-22 04:21:49',665,4,0),
 (3326,63,0,10,'2015-01-22 04:22:34',0,2,2),
 (3327,63,0,6,'2015-01-22 04:22:34',666,2,2),
 (3328,63,1,2,'2015-01-22 04:22:34',666,2,0),
 (3329,66,4,5,'2015-01-22 04:23:57',665,4,0),
 (3330,63,1,3,'2015-01-22 04:24:27',666,2,0),
 (3331,63,1,4,'2015-01-22 04:24:27',666,2,0),
 (3332,63,1,5,'2015-01-22 04:24:28',666,2,0),
 (3333,63,0,10,'2015-01-22 04:27:29',0,2,2),
 (3334,63,0,6,'2015-01-22 04:27:29',667,2,2),
 (3335,63,1,2,'2015-01-22 04:27:29',667,2,0),
 (3336,63,1,3,'2015-01-22 04:29:14',667,2,0),
 (3337,63,1,4,'2015-01-22 04:29:14',667,2,0),
 (3338,63,1,5,'2015-01-22 04:29:14',667,2,0),
 (3339,66,0,6,'2015-01-22 04:30:18',668,4,2),
 (3340,66,4,4,'2015-01-22 04:30:18',668,4,0),
 (3341,66,4,5,'2015-01-22 04:32:07',668,4,0),
 (3342,66,0,6,'2015-01-22 05:00:44',669,4,2),
 (3343,66,4,4,'2015-01-22 05:00:44',669,4,0),
 (3344,66,0,6,'2015-01-22 05:00:45',670,4,2),
 (3345,66,4,5,'2015-01-22 06:06:32',669,4,0),
 (3346,66,4,4,'2015-01-22 06:06:32',670,4,0),
 (3347,66,4,5,'2015-01-22 06:29:34',670,4,0),
 (3348,60,0,6,'2015-01-22 14:32:54',671,3,3),
 (3349,0,3,8,'2015-01-22 14:33:06',0,3,0),
 (3350,60,3,4,'2015-01-22 14:33:06',671,3,0),
 (3351,60,3,5,'2015-01-22 14:55:20',671,3,0),
 (3352,66,0,6,'2015-01-22 15:04:33',672,4,1),
 (3353,66,4,4,'2015-01-22 15:04:34',672,4,0),
 (3354,66,4,5,'2015-01-22 15:08:29',672,4,0),
 (3355,0,2,8,'2015-01-22 15:20:19',0,1,0),
 (3356,0,2,7,'2015-01-22 15:20:20',0,1,0),
 (3357,0,5,8,'2015-01-22 15:20:22',0,5,0),
 (3358,0,6,8,'2015-01-22 15:20:22',0,6,0),
 (3359,0,7,8,'2015-01-22 15:20:22',0,7,0),
 (3360,0,16,8,'2015-01-22 15:22:13',0,10,0),
 (3361,0,17,8,'2015-01-22 15:22:13',0,10,0),
 (3362,0,18,8,'2015-01-22 15:22:13',0,10,0),
 (3363,63,0,1,'2015-01-22 15:22:34',0,11,0),
 (3364,63,0,6,'2015-01-22 15:22:34',673,4,0),
 (3365,63,0,6,'2015-01-22 15:22:34',674,10,0),
 (3366,63,4,2,'2015-01-22 15:22:34',673,4,0),
 (3367,63,0,6,'2015-01-22 15:22:34',675,2,0),
 (3368,63,17,2,'2015-01-22 15:22:34',674,10,0),
 (3369,63,0,6,'2015-01-22 15:22:34',676,9,0),
 (3370,63,1,2,'2015-01-22 15:22:34',675,2,0),
 (3371,63,0,6,'2015-01-22 15:22:35',677,5,0),
 (3372,63,15,2,'2015-01-22 15:22:35',676,9,0),
 (3373,63,0,6,'2015-01-22 15:22:35',678,6,0),
 (3374,63,5,2,'2015-01-22 15:22:35',677,5,0),
 (3375,63,0,6,'2015-01-22 15:22:35',679,7,0),
 (3376,63,6,2,'2015-01-22 15:22:35',678,6,0),
 (3377,63,0,6,'2015-01-22 15:22:35',680,3,0),
 (3378,63,7,2,'2015-01-22 15:22:35',679,7,0),
 (3379,63,3,2,'2015-01-22 15:22:36',680,3,0),
 (3380,63,17,3,'2015-01-22 15:24:12',674,10,0),
 (3381,63,17,4,'2015-01-22 15:24:12',674,10,0),
 (3382,63,17,5,'2015-01-22 15:24:12',674,10,0),
 (3383,63,15,3,'2015-01-22 15:24:13',676,9,0),
 (3384,63,15,4,'2015-01-22 15:24:13',676,9,0),
 (3385,63,15,5,'2015-01-22 15:24:14',676,9,0),
 (3386,63,1,3,'2015-01-22 15:24:45',675,2,0),
 (3387,63,1,4,'2015-01-22 15:24:45',675,2,0),
 (3388,63,1,5,'2015-01-22 15:24:46',675,2,0),
 (3389,63,3,3,'2015-01-22 15:24:57',680,3,0),
 (3390,63,3,4,'2015-01-22 15:24:57',680,3,0),
 (3391,63,3,5,'2015-01-22 15:25:01',680,3,0),
 (3392,63,5,3,'2015-01-22 15:25:01',677,5,0),
 (3393,63,5,4,'2015-01-22 15:25:01',677,5,0),
 (3394,63,5,5,'2015-01-22 15:25:02',677,5,0),
 (3395,63,7,3,'2015-01-22 15:25:15',679,7,0),
 (3396,63,7,4,'2015-01-22 15:25:15',679,7,0),
 (3397,63,7,5,'2015-01-22 15:25:16',679,7,0),
 (3398,63,4,3,'2015-01-22 15:25:23',673,4,0),
 (3399,63,4,4,'2015-01-22 15:25:23',673,4,0),
 (3400,63,6,3,'2015-01-22 15:25:43',678,6,0),
 (3401,63,6,4,'2015-01-22 15:25:43',678,6,0),
 (3402,63,6,5,'2015-01-22 15:25:44',678,6,0),
 (3403,63,0,10,'2015-01-22 15:33:24',0,2,1),
 (3404,63,0,6,'2015-01-22 15:33:24',681,2,1),
 (3405,63,1,2,'2015-01-22 15:33:24',681,2,0),
 (3406,63,1,3,'2015-01-22 15:35:20',681,2,0),
 (3407,63,1,4,'2015-01-22 15:35:20',681,2,0),
 (3408,63,1,5,'2015-01-22 15:35:20',681,2,0),
 (3409,69,0,1,'2015-01-22 16:08:00',0,11,0),
 (3410,69,0,6,'2015-01-22 16:08:00',682,4,0),
 (3411,69,0,6,'2015-01-22 16:08:00',683,10,0),
 (3412,69,0,6,'2015-01-22 16:08:00',684,2,0),
 (3413,69,18,2,'2015-01-22 16:08:00',683,10,0),
 (3414,69,0,6,'2015-01-22 16:08:00',685,9,0),
 (3415,69,1,2,'2015-01-22 16:08:00',684,2,0),
 (3416,69,0,6,'2015-01-22 16:08:00',686,5,0),
 (3417,69,15,2,'2015-01-22 16:08:00',685,9,0),
 (3418,69,0,6,'2015-01-22 16:08:00',687,6,0),
 (3419,69,5,2,'2015-01-22 16:08:00',686,5,0),
 (3420,69,0,6,'2015-01-22 16:08:00',688,7,0),
 (3421,69,6,2,'2015-01-22 16:08:00',687,6,0),
 (3422,69,0,6,'2015-01-22 16:08:01',689,3,0),
 (3423,69,7,2,'2015-01-22 16:08:01',688,7,0),
 (3424,69,3,2,'2015-01-22 16:08:01',689,3,0),
 (3425,69,15,3,'2015-01-22 16:09:40',685,9,0),
 (3426,69,15,4,'2015-01-22 16:09:40',685,9,0),
 (3427,69,15,5,'2015-01-22 16:09:40',685,9,0),
 (3428,69,18,3,'2015-01-22 16:09:42',683,10,0),
 (3429,69,18,4,'2015-01-22 16:09:42',683,10,0),
 (3430,69,18,5,'2015-01-22 16:09:42',683,10,0),
 (3431,69,1,3,'2015-01-22 16:10:13',684,2,0),
 (3432,69,1,4,'2015-01-22 16:10:13',684,2,0),
 (3433,69,1,5,'2015-01-22 16:10:13',684,2,0),
 (3434,69,7,3,'2015-01-22 16:10:30',688,7,0),
 (3435,69,7,4,'2015-01-22 16:10:30',688,7,0);
INSERT INTO `event_history` (`id`,`release_id`,`template_instance_id`,`event_id`,`event_time`,`task_id`,`template_id`,`user_id`) VALUES 
 (3436,69,7,5,'2015-01-22 16:10:30',688,7,0),
 (3437,69,3,3,'2015-01-22 16:10:39',689,3,0),
 (3438,69,3,4,'2015-01-22 16:10:39',689,3,0),
 (3439,69,3,5,'2015-01-22 16:10:43',689,3,0),
 (3440,69,5,3,'2015-01-22 16:10:50',686,5,0),
 (3441,69,5,4,'2015-01-22 16:10:50',686,5,0),
 (3442,69,5,5,'2015-01-22 16:10:51',686,5,0),
 (3443,69,6,3,'2015-01-22 16:11:18',687,6,0),
 (3444,69,6,4,'2015-01-22 16:11:18',687,6,0),
 (3445,69,6,5,'2015-01-22 16:11:19',687,6,0),
 (3446,60,0,6,'2015-01-22 17:51:42',690,3,1),
 (3447,60,3,4,'2015-01-22 17:51:42',690,3,0),
 (3448,0,4,7,'2015-01-22 17:57:36',0,4,0),
 (3449,0,4,8,'2015-01-22 17:57:45',0,4,0),
 (3450,60,3,5,'2015-01-22 18:02:54',690,3,0),
 (3451,60,0,6,'2015-01-22 18:28:06',691,3,1),
 (3452,60,3,4,'2015-01-22 18:28:06',691,3,0),
 (3453,66,0,6,'2015-01-22 21:01:46',692,4,2),
 (3454,66,4,4,'2015-01-22 21:01:46',692,4,0),
 (3455,60,3,5,'2015-01-22 21:02:21',691,3,0),
 (3456,66,4,5,'2015-01-22 21:08:16',692,4,0),
 (3457,60,0,6,'2015-01-22 21:26:56',693,3,8),
 (3458,60,3,4,'2015-01-22 21:26:56',693,3,0),
 (3459,60,3,5,'2015-01-22 21:50:25',693,3,0),
 (3460,60,0,6,'2015-01-22 22:01:24',694,3,8),
 (3461,60,3,4,'2015-01-22 22:01:24',694,3,0),
 (3462,60,3,5,'2015-01-22 22:11:50',694,3,0),
 (3463,60,0,6,'2015-01-22 22:31:31',695,3,8),
 (3464,60,3,4,'2015-01-22 22:31:31',695,3,0),
 (3465,60,3,5,'2015-01-22 22:42:05',695,3,0),
 (3466,60,0,6,'2015-01-22 22:50:43',696,3,8),
 (3467,60,3,4,'2015-01-22 22:50:43',696,3,0),
 (3468,60,3,5,'2015-01-23 01:24:35',696,3,0),
 (3469,70,0,1,'2015-01-23 01:41:31',0,1,0),
 (3470,70,0,6,'2015-01-23 01:41:31',697,2,0),
 (3471,70,1,2,'2015-01-23 01:41:31',697,2,0),
 (3472,70,1,9,'2015-01-23 01:43:36',697,2,0),
 (3473,66,0,6,'2015-01-23 11:46:51',698,4,2),
 (3474,66,4,4,'2015-01-23 11:46:51',698,4,0),
 (3475,66,0,6,'2015-01-23 11:46:54',699,4,2),
 (3476,66,4,5,'2015-01-23 12:49:10',698,4,0),
 (3477,66,4,4,'2015-01-23 12:49:10',699,4,0),
 (3478,66,4,5,'2015-01-23 13:12:11',699,4,0),
 (3479,60,0,6,'2015-01-23 13:48:01',700,3,8),
 (3480,60,3,4,'2015-01-23 13:48:01',700,3,0),
 (3481,60,3,5,'2015-01-23 13:59:58',700,3,0),
 (3482,60,0,6,'2015-01-23 14:10:29',701,3,1),
 (3483,60,3,4,'2015-01-23 14:10:29',701,3,0),
 (3484,60,3,5,'2015-01-23 14:23:02',701,3,0),
 (3485,60,0,6,'2015-01-23 16:07:57',702,3,1),
 (3486,60,3,4,'2015-01-23 16:07:57',702,3,0),
 (3487,60,3,5,'2015-01-23 16:28:11',702,3,0),
 (3488,70,0,10,'2015-01-23 17:02:57',0,2,2),
 (3489,70,0,6,'2015-01-23 17:02:57',703,2,2),
 (3490,70,1,2,'2015-01-23 17:02:57',703,2,0),
 (3491,70,1,3,'2015-01-23 17:09:05',703,2,0),
 (3492,70,1,4,'2015-01-23 17:09:05',703,2,0),
 (3493,70,1,5,'2015-01-23 17:09:06',703,2,0),
 (3494,70,0,10,'2015-01-23 17:14:03',0,4,2),
 (3495,70,0,6,'2015-01-23 17:14:03',704,4,2),
 (3496,70,4,2,'2015-01-23 17:14:03',704,4,0),
 (3497,70,4,3,'2015-01-23 17:22:06',704,4,0),
 (3498,70,4,4,'2015-01-23 17:22:06',704,4,0),
 (3499,60,0,6,'2015-01-23 17:42:04',705,3,1),
 (3500,60,3,4,'2015-01-23 17:42:04',705,3,0),
 (3501,70,4,5,'2015-01-23 17:53:16',704,4,0),
 (3502,60,3,5,'2015-01-23 18:01:40',705,3,0),
 (3503,70,0,6,'2015-01-23 18:46:30',706,3,1),
 (3504,70,3,4,'2015-01-23 18:46:30',706,3,0),
 (3505,70,3,5,'2015-01-23 19:05:27',706,3,0),
 (3506,60,0,6,'2015-01-23 20:02:23',707,3,1),
 (3507,60,3,4,'2015-01-23 20:02:23',707,3,0),
 (3508,60,3,5,'2015-01-23 20:21:55',707,3,0),
 (3509,70,0,10,'2015-01-23 20:53:08',0,6,14),
 (3510,70,0,6,'2015-01-23 20:53:08',708,6,14),
 (3511,70,6,2,'2015-01-23 20:53:08',708,6,0),
 (3512,0,1,7,'2015-01-23 21:10:34',0,2,0),
 (3513,0,1,8,'2015-01-23 21:10:36',0,2,0),
 (3514,60,0,6,'2015-01-23 21:23:37',709,3,1),
 (3515,60,3,4,'2015-01-23 21:23:37',709,3,0),
 (3516,60,3,5,'2015-01-23 21:43:20',709,3,0),
 (3517,60,0,6,'2015-01-23 21:45:35',710,3,1),
 (3518,60,3,4,'2015-01-23 21:45:35',710,3,0),
 (3519,70,0,10,'2015-01-23 22:51:57',0,6,7),
 (3520,70,0,6,'2015-01-23 22:51:57',711,6,7),
 (3521,70,6,2,'2015-01-23 22:51:57',711,6,0),
 (3522,70,6,3,'2015-01-23 23:45:44',711,6,0),
 (3523,70,0,6,'2015-01-24 05:54:50',712,4,2),
 (3524,70,4,4,'2015-01-24 05:54:50',712,4,0),
 (3525,70,0,10,'2015-01-24 05:56:34',0,4,2),
 (3526,70,0,6,'2015-01-24 05:56:34',713,4,2),
 (3527,70,4,5,'2015-01-24 06:56:54',712,4,0),
 (3528,70,4,4,'2015-01-24 06:56:54',713,4,0),
 (3529,60,3,5,'2015-01-24 14:41:54',710,3,0),
 (3530,70,4,5,'2015-01-25 05:00:56',713,4,0),
 (3531,70,0,6,'2015-01-26 12:03:31',714,4,2),
 (3532,70,4,4,'2015-01-26 12:03:31',714,4,0),
 (3533,70,0,6,'2015-01-26 12:03:46',715,4,2),
 (3534,70,4,5,'2015-01-26 13:05:51',714,4,0),
 (3535,70,4,4,'2015-01-26 13:05:51',715,4,0),
 (3536,70,4,5,'2015-01-26 13:29:13',715,4,0),
 (3537,70,0,6,'2015-01-26 13:30:30',716,4,2),
 (3538,70,4,4,'2015-01-26 13:30:30',716,4,0),
 (3539,70,0,6,'2015-01-26 13:30:30',717,4,2),
 (3540,70,0,6,'2015-01-26 13:30:32',718,4,2),
 (3541,70,0,6,'2015-01-26 13:30:44',719,4,2),
 (3542,70,0,6,'2015-01-26 13:31:11',720,4,2),
 (3543,70,0,6,'2015-01-26 13:31:17',721,4,2),
 (3544,70,0,6,'2015-01-26 13:31:21',722,4,2),
 (3545,70,0,6,'2015-01-26 13:31:22',723,4,2),
 (3546,70,0,6,'2015-01-26 13:31:24',724,4,2),
 (3547,70,0,6,'2015-01-26 13:31:24',725,4,2),
 (3548,70,0,6,'2015-01-26 13:31:25',726,4,2),
 (3549,70,0,6,'2015-01-26 13:31:26',727,4,2),
 (3550,70,4,5,'2015-01-26 14:14:55',716,4,0),
 (3551,70,4,4,'2015-01-26 14:14:55',717,4,0),
 (3552,70,4,5,'2015-01-26 14:47:11',717,4,0),
 (3553,70,4,4,'2015-01-26 14:47:11',718,4,0),
 (3554,70,4,5,'2015-01-26 15:22:53',718,4,0),
 (3555,70,4,4,'2015-01-26 15:22:53',719,4,0),
 (3556,70,4,5,'2015-01-26 15:56:52',719,4,0),
 (3557,70,4,4,'2015-01-26 15:56:52',720,4,0),
 (3558,70,4,5,'2015-01-26 16:33:20',720,4,0),
 (3559,70,4,4,'2015-01-26 16:33:20',721,4,0),
 (3560,70,4,5,'2015-01-26 17:05:21',721,4,0),
 (3561,70,4,4,'2015-01-26 17:05:21',722,4,0),
 (3562,70,4,5,'2015-01-26 17:25:40',722,4,0),
 (3563,70,4,4,'2015-01-26 17:25:40',723,4,0),
 (3564,70,4,5,'2015-01-26 18:26:30',723,4,0),
 (3565,70,4,4,'2015-01-26 18:26:30',724,4,0),
 (3566,70,0,6,'2015-01-26 18:37:40',728,3,1),
 (3567,70,3,4,'2015-01-26 18:37:40',728,3,0),
 (3568,70,3,5,'2015-01-26 18:49:57',728,3,0),
 (3569,70,4,5,'2015-01-26 18:57:11',724,4,0),
 (3570,70,4,4,'2015-01-26 18:57:11',725,4,0),
 (3571,70,4,5,'2015-01-26 19:23:45',725,4,0),
 (3572,70,4,4,'2015-01-26 19:23:45',726,4,0),
 (3573,70,4,5,'2015-01-26 19:48:52',726,4,0),
 (3574,70,4,4,'2015-01-26 19:48:52',727,4,0),
 (3575,70,4,5,'2015-01-26 20:24:02',727,4,0),
 (3576,70,0,6,'2015-01-26 20:43:41',729,3,1),
 (3577,70,3,4,'2015-01-26 20:43:41',729,3,0),
 (3578,70,3,5,'2015-01-26 20:58:17',729,3,0),
 (3579,70,0,6,'2015-01-27 14:40:26',730,3,1),
 (3580,70,3,4,'2015-01-27 14:40:26',730,3,0),
 (3581,70,0,6,'2015-01-27 14:44:40',731,4,2),
 (3582,70,3,5,'2015-01-27 14:51:29',730,3,0),
 (3583,70,0,6,'2015-01-27 15:09:30',732,3,1),
 (3584,70,3,4,'2015-01-27 15:09:30',732,3,0),
 (3585,0,4,8,'2015-01-27 15:16:17',0,4,0),
 (3586,70,4,4,'2015-01-27 15:16:17',731,4,0),
 (3587,70,3,5,'2015-01-27 15:33:45',732,3,0),
 (3588,70,0,6,'2015-01-27 15:49:28',733,3,8),
 (3589,70,3,4,'2015-01-27 15:49:28',733,3,0),
 (3590,70,3,5,'2015-01-27 15:59:41',733,3,0),
 (3591,70,4,5,'2015-01-27 16:17:00',731,4,0),
 (3592,70,0,6,'2015-01-27 16:51:42',734,3,8),
 (3593,70,3,4,'2015-01-27 16:51:42',734,3,0),
 (3594,70,3,5,'2015-01-27 17:13:45',734,3,0),
 (3595,0,3,7,'2015-01-27 17:57:23',0,3,0),
 (3596,70,0,6,'2015-01-27 17:57:45',735,3,1),
 (3597,0,3,8,'2015-01-27 18:10:07',0,3,0),
 (3598,70,0,6,'2015-01-27 18:10:30',736,3,8),
 (3599,70,3,4,'2015-01-27 18:10:30',736,3,0),
 (3600,70,0,6,'2015-01-27 18:13:18',737,4,2),
 (3601,70,4,4,'2015-01-27 18:13:18',737,4,0),
 (3602,70,3,5,'2015-01-27 18:20:46',736,3,0),
 (3603,70,4,5,'2015-01-27 18:22:10',737,4,0),
 (3604,70,0,6,'2015-01-27 18:25:26',738,4,2),
 (3605,70,4,4,'2015-01-27 18:25:26',738,4,0),
 (3606,70,0,6,'2015-01-27 18:27:51',739,3,8),
 (3607,70,3,4,'2015-01-27 18:27:51',739,3,0),
 (3608,70,4,5,'2015-01-27 18:29:39',738,4,0),
 (3609,70,0,6,'2015-01-27 18:32:12',740,4,2),
 (3610,70,4,4,'2015-01-27 18:32:12',740,4,0),
 (3611,70,0,6,'2015-01-27 18:32:13',741,4,2),
 (3612,70,0,6,'2015-01-27 18:32:15',742,4,2),
 (3613,70,3,5,'2015-01-27 18:53:45',739,3,0),
 (3614,70,4,5,'2015-01-27 18:55:59',740,4,0),
 (3615,70,4,4,'2015-01-27 18:55:59',741,4,0),
 (3616,70,0,6,'2015-01-27 19:30:01',743,3,8),
 (3617,70,3,4,'2015-01-27 19:30:01',743,3,0),
 (3618,70,3,5,'2015-01-27 19:52:52',743,3,0),
 (3619,70,0,6,'2015-01-27 19:58:20',744,3,8),
 (3620,70,3,4,'2015-01-27 19:58:20',744,3,0),
 (3621,70,4,5,'2015-01-27 20:00:38',741,4,0),
 (3622,70,4,4,'2015-01-27 20:00:38',742,4,0),
 (3623,70,3,5,'2015-01-27 20:25:16',744,3,0),
 (3624,70,0,6,'2015-01-27 20:28:48',745,4,2),
 (3625,70,0,6,'2015-01-27 20:28:54',746,4,2),
 (3626,70,0,6,'2015-01-27 20:29:00',747,4,2),
 (3627,70,0,6,'2015-01-27 20:30:45',748,3,8),
 (3628,70,3,4,'2015-01-27 20:30:45',748,3,0),
 (3629,70,4,5,'2015-01-27 20:53:41',742,4,0),
 (3630,70,4,4,'2015-01-27 20:53:41',745,4,0),
 (3631,70,4,5,'2015-01-27 20:58:26',745,4,0),
 (3632,70,4,4,'2015-01-27 20:58:26',746,4,0),
 (3633,70,3,5,'2015-01-27 20:58:43',748,3,0),
 (3634,70,0,6,'2015-01-27 21:38:11',749,4,2),
 (3635,70,0,6,'2015-01-27 21:38:22',750,4,2),
 (3636,70,0,6,'2015-01-27 21:39:16',751,4,2),
 (3637,70,4,5,'2015-01-27 21:39:49',746,4,0),
 (3638,70,4,4,'2015-01-27 21:39:50',747,4,0),
 (3639,70,0,6,'2015-01-27 21:46:21',752,3,8),
 (3640,70,3,4,'2015-01-27 21:46:21',752,3,0),
 (3641,70,3,5,'2015-01-27 22:13:23',752,3,0),
 (3642,70,4,5,'2015-01-27 22:36:33',747,4,0),
 (3643,70,4,4,'2015-01-27 22:36:33',750,4,0),
 (3644,70,4,5,'2015-01-27 23:14:13',750,4,0),
 (3645,70,4,4,'2015-01-27 23:14:13',751,4,0),
 (3646,70,4,5,'2015-01-27 23:56:54',751,4,0),
 (3647,70,0,6,'2015-01-28 13:45:16',753,4,2),
 (3648,70,4,4,'2015-01-28 13:45:16',753,4,0),
 (3649,70,4,5,'2015-01-28 14:49:34',753,4,0),
 (3650,70,0,6,'2015-01-28 14:50:11',754,4,2),
 (3651,70,4,4,'2015-01-28 14:50:11',754,4,0),
 (3652,70,0,6,'2015-01-28 14:51:58',755,3,1),
 (3653,70,3,4,'2015-01-28 14:51:58',755,3,0),
 (3654,70,3,5,'2015-01-28 14:51:58',755,3,0),
 (3655,70,0,6,'2015-01-28 14:53:16',756,3,1),
 (3656,70,3,4,'2015-01-28 14:53:16',756,3,0),
 (3657,70,3,5,'2015-01-28 14:56:45',756,3,0),
 (3658,70,0,6,'2015-01-28 14:58:43',757,3,1),
 (3659,70,3,4,'2015-01-28 14:58:43',757,3,0),
 (3660,70,3,5,'2015-01-28 14:59:56',757,3,0),
 (3661,70,0,6,'2015-01-28 15:03:10',758,3,1),
 (3662,70,3,4,'2015-01-28 15:03:10',758,3,0),
 (3663,70,0,6,'2015-01-28 15:04:25',759,3,8),
 (3664,70,3,5,'2015-01-28 15:08:21',758,3,0),
 (3665,70,3,4,'2015-01-28 15:08:21',759,3,0),
 (3666,70,4,5,'2015-01-28 15:13:20',754,4,0),
 (3667,70,3,5,'2015-01-28 15:33:50',759,3,0),
 (3668,70,0,6,'2015-01-28 15:56:06',760,3,8),
 (3669,70,3,4,'2015-01-28 15:56:06',760,3,0),
 (3670,70,3,5,'2015-01-28 16:18:20',760,3,0),
 (3671,70,0,6,'2015-01-28 16:30:44',761,3,8),
 (3672,70,3,4,'2015-01-28 16:30:44',761,3,0),
 (3673,70,3,5,'2015-01-28 17:07:53',761,3,0),
 (3674,70,0,6,'2015-01-28 17:48:29',762,3,8),
 (3675,70,3,4,'2015-01-28 17:48:29',762,3,0),
 (3676,70,3,5,'2015-01-28 18:11:30',762,3,0),
 (3677,70,0,6,'2015-01-28 18:17:05',763,3,8),
 (3678,70,3,4,'2015-01-28 18:17:05',763,3,0),
 (3679,70,3,5,'2015-01-28 18:43:10',763,3,0),
 (3680,0,4,7,'2015-01-28 19:00:48',0,4,0),
 (3681,70,0,6,'2015-01-28 19:14:07',764,3,8),
 (3682,70,3,4,'2015-01-28 19:14:07',764,3,0),
 (3683,70,3,5,'2015-01-28 19:41:00',764,3,0),
 (3684,70,0,6,'2015-01-28 19:46:10',765,3,8),
 (3685,70,3,4,'2015-01-28 19:46:10',765,3,0),
 (3686,70,3,5,'2015-01-28 20:13:39',765,3,0),
 (3687,0,1,7,'2015-01-28 20:23:06',0,2,0),
 (3688,70,0,6,'2015-01-28 20:55:48',766,3,8),
 (3689,70,3,4,'2015-01-28 20:55:48',766,3,0),
 (3690,70,3,5,'2015-01-28 21:23:32',766,3,0),
 (3691,71,0,1,'2015-01-28 23:13:05',0,1,0),
 (3692,71,0,6,'2015-01-28 23:13:05',767,2,0),
 (3693,0,1,8,'2015-01-28 23:25:37',0,2,0),
 (3694,71,1,2,'2015-01-28 23:25:37',767,2,0),
 (3695,71,0,1,'2015-01-28 23:29:31',0,1,0),
 (3696,71,0,6,'2015-01-28 23:29:31',768,2,0),
 (3697,71,1,2,'2015-01-28 23:29:31',768,2,0),
 (3698,71,1,9,'2015-01-28 23:32:24',768,2,0),
 (3699,0,1,7,'2015-01-29 00:52:26',0,2,0),
 (3700,71,0,1,'2015-01-29 00:52:33',0,1,0),
 (3701,71,0,6,'2015-01-29 00:52:33',769,2,0),
 (3702,0,1,8,'2015-01-29 00:53:31',0,2,0),
 (3703,71,1,2,'2015-01-29 00:53:31',769,2,0),
 (3704,71,1,9,'2015-01-29 00:56:39',769,2,0),
 (3705,70,0,10,'2015-01-29 00:59:29',0,2,1),
 (3706,70,0,6,'2015-01-29 00:59:29',770,2,1),
 (3707,70,1,2,'2015-01-29 00:59:29',770,2,0),
 (3708,70,1,3,'2015-01-29 01:06:07',770,2,0),
 (3709,70,1,4,'2015-01-29 01:06:07',770,2,0),
 (3710,70,1,5,'2015-01-29 01:06:07',770,2,0),
 (3711,0,4,8,'2015-01-29 01:16:41',0,4,0),
 (3712,0,1,7,'2015-01-29 01:19:43',0,2,0),
 (3713,0,1,8,'2015-01-29 01:19:43',0,2,0),
 (3714,70,0,6,'2015-01-29 12:58:31',771,4,2),
 (3715,70,4,4,'2015-01-29 12:58:31',771,4,0),
 (3716,70,0,6,'2015-01-29 12:58:33',772,4,2),
 (3717,70,4,5,'2015-01-29 14:05:13',771,4,0),
 (3718,70,4,4,'2015-01-29 14:05:13',772,4,0),
 (3719,70,4,5,'2015-01-29 14:28:51',772,4,0),
 (3720,70,0,6,'2015-01-29 14:53:20',773,4,2),
 (3721,70,4,4,'2015-01-29 14:53:20',773,4,0),
 (3722,70,0,6,'2015-01-29 15:02:31',774,3,1),
 (3723,70,3,4,'2015-01-29 15:02:31',774,3,0),
 (3724,70,4,5,'2015-01-29 15:06:24',773,4,0),
 (3725,70,3,5,'2015-01-29 15:07:42',774,3,0),
 (3726,70,0,6,'2015-01-29 15:47:55',775,3,1),
 (3727,70,3,4,'2015-01-29 15:47:55',775,3,0),
 (3728,70,3,5,'2015-01-29 15:53:34',775,3,0),
 (3729,72,0,1,'2015-01-29 18:27:28',0,1,0),
 (3730,72,0,6,'2015-01-29 18:27:28',776,2,0),
 (3731,72,1,2,'2015-01-29 18:27:29',776,2,0),
 (3732,70,0,6,'2015-01-29 18:39:53',777,3,1),
 (3733,70,3,4,'2015-01-29 18:39:53',777,3,0),
 (3734,70,3,5,'2015-01-29 18:55:24',777,3,0),
 (3735,70,0,6,'2015-01-29 18:59:07',778,3,1),
 (3736,70,3,4,'2015-01-29 18:59:07',778,3,0),
 (3737,70,0,6,'2015-01-29 18:59:14',779,3,1),
 (3738,70,0,6,'2015-01-29 18:59:28',780,3,1),
 (3739,70,3,5,'2015-01-29 19:19:27',778,3,0),
 (3740,70,3,4,'2015-01-29 19:19:27',779,3,0),
 (3741,70,3,5,'2015-01-29 20:10:28',779,3,0),
 (3742,70,3,4,'2015-01-29 20:10:28',780,3,0),
 (3743,70,3,5,'2015-01-29 20:50:09',780,3,0),
 (3744,0,3,7,'2015-01-29 21:17:57',0,3,0),
 (3745,70,0,6,'2015-01-29 21:26:31',781,3,1),
 (3746,0,3,8,'2015-01-29 21:27:34',0,3,0),
 (3747,70,3,4,'2015-01-29 21:27:34',781,3,0),
 (3748,70,3,5,'2015-01-29 21:31:38',781,3,0),
 (3749,70,0,6,'2015-01-29 22:03:22',782,3,1),
 (3750,70,3,4,'2015-01-29 22:03:22',782,3,0),
 (3751,70,3,5,'2015-01-29 22:36:54',782,3,0),
 (3752,72,1,3,'2015-01-29 22:40:52',776,2,0),
 (3753,72,1,4,'2015-01-29 22:40:52',776,2,0),
 (3754,72,1,5,'2015-01-29 22:40:52',776,2,0),
 (3755,70,0,6,'2015-01-29 22:56:24',783,3,1),
 (3756,70,3,4,'2015-01-29 22:56:24',783,3,0),
 (3757,70,3,5,'2015-01-29 23:35:28',783,3,0),
 (3758,70,0,6,'2015-01-30 15:14:12',784,3,1),
 (3759,70,3,4,'2015-01-30 15:14:12',784,3,0),
 (3760,70,0,6,'2015-01-30 15:14:15',785,3,1),
 (3761,70,3,5,'2015-01-30 15:20:06',784,3,0),
 (3762,70,3,4,'2015-01-30 15:20:06',785,3,0),
 (3763,70,3,5,'2015-01-30 15:26:33',785,3,0),
 (3764,70,0,6,'2015-01-30 16:05:00',786,3,1),
 (3765,70,3,4,'2015-01-30 16:05:00',786,3,0),
 (3766,70,0,6,'2015-01-30 16:18:11',787,4,2),
 (3767,70,4,4,'2015-01-30 16:18:11',787,4,0),
 (3768,70,0,6,'2015-01-30 16:18:12',788,4,2),
 (3769,70,3,5,'2015-01-30 16:19:53',786,3,0),
 (3770,70,0,6,'2015-01-30 16:24:13',789,3,1),
 (3771,70,3,4,'2015-01-30 16:24:13',789,3,0),
 (3772,70,3,5,'2015-01-30 16:27:15',789,3,0),
 (3773,70,0,6,'2015-01-30 16:27:36',790,4,2),
 (3774,70,0,6,'2015-01-30 16:32:33',791,3,1),
 (3775,70,3,4,'2015-01-30 16:32:33',791,3,0),
 (3776,70,3,5,'2015-01-30 16:32:35',791,3,0),
 (3777,70,0,6,'2015-01-30 16:47:20',792,3,1),
 (3778,70,3,4,'2015-01-30 16:47:20',792,3,0),
 (3779,70,3,5,'2015-01-30 17:17:07',792,3,0),
 (3780,70,4,5,'2015-01-30 17:22:18',787,4,0),
 (3781,70,4,4,'2015-01-30 17:22:18',788,4,0),
 (3782,70,4,5,'2015-01-30 17:45:08',788,4,0),
 (3783,70,0,6,'2015-01-30 18:11:21',793,3,1),
 (3784,70,3,4,'2015-01-30 18:11:21',793,3,0),
 (3785,70,3,5,'2015-01-30 18:41:36',793,3,0),
 (3786,70,0,6,'2015-02-02 13:58:07',794,4,2),
 (3787,70,4,4,'2015-02-02 13:58:07',794,4,0),
 (3788,70,0,6,'2015-02-02 13:58:07',795,4,2),
 (3789,70,4,5,'2015-02-02 15:09:57',794,4,0),
 (3790,70,4,4,'2015-02-02 15:09:57',795,4,0),
 (3791,70,4,5,'2015-02-02 15:33:20',795,4,0),
 (3792,70,0,6,'2015-02-02 16:17:35',796,3,1),
 (3793,70,3,4,'2015-02-02 16:17:35',796,3,0),
 (3794,70,3,5,'2015-02-02 16:23:47',796,3,0),
 (3795,60,3,7,'2015-02-02 16:37:00',0,3,0),
 (3796,70,0,6,'2015-02-02 16:39:01',797,3,8),
 (3797,70,0,6,'2015-02-02 16:39:28',798,3,8),
 (3798,60,3,8,'2015-02-02 18:49:31',0,3,0),
 (3799,70,3,4,'2015-02-02 18:49:31',797,3,0),
 (3800,70,3,5,'2015-02-02 18:57:59',797,3,0),
 (3801,70,3,4,'2015-02-02 18:58:00',798,3,0),
 (3802,70,3,5,'2015-02-02 19:06:53',798,3,0),
 (3803,70,0,6,'2015-02-02 19:11:15',799,3,1),
 (3804,70,3,4,'2015-02-02 19:11:15',799,3,0),
 (3805,70,0,6,'2015-02-02 19:11:16',800,3,1),
 (3806,70,3,5,'2015-02-02 19:36:37',799,3,0),
 (3807,70,3,4,'2015-02-02 19:36:37',800,3,0),
 (3808,70,3,5,'2015-02-02 20:03:13',800,3,0),
 (3809,70,0,6,'2015-02-02 20:40:56',801,3,8),
 (3810,70,3,4,'2015-02-02 20:40:56',801,3,0),
 (3811,70,3,5,'2015-02-02 21:03:41',801,3,0),
 (3812,70,0,6,'2015-02-02 21:28:29',802,3,8),
 (3813,70,3,4,'2015-02-02 21:28:29',802,3,0),
 (3814,70,3,5,'2015-02-02 21:54:18',802,3,0),
 (3815,70,0,6,'2015-02-03 13:01:56',803,4,2),
 (3816,70,4,4,'2015-02-03 13:01:56',803,4,0),
 (3817,70,0,6,'2015-02-03 13:01:57',804,4,2),
 (3818,70,4,5,'2015-02-03 14:09:12',803,4,0),
 (3819,70,4,4,'2015-02-03 14:09:12',804,4,0),
 (3820,70,4,5,'2015-02-03 14:31:09',804,4,0),
 (3821,70,0,6,'2015-02-03 15:59:59',805,3,8),
 (3822,70,3,4,'2015-02-03 15:59:59',805,3,0),
 (3823,70,0,6,'2015-02-03 16:00:32',806,3,8),
 (3824,70,3,5,'2015-02-03 16:06:11',805,3,0),
 (3825,70,3,4,'2015-02-03 16:06:11',806,3,0),
 (3826,70,3,5,'2015-02-03 16:27:18',806,3,0),
 (3827,60,3,7,'2015-02-03 16:28:27',0,3,0),
 (3828,70,0,6,'2015-02-03 16:31:50',807,3,1),
 (3829,60,3,8,'2015-02-03 16:31:53',0,3,0),
 (3830,70,3,4,'2015-02-03 16:31:53',807,3,0),
 (3831,70,3,5,'2015-02-03 16:59:31',807,3,0),
 (3832,70,0,6,'2015-02-03 17:09:06',808,4,2),
 (3833,70,4,4,'2015-02-03 17:09:06',808,4,0),
 (3834,70,4,5,'2015-02-03 17:09:36',808,4,0),
 (3835,70,0,6,'2015-02-03 18:33:33',809,3,1),
 (3836,70,3,4,'2015-02-03 18:33:33',809,3,0),
 (3837,70,3,5,'2015-02-03 19:10:05',809,3,0),
 (3838,70,0,6,'2015-02-03 19:23:57',810,3,1),
 (3839,70,3,4,'2015-02-03 19:23:57',810,3,0),
 (3840,70,3,5,'2015-02-03 19:35:04',810,3,0),
 (3841,70,0,6,'2015-02-03 19:36:19',811,3,1),
 (3842,70,3,4,'2015-02-03 19:36:19',811,3,0),
 (3843,70,3,5,'2015-02-03 20:04:10',811,3,0),
 (3844,71,0,6,'2015-02-03 21:39:33',812,3,1),
 (3845,71,3,4,'2015-02-03 21:39:33',812,3,0),
 (3846,71,3,5,'2015-02-03 22:06:19',812,3,0),
 (3847,70,0,6,'2015-02-04 14:09:00',813,4,2),
 (3848,70,4,4,'2015-02-04 14:09:00',813,4,0),
 (3849,70,0,6,'2015-02-04 14:09:00',814,4,2),
 (3850,70,0,6,'2015-02-04 14:19:14',815,3,8),
 (3851,70,3,4,'2015-02-04 14:19:14',815,3,0),
 (3852,70,3,5,'2015-02-04 14:32:01',815,3,0),
 (3853,70,0,6,'2015-02-04 14:35:09',816,3,8),
 (3854,70,3,4,'2015-02-04 14:35:09',816,3,0),
 (3855,70,3,5,'2015-02-04 15:03:33',816,3,0),
 (3856,70,4,5,'2015-02-04 15:13:22',813,4,0),
 (3857,70,4,4,'2015-02-04 15:13:22',814,4,0),
 (3858,70,0,6,'2015-02-04 15:21:19',817,3,8),
 (3859,70,3,4,'2015-02-04 15:21:19',817,3,0),
 (3860,70,4,5,'2015-02-04 15:35:38',814,4,0),
 (3861,70,3,5,'2015-02-04 15:48:25',817,3,0),
 (3862,70,0,6,'2015-02-04 22:03:16',818,3,8),
 (3863,70,3,4,'2015-02-04 22:03:16',818,3,0),
 (3864,70,3,5,'2015-02-04 22:04:11',818,3,0),
 (3865,70,0,6,'2015-02-04 22:17:22',819,3,1),
 (3866,70,3,4,'2015-02-04 22:17:22',819,3,0),
 (3867,70,3,5,'2015-02-04 22:44:55',819,3,0),
 (3868,70,0,6,'2015-02-05 13:59:49',820,4,2),
 (3869,70,4,4,'2015-02-05 13:59:49',820,4,0),
 (3870,70,0,6,'2015-02-05 13:59:50',821,4,2),
 (3871,70,4,5,'2015-02-05 15:04:30',820,4,0),
 (3872,70,4,4,'2015-02-05 15:04:30',821,4,0),
 (3873,70,4,5,'2015-02-05 15:26:37',821,4,0),
 (3874,70,0,6,'2015-02-05 15:27:46',822,3,8),
 (3875,70,3,4,'2015-02-05 15:27:46',822,3,0),
 (3876,70,3,5,'2015-02-05 15:41:11',822,3,0),
 (3877,70,0,6,'2015-02-05 15:52:00',823,3,8),
 (3878,70,3,4,'2015-02-05 15:52:00',823,3,0),
 (3879,70,0,6,'2015-02-05 15:52:07',824,3,8),
 (3880,70,3,5,'2015-02-05 16:06:01',823,3,0),
 (3881,70,3,4,'2015-02-05 16:06:01',824,3,0),
 (3882,70,3,5,'2015-02-05 16:32:12',824,3,0),
 (3883,70,0,6,'2015-02-05 17:43:53',825,3,8),
 (3884,70,3,4,'2015-02-05 17:43:53',825,3,0),
 (3885,70,3,5,'2015-02-05 18:11:07',825,3,0),
 (3886,70,0,6,'2015-02-05 18:45:09',826,3,8),
 (3887,70,3,4,'2015-02-05 18:45:09',826,3,0),
 (3888,70,3,5,'2015-02-05 19:12:39',826,3,0),
 (3889,70,0,6,'2015-02-05 20:42:53',827,4,2),
 (3890,70,4,4,'2015-02-05 20:42:53',827,4,0),
 (3891,70,4,5,'2015-02-05 20:43:23',827,4,0),
 (3892,70,4,7,'2015-02-06 16:50:56',0,4,0),
 (3893,70,4,8,'2015-02-06 16:51:08',0,4,0),
 (3894,70,0,6,'2015-02-06 16:51:31',828,4,2),
 (3895,70,4,4,'2015-02-06 16:51:31',828,4,0),
 (3896,70,0,6,'2015-02-06 16:51:54',829,4,2),
 (3897,70,0,6,'2015-02-06 17:18:59',830,3,8),
 (3898,70,3,4,'2015-02-06 17:18:59',830,3,0),
 (3899,70,3,5,'2015-02-06 17:26:10',830,3,0),
 (3900,70,0,6,'2015-02-06 17:53:55',831,3,8),
 (3901,70,3,4,'2015-02-06 17:53:55',831,3,0),
 (3902,70,4,5,'2015-02-06 17:55:24',828,4,0),
 (3903,70,4,4,'2015-02-06 17:55:24',829,4,0),
 (3904,70,3,5,'2015-02-06 18:01:05',831,3,0),
 (3905,70,4,5,'2015-02-06 18:17:22',829,4,0),
 (3906,70,0,6,'2015-02-06 18:20:43',832,3,1),
 (3907,70,3,4,'2015-02-06 18:20:43',832,3,0),
 (3908,70,3,5,'2015-02-06 18:27:53',832,3,0),
 (3909,70,0,6,'2015-02-06 19:06:03',833,3,8),
 (3910,70,3,4,'2015-02-06 19:06:03',833,3,0),
 (3911,70,3,5,'2015-02-06 19:16:03',833,3,0),
 (3912,71,0,6,'2015-02-06 19:20:07',834,3,8),
 (3913,71,3,4,'2015-02-06 19:20:07',834,3,0),
 (3914,71,3,5,'2015-02-06 19:50:27',834,3,0),
 (3915,70,0,6,'2015-02-09 14:22:08',835,4,2),
 (3916,70,4,4,'2015-02-09 14:22:08',835,4,0),
 (3917,70,0,6,'2015-02-09 14:22:08',836,4,2),
 (3918,70,4,5,'2015-02-09 15:29:50',835,4,0),
 (3919,70,4,4,'2015-02-09 15:29:50',836,4,0),
 (3920,70,4,5,'2015-02-09 15:52:25',836,4,0),
 (3921,70,4,7,'2015-02-09 17:19:29',0,4,0),
 (3922,70,0,6,'2015-02-09 17:19:54',837,4,2),
 (3923,70,0,6,'2015-02-09 21:48:12',838,3,1),
 (3924,70,3,4,'2015-02-09 21:48:12',838,3,0),
 (3925,70,4,8,'2015-02-09 21:48:16',0,4,0),
 (3926,70,4,4,'2015-02-09 21:48:16',837,4,0),
 (3927,70,3,5,'2015-02-09 22:04:28',838,3,0),
 (3928,70,4,5,'2015-02-10 00:17:36',837,4,0),
 (3929,70,0,6,'2015-02-10 00:28:03',839,3,1),
 (3930,70,3,4,'2015-02-10 00:28:03',839,3,0),
 (3931,70,3,5,'2015-02-10 00:54:30',839,3,0),
 (3932,70,0,6,'2015-02-10 13:36:33',840,3,1),
 (3933,70,3,4,'2015-02-10 13:36:33',840,3,0),
 (3934,70,0,6,'2015-02-10 13:36:49',841,4,2),
 (3935,70,4,4,'2015-02-10 13:36:50',841,4,0),
 (3936,70,0,6,'2015-02-10 13:36:50',842,4,2),
 (3937,70,0,6,'2015-02-10 13:55:23',843,3,8),
 (3938,70,3,5,'2015-02-10 14:06:40',840,3,0),
 (3939,70,0,6,'2015-02-10 14:08:22',844,3,8),
 (3940,70,3,4,'2015-02-10 14:08:22',844,3,0),
 (3941,70,3,5,'2015-02-10 14:18:07',844,3,0),
 (3942,70,4,5,'2015-02-10 14:44:04',841,4,0),
 (3943,70,4,4,'2015-02-10 14:44:04',842,4,0),
 (3944,70,4,5,'2015-02-10 15:05:49',842,4,0),
 (3945,70,0,6,'2015-02-10 15:24:24',845,3,8),
 (3946,70,3,4,'2015-02-10 15:24:24',845,3,0),
 (3947,70,3,5,'2015-02-10 15:34:13',845,3,0),
 (3948,70,0,6,'2015-02-10 15:37:13',846,3,8),
 (3949,70,3,4,'2015-02-10 15:37:13',846,3,0),
 (3950,70,3,5,'2015-02-10 15:59:21',846,3,0),
 (3951,70,0,6,'2015-02-10 21:42:18',847,3,1),
 (3952,70,3,4,'2015-02-10 21:42:18',847,3,0),
 (3953,70,3,5,'2015-02-10 21:50:46',847,3,0),
 (3954,70,0,6,'2015-02-11 13:21:24',848,4,2),
 (3955,70,4,4,'2015-02-11 13:21:24',848,4,0),
 (3956,70,0,6,'2015-02-11 13:21:25',849,4,2),
 (3957,70,4,5,'2015-02-11 14:27:39',848,4,0),
 (3958,70,4,4,'2015-02-11 14:27:39',849,4,0),
 (3959,70,4,5,'2015-02-11 14:49:32',849,4,0),
 (3960,70,0,10,'2015-02-11 15:31:02',0,2,1),
 (3961,70,0,6,'2015-02-11 15:31:02',850,2,1),
 (3962,70,1,2,'2015-02-11 15:31:02',850,2,0),
 (3963,70,1,3,'2015-02-11 15:50:23',850,2,0),
 (3964,72,0,10,'2015-02-11 15:56:22',0,2,1),
 (3965,72,0,6,'2015-02-11 15:56:22',851,2,1),
 (3966,72,1,2,'2015-02-11 15:56:22',851,2,0),
 (3967,72,1,3,'2015-02-11 19:43:16',851,2,0),
 (3968,70,0,10,'2015-02-11 19:48:28',0,2,1),
 (3969,70,0,6,'2015-02-11 19:48:28',852,2,1),
 (3970,70,1,2,'2015-02-11 19:48:28',852,2,0),
 (3971,70,1,3,'2015-02-11 19:58:21',852,2,0),
 (3972,72,0,10,'2015-02-11 20:04:31',0,2,1),
 (3973,72,0,6,'2015-02-11 20:04:31',853,2,1),
 (3974,72,1,2,'2015-02-11 20:04:31',853,2,0),
 (3975,72,1,3,'2015-02-11 20:15:08',853,2,0),
 (3976,70,0,6,'2015-02-12 13:06:02',854,4,2),
 (3977,70,4,4,'2015-02-12 13:06:02',854,4,0),
 (3978,70,0,6,'2015-02-12 13:06:03',855,4,2),
 (3979,70,4,5,'2015-02-12 14:12:59',854,4,0),
 (3980,70,4,4,'2015-02-12 14:12:59',855,4,0),
 (3981,70,4,5,'2015-02-12 14:36:01',855,4,0),
 (3982,70,0,6,'2015-02-13 12:51:48',856,4,2),
 (3983,70,4,4,'2015-02-13 12:51:48',856,4,0),
 (3984,70,0,6,'2015-02-13 12:51:49',857,4,2),
 (3985,70,4,5,'2015-02-13 13:59:42',856,4,0),
 (3986,70,4,4,'2015-02-13 13:59:42',857,4,0),
 (3987,70,4,5,'2015-02-13 14:21:52',857,4,0),
 (3988,70,0,6,'2015-02-17 13:26:48',858,4,2),
 (3989,70,4,4,'2015-02-17 13:26:48',858,4,0),
 (3990,70,0,6,'2015-02-17 13:26:49',859,4,2),
 (3991,70,4,5,'2015-02-17 14:35:35',858,4,0),
 (3992,70,4,4,'2015-02-17 14:35:35',859,4,0),
 (3993,70,4,5,'2015-02-17 14:42:21',859,4,0),
 (3994,60,3,7,'2015-02-17 16:48:16',0,3,0),
 (3995,60,3,8,'2015-02-17 21:00:55',0,3,0),
 (3996,70,4,7,'2015-02-17 21:43:26',0,4,0),
 (3997,72,0,6,'2015-02-17 21:43:47',860,4,1),
 (3998,70,4,8,'2015-02-17 21:44:28',0,4,0),
 (3999,72,4,4,'2015-02-17 21:44:28',860,4,0),
 (4000,72,4,5,'2015-02-17 21:44:58',860,4,0),
 (4001,70,4,7,'2015-02-17 22:07:04',0,4,0),
 (4002,72,0,6,'2015-02-17 22:07:15',861,4,1),
 (4003,70,4,8,'2015-02-17 22:07:37',0,4,0),
 (4004,72,4,4,'2015-02-17 22:07:37',861,4,0),
 (4005,72,4,5,'2015-02-17 22:08:07',861,4,0),
 (4006,70,0,6,'2015-02-17 22:19:07',862,4,2),
 (4007,70,4,4,'2015-02-17 22:19:07',862,4,0),
 (4008,70,4,5,'2015-02-17 23:26:46',862,4,0),
 (4009,70,0,6,'2015-02-18 12:01:19',863,4,2),
 (4010,70,4,4,'2015-02-18 12:01:19',863,4,0),
 (4011,70,0,6,'2015-02-18 12:01:20',864,4,2),
 (4012,70,4,5,'2015-02-18 13:08:44',863,4,0),
 (4013,70,4,4,'2015-02-18 13:08:44',864,4,0),
 (4014,70,4,5,'2015-02-18 13:15:01',864,4,0),
 (4015,70,0,6,'2015-02-18 13:22:04',865,4,2),
 (4016,70,4,4,'2015-02-18 13:22:04',865,4,0),
 (4017,70,0,6,'2015-02-18 13:31:03',866,4,2),
 (4018,70,0,6,'2015-02-18 13:31:04',867,4,2),
 (4019,70,4,5,'2015-02-18 13:44:03',865,4,0),
 (4020,70,4,4,'2015-02-18 13:44:03',866,4,0),
 (4021,70,4,5,'2015-02-18 14:20:06',866,4,0),
 (4022,70,4,4,'2015-02-18 14:20:06',867,4,0),
 (4023,70,4,5,'2015-02-18 14:49:06',867,4,0),
 (4024,70,0,6,'2015-02-18 14:50:19',868,4,2),
 (4025,70,4,4,'2015-02-18 14:50:19',868,4,0),
 (4026,70,0,6,'2015-02-18 14:50:19',869,4,2),
 (4027,70,4,5,'2015-02-18 15:30:14',868,4,0),
 (4028,70,4,4,'2015-02-18 15:30:14',869,4,0),
 (4029,70,4,5,'2015-02-18 16:07:56',869,4,0),
 (4030,73,0,1,'2015-02-18 16:16:49',0,1,0),
 (4031,73,0,6,'2015-02-18 16:16:49',870,2,0),
 (4032,73,0,6,'2015-02-18 16:16:49',871,4,0),
 (4033,73,1,2,'2015-02-18 16:16:49',870,2,0),
 (4034,73,0,6,'2015-02-18 16:16:49',872,3,0),
 (4035,73,4,2,'2015-02-18 16:16:49',871,4,0),
 (4036,73,3,2,'2015-02-18 16:16:49',872,3,0),
 (4037,73,0,6,'2015-02-18 16:18:23',873,4,2),
 (4038,73,1,3,'2015-02-18 16:25:17',870,2,0),
 (4039,73,1,4,'2015-02-18 16:25:17',870,2,0),
 (4040,73,1,5,'2015-02-18 16:25:17',870,2,0),
 (4041,73,3,9,'2015-02-18 16:30:19',872,3,0),
 (4042,73,0,10,'2015-02-18 16:47:17',0,3,1),
 (4043,73,0,6,'2015-02-18 16:47:17',874,3,1),
 (4044,73,3,2,'2015-02-18 16:47:18',874,3,0),
 (4045,73,4,3,'2015-02-18 17:40:38',871,4,0),
 (4046,73,4,4,'2015-02-18 17:40:38',871,4,0),
 (4047,73,3,3,'2015-02-18 17:56:33',874,3,0),
 (4048,73,3,4,'2015-02-18 17:56:33',874,3,0),
 (4049,73,3,5,'2015-02-18 18:08:19',874,3,0),
 (4050,73,4,5,'2015-02-18 18:14:24',871,4,0),
 (4051,73,4,4,'2015-02-18 18:14:24',873,4,0),
 (4052,73,0,6,'2015-02-18 19:22:12',875,3,1),
 (4053,73,3,4,'2015-02-18 19:22:12',875,3,0),
 (4054,73,4,5,'2015-02-18 19:45:15',873,4,0),
 (4055,73,3,5,'2015-02-18 19:47:30',875,3,0),
 (4056,73,0,6,'2015-02-18 20:04:22',876,4,2),
 (4057,73,4,4,'2015-02-18 20:04:22',876,4,0),
 (4058,60,3,7,'2015-02-18 20:08:57',0,3,0),
 (4059,73,0,6,'2015-02-18 20:09:43',877,4,2),
 (4060,73,0,6,'2015-02-18 20:24:17',878,3,1),
 (4061,73,0,6,'2015-02-18 20:54:42',879,3,1),
 (4062,60,3,8,'2015-02-18 20:54:50',0,3,0),
 (4063,73,3,4,'2015-02-18 20:54:50',878,3,0),
 (4064,73,4,5,'2015-02-18 21:02:38',876,4,0),
 (4065,73,4,4,'2015-02-18 21:02:38',877,4,0),
 (4066,73,3,5,'2015-02-18 21:17:27',878,3,0),
 (4067,73,3,4,'2015-02-18 21:17:27',879,3,0),
 (4068,73,0,10,'2015-02-18 21:33:11',0,6,14),
 (4069,73,0,6,'2015-02-18 21:33:11',880,6,14),
 (4070,73,6,2,'2015-02-18 21:33:11',880,6,0),
 (4071,73,4,5,'2015-02-18 21:56:46',877,4,0),
 (4072,73,0,6,'2015-02-18 23:39:10',881,4,2),
 (4073,73,4,4,'2015-02-18 23:39:10',881,4,0),
 (4074,73,4,5,'2015-02-19 00:21:10',881,4,0),
 (4075,73,0,6,'2015-02-19 11:59:40',882,4,2),
 (4076,73,4,4,'2015-02-19 11:59:40',882,4,0),
 (4077,73,4,5,'2015-02-19 13:17:34',882,4,0),
 (4078,73,6,3,'2015-02-19 15:23:05',880,6,0),
 (4079,72,0,1,'2015-02-19 18:56:55',0,1,0),
 (4080,72,0,6,'2015-02-19 18:56:55',883,2,0),
 (4081,72,0,6,'2015-02-19 18:56:55',884,2,0),
 (4082,72,1,2,'2015-02-19 18:56:55',883,2,0),
 (4083,72,0,6,'2015-02-19 18:56:55',885,4,0),
 (4084,72,0,6,'2015-02-19 18:56:55',886,3,0),
 (4085,72,4,2,'2015-02-19 18:56:55',885,4,0),
 (4086,72,1,3,'2015-02-19 19:07:30',883,2,0),
 (4087,72,1,4,'2015-02-19 19:07:30',883,2,0),
 (4088,72,1,5,'2015-02-19 19:07:30',883,2,0),
 (4089,73,0,6,'2015-02-19 19:10:10',887,3,1),
 (4090,72,4,3,'2015-02-19 19:41:48',885,4,0),
 (4091,72,4,4,'2015-02-19 19:41:48',885,4,0),
 (4092,0,2,8,'2015-02-19 20:09:21',0,1,0),
 (4093,0,2,7,'2015-02-19 20:09:23',0,1,0),
 (4094,60,3,7,'2015-02-19 20:15:25',0,3,0),
 (4095,60,3,8,'2015-02-19 20:15:27',0,3,0),
 (4096,73,3,4,'2015-02-19 20:15:27',887,3,0),
 (4097,73,3,5,'2015-02-19 20:15:28',887,3,0),
 (4098,73,0,6,'2015-02-19 20:18:07',888,3,1),
 (4099,73,3,4,'2015-02-19 20:18:07',888,3,0),
 (4100,73,3,5,'2015-02-19 20:23:19',888,3,0),
 (4101,73,0,6,'2015-02-19 20:37:41',889,3,1),
 (4102,73,3,4,'2015-02-19 20:37:41',889,3,0),
 (4103,73,3,5,'2015-02-19 20:48:03',889,3,0),
 (4104,73,0,6,'2015-02-19 21:09:51',890,3,1),
 (4105,73,3,4,'2015-02-19 21:09:51',890,3,0),
 (4106,73,3,5,'2015-02-19 21:51:35',890,3,0),
 (4107,72,0,10,'2015-02-19 22:14:53',0,6,14),
 (4108,72,0,6,'2015-02-19 22:14:53',891,6,14),
 (4109,72,6,2,'2015-02-19 22:14:53',891,6,0),
 (4110,73,0,6,'2015-02-19 22:20:40',892,3,1),
 (4111,73,3,4,'2015-02-19 22:20:40',892,3,0),
 (4112,73,3,5,'2015-02-19 23:01:57',892,3,0),
 (4113,72,6,3,'2015-02-20 01:37:18',891,6,0),
 (4114,73,0,6,'2015-02-20 15:38:41',893,3,1),
 (4115,73,3,4,'2015-02-20 15:38:41',893,3,0),
 (4116,73,3,5,'2015-02-20 16:21:03',893,3,0),
 (4117,73,0,6,'2015-02-20 16:43:36',894,3,1),
 (4118,73,3,4,'2015-02-20 16:43:36',894,3,0),
 (4119,73,3,5,'2015-02-20 17:10:44',894,3,0),
 (4120,73,0,6,'2015-02-20 17:23:26',895,3,1),
 (4121,73,3,4,'2015-02-20 17:23:26',895,3,0),
 (4122,73,3,5,'2015-02-20 17:50:37',895,3,0),
 (4123,73,0,6,'2015-02-20 19:05:04',896,3,1),
 (4124,73,3,4,'2015-02-20 19:05:05',896,3,0),
 (4125,73,3,5,'2015-02-20 19:19:08',896,3,0),
 (4126,73,0,6,'2015-02-20 19:32:32',897,3,1),
 (4127,73,3,4,'2015-02-20 19:32:32',897,3,0),
 (4128,73,3,5,'2015-02-20 19:47:30',897,3,0),
 (4129,73,0,6,'2015-02-20 19:52:20',898,3,1),
 (4130,73,3,4,'2015-02-20 19:52:20',898,3,0),
 (4131,73,3,5,'2015-02-20 20:17:42',898,3,0),
 (4132,73,0,6,'2015-02-20 20:47:13',899,3,1),
 (4133,73,3,4,'2015-02-20 20:47:13',899,3,0),
 (4134,73,3,5,'2015-02-20 20:54:33',899,3,0),
 (4135,73,0,6,'2015-02-20 21:01:31',900,3,1),
 (4136,73,3,4,'2015-02-20 21:01:31',900,3,0),
 (4137,73,3,5,'2015-02-20 21:28:51',900,3,0),
 (4138,72,4,5,'2015-02-21 09:33:20',885,4,0),
 (4139,72,0,6,'2015-02-22 17:46:56',901,4,2),
 (4140,72,4,4,'2015-02-22 17:46:56',901,4,0),
 (4141,72,4,5,'2015-02-22 19:09:39',901,4,0),
 (4142,72,0,6,'2015-02-23 13:54:04',902,4,2),
 (4143,72,4,4,'2015-02-23 13:54:04',902,4,0),
 (4144,72,4,5,'2015-02-23 15:03:23',902,4,0),
 (4145,73,0,6,'2015-02-23 15:36:47',903,3,1),
 (4146,73,3,4,'2015-02-23 15:36:47',903,3,0),
 (4147,73,3,5,'2015-02-23 15:49:15',903,3,0),
 (4148,73,0,6,'2015-02-23 15:56:40',904,3,1),
 (4149,73,3,4,'2015-02-23 15:56:40',904,3,0),
 (4150,73,3,5,'2015-02-23 16:21:54',904,3,0),
 (4151,73,0,6,'2015-02-23 16:48:34',905,3,1),
 (4152,73,3,4,'2015-02-23 16:48:34',905,3,0),
 (4153,73,3,5,'2015-02-23 17:01:45',905,3,0),
 (4154,72,0,6,'2015-02-23 19:07:27',906,4,2),
 (4155,72,4,4,'2015-02-23 19:07:27',906,4,0),
 (4156,72,0,6,'2015-02-23 19:07:27',907,4,2),
 (4157,72,0,6,'2015-02-23 19:07:28',908,4,2),
 (4158,72,0,6,'2015-02-23 19:07:28',909,4,2),
 (4159,72,4,5,'2015-02-23 19:55:58',906,4,0),
 (4160,72,4,4,'2015-02-23 19:55:58',907,4,0),
 (4161,73,0,6,'2015-02-23 20:11:30',910,3,1),
 (4162,73,3,4,'2015-02-23 20:11:30',910,3,0),
 (4163,72,4,5,'2015-02-23 20:32:51',907,4,0),
 (4164,72,4,4,'2015-02-23 20:32:51',908,4,0),
 (4165,73,3,5,'2015-02-23 20:50:26',910,3,0),
 (4166,72,4,5,'2015-02-23 21:16:46',908,4,0),
 (4167,72,4,4,'2015-02-23 21:16:46',909,4,0),
 (4168,72,4,5,'2015-02-23 21:52:06',909,4,0),
 (4169,72,0,6,'2015-02-23 22:51:21',911,4,2),
 (4170,72,4,4,'2015-02-23 22:51:21',911,4,0),
 (4171,72,0,6,'2015-02-23 22:51:21',912,4,2),
 (4172,72,0,6,'2015-02-23 22:51:22',913,4,2),
 (4173,72,0,6,'2015-02-23 22:51:30',914,4,2),
 (4174,72,0,6,'2015-02-23 22:51:31',915,4,2),
 (4175,72,0,6,'2015-02-23 22:51:32',916,4,2),
 (4176,72,0,6,'2015-02-23 22:51:32',917,4,2),
 (4177,72,0,6,'2015-02-23 22:51:38',918,4,2),
 (4178,72,0,6,'2015-02-23 22:51:39',919,4,2),
 (4179,72,0,6,'2015-02-23 22:51:39',920,4,2),
 (4180,72,0,6,'2015-02-23 22:51:43',921,4,2),
 (4181,72,0,6,'2015-02-23 22:51:44',922,4,2),
 (4182,72,0,6,'2015-02-23 22:51:45',923,4,2),
 (4183,72,0,6,'2015-02-23 22:51:47',924,4,2),
 (4184,72,0,6,'2015-02-23 22:51:48',925,4,2),
 (4185,73,0,6,'2015-02-23 22:52:05',926,3,1),
 (4186,73,3,4,'2015-02-23 22:52:05',926,3,0),
 (4187,73,3,5,'2015-02-23 23:25:54',926,3,0),
 (4188,72,4,5,'2015-02-23 23:36:32',911,4,0),
 (4189,72,4,4,'2015-02-23 23:36:32',912,4,0),
 (4190,72,4,5,'2015-02-23 23:48:21',912,4,0),
 (4191,72,4,4,'2015-02-23 23:48:21',913,4,0),
 (4192,72,4,5,'2015-02-24 00:04:44',913,4,0),
 (4193,72,4,4,'2015-02-24 00:04:44',914,4,0),
 (4194,72,4,5,'2015-02-24 00:08:37',914,4,0),
 (4195,72,4,4,'2015-02-24 00:08:37',915,4,0),
 (4196,72,4,5,'2015-02-24 00:23:59',915,4,0),
 (4197,72,4,4,'2015-02-24 00:23:59',916,4,0),
 (4198,72,4,5,'2015-02-24 00:41:34',916,4,0),
 (4199,72,4,4,'2015-02-24 00:41:34',917,4,0),
 (4200,72,4,5,'2015-02-24 01:14:06',917,4,0),
 (4201,72,4,4,'2015-02-24 01:14:06',918,4,0),
 (4202,72,4,5,'2015-02-24 01:21:24',918,4,0),
 (4203,72,4,4,'2015-02-24 01:21:24',919,4,0),
 (4204,72,4,5,'2015-02-24 02:00:31',919,4,0),
 (4205,72,4,4,'2015-02-24 02:00:32',920,4,0),
 (4206,72,4,5,'2015-02-24 02:00:49',920,4,0),
 (4207,72,4,4,'2015-02-24 02:00:49',921,4,0),
 (4208,72,4,5,'2015-02-24 02:53:23',921,4,0),
 (4209,72,4,4,'2015-02-24 02:53:23',922,4,0),
 (4210,72,4,5,'2015-02-24 03:36:22',922,4,0),
 (4211,72,4,4,'2015-02-24 03:36:22',923,4,0),
 (4212,72,4,5,'2015-02-24 03:37:16',923,4,0),
 (4213,72,4,4,'2015-02-24 03:37:16',924,4,0),
 (4214,72,4,5,'2015-02-24 03:37:31',924,4,0),
 (4215,72,4,4,'2015-02-24 03:37:31',925,4,0),
 (4216,72,4,5,'2015-02-24 03:37:41',925,4,0),
 (4217,72,0,6,'2015-02-24 14:02:38',927,4,2),
 (4218,72,4,4,'2015-02-24 14:02:38',927,4,0),
 (4219,72,0,6,'2015-02-24 14:02:41',928,4,2),
 (4220,72,4,5,'2015-02-24 15:10:54',927,4,0),
 (4221,72,4,4,'2015-02-24 15:10:54',928,4,0),
 (4222,72,4,5,'2015-02-24 15:34:26',928,4,0),
 (4223,72,0,6,'2015-02-24 15:35:20',929,4,2),
 (4224,72,4,4,'2015-02-24 15:35:20',929,4,0),
 (4225,72,0,6,'2015-02-24 15:35:20',930,4,2),
 (4226,72,0,6,'2015-02-24 15:35:21',931,4,2),
 (4227,72,0,6,'2015-02-24 15:35:22',932,4,2),
 (4228,72,0,6,'2015-02-24 15:35:22',933,4,2),
 (4229,72,0,6,'2015-02-24 15:35:23',934,4,2),
 (4230,72,0,6,'2015-02-24 15:35:27',935,4,2),
 (4231,72,0,6,'2015-02-24 15:35:28',936,4,2),
 (4232,72,0,6,'2015-02-24 15:35:56',937,4,2),
 (4233,72,0,6,'2015-02-24 15:36:03',938,4,2),
 (4234,72,0,6,'2015-02-24 15:36:05',939,4,2),
 (4235,72,0,6,'2015-02-24 15:36:12',940,4,2),
 (4236,72,0,6,'2015-02-24 15:36:13',941,4,2),
 (4237,72,0,6,'2015-02-24 15:36:13',942,4,2),
 (4238,72,0,6,'2015-02-24 15:36:14',943,4,2),
 (4239,72,0,6,'2015-02-24 15:36:16',944,4,2),
 (4240,72,0,6,'2015-02-24 15:36:18',945,4,2),
 (4241,72,0,6,'2015-02-24 15:36:19',946,4,2),
 (4242,72,0,6,'2015-02-24 15:36:24',947,4,2),
 (4243,72,0,6,'2015-02-24 15:36:25',948,4,2),
 (4244,72,0,6,'2015-02-24 15:36:26',949,4,2),
 (4245,72,0,6,'2015-02-24 15:36:33',950,4,2),
 (4246,72,0,6,'2015-02-24 15:36:34',951,4,2),
 (4247,72,0,6,'2015-02-24 15:36:34',952,4,2),
 (4248,72,0,6,'2015-02-24 15:36:35',953,4,2),
 (4249,72,0,6,'2015-02-24 15:36:40',954,4,2),
 (4250,72,0,6,'2015-02-24 15:36:41',955,4,2),
 (4251,72,4,5,'2015-02-24 16:12:42',929,4,0),
 (4252,72,4,4,'2015-02-24 16:12:42',930,4,0),
 (4253,72,4,5,'2015-02-24 16:49:06',930,4,0),
 (4254,72,4,4,'2015-02-24 16:49:06',931,4,0),
 (4255,72,4,5,'2015-02-24 17:46:13',931,4,0),
 (4256,72,4,4,'2015-02-24 17:46:13',932,4,0),
 (4257,72,4,5,'2015-02-24 18:23:02',932,4,0),
 (4258,72,4,4,'2015-02-24 18:23:02',933,4,0),
 (4259,72,4,5,'2015-02-24 19:01:04',933,4,0),
 (4260,72,4,4,'2015-02-24 19:01:04',934,4,0),
 (4261,72,4,5,'2015-02-24 19:38:59',934,4,0),
 (4262,72,4,4,'2015-02-24 19:38:59',935,4,0),
 (4263,73,0,6,'2015-02-24 19:43:06',956,3,1),
 (4264,73,3,4,'2015-02-24 19:43:06',956,3,0),
 (4265,72,4,5,'2015-02-24 19:50:32',935,4,0),
 (4266,72,4,4,'2015-02-24 19:50:32',936,4,0),
 (4267,73,3,5,'2015-02-24 20:11:46',956,3,0),
 (4268,73,0,6,'2015-02-24 20:17:38',957,3,1),
 (4269,73,3,4,'2015-02-24 20:17:38',957,3,0),
 (4270,72,4,5,'2015-02-24 20:28:15',936,4,0),
 (4271,72,4,4,'2015-02-24 20:28:15',937,4,0),
 (4272,73,3,5,'2015-02-24 20:29:43',957,3,0),
 (4273,73,0,6,'2015-02-24 20:46:13',958,3,1),
 (4274,60,3,8,'2015-02-24 20:46:29',0,3,0),
 (4275,73,3,4,'2015-02-24 20:46:29',958,3,0),
 (4276,73,3,5,'2015-02-24 21:01:23',958,3,0),
 (4277,72,4,5,'2015-02-24 21:05:01',937,4,0),
 (4278,72,4,4,'2015-02-24 21:05:01',938,4,0),
 (4279,74,0,1,'2015-02-24 21:21:31',0,1,0),
 (4280,74,0,6,'2015-02-24 21:21:31',959,2,0),
 (4281,74,0,6,'2015-02-24 21:21:31',960,4,0),
 (4282,74,1,2,'2015-02-24 21:21:31',959,2,0),
 (4283,74,0,6,'2015-02-24 21:21:31',961,7,0),
 (4284,74,7,2,'2015-02-24 21:21:31',961,7,0),
 (4285,74,1,3,'2015-02-24 21:27:56',959,2,0),
 (4286,74,1,4,'2015-02-24 21:27:56',959,2,0),
 (4287,74,1,5,'2015-02-24 21:27:56',959,2,0),
 (4288,72,4,5,'2015-02-24 21:48:42',938,4,0),
 (4289,72,4,4,'2015-02-24 21:48:42',939,4,0),
 (4290,72,4,5,'2015-02-24 21:48:50',939,4,0),
 (4291,72,4,4,'2015-02-24 21:48:50',940,4,0),
 (4292,72,4,5,'2015-02-24 21:49:18',940,4,0),
 (4293,72,4,4,'2015-02-24 21:49:19',941,4,0),
 (4294,72,4,5,'2015-02-24 22:55:21',941,4,0),
 (4295,72,4,4,'2015-02-24 22:55:21',942,4,0),
 (4296,72,4,5,'2015-02-24 23:45:47',942,4,0),
 (4297,72,4,4,'2015-02-24 23:45:48',943,4,0),
 (4298,72,4,5,'2015-02-25 00:06:25',943,4,0),
 (4299,72,4,4,'2015-02-25 00:06:25',944,4,0),
 (4300,72,4,5,'2015-02-25 00:08:06',944,4,0),
 (4301,72,4,4,'2015-02-25 00:08:07',945,4,0),
 (4302,72,4,5,'2015-02-25 00:44:17',945,4,0),
 (4303,72,4,4,'2015-02-25 00:44:17',946,4,0),
 (4304,72,4,5,'2015-02-25 01:09:03',946,4,0),
 (4305,72,4,4,'2015-02-25 01:09:03',947,4,0),
 (4306,74,7,3,'2015-02-25 02:09:20',961,7,0),
 (4307,72,4,5,'2015-02-25 02:16:10',947,4,0),
 (4308,72,4,4,'2015-02-25 02:16:10',948,4,0),
 (4309,72,4,5,'2015-02-25 03:11:13',948,4,0),
 (4310,72,4,4,'2015-02-25 03:11:13',949,4,0),
 (4311,72,4,5,'2015-02-25 03:55:13',949,4,0),
 (4312,72,4,4,'2015-02-25 03:55:13',950,4,0),
 (4313,72,4,5,'2015-02-25 04:54:13',950,4,0),
 (4314,72,4,4,'2015-02-25 04:54:14',951,4,0),
 (4315,72,4,5,'2015-02-25 05:34:02',951,4,0),
 (4316,72,4,4,'2015-02-25 05:34:02',952,4,0),
 (4317,72,4,5,'2015-02-25 05:34:55',952,4,0),
 (4318,72,4,4,'2015-02-25 05:34:55',953,4,0),
 (4319,72,4,5,'2015-02-25 06:20:47',953,4,0),
 (4320,72,4,4,'2015-02-25 06:20:47',954,4,0),
 (4321,72,4,5,'2015-02-25 06:25:33',954,4,0),
 (4322,72,4,4,'2015-02-25 06:25:33',955,4,0),
 (4323,72,4,5,'2015-02-25 06:32:15',955,4,0),
 (4324,74,4,2,'2015-02-25 06:32:15',960,4,0),
 (4325,74,4,3,'2015-02-25 06:40:03',960,4,0),
 (4326,74,4,4,'2015-02-25 06:40:03',960,4,0),
 (4327,60,3,7,'2015-02-25 18:37:11',0,3,0),
 (4328,60,3,8,'2015-02-25 19:29:30',0,3,0),
 (4329,73,0,6,'2015-02-25 19:30:30',962,3,1),
 (4330,73,3,4,'2015-02-25 19:30:30',962,3,0),
 (4331,73,3,5,'2015-02-25 19:45:34',962,3,0),
 (4332,60,3,7,'2015-02-25 19:50:28',0,3,0),
 (4333,74,4,5,'2015-02-26 06:08:19',960,4,0),
 (4334,0,16,7,'2015-02-26 13:17:37',0,10,0),
 (4335,0,17,7,'2015-02-26 13:17:37',0,10,0),
 (4336,0,18,7,'2015-02-26 13:17:37',0,10,0),
 (4337,0,14,7,'2015-02-26 13:17:37',0,9,0),
 (4338,0,15,7,'2015-02-26 13:17:37',0,9,0),
 (4339,60,5,7,'2015-02-26 13:17:39',0,5,0),
 (4340,70,6,7,'2015-02-26 13:17:39',0,6,0),
 (4341,60,7,7,'2015-02-26 13:17:39',0,7,0),
 (4342,72,1,7,'2015-02-26 13:17:40',0,2,0),
 (4343,60,5,8,'2015-02-26 13:18:37',0,5,0),
 (4344,70,6,8,'2015-02-26 13:18:42',0,6,0),
 (4345,60,7,8,'2015-02-26 13:18:42',0,7,0),
 (4346,0,14,8,'2015-02-26 13:18:45',0,9,0),
 (4347,0,15,8,'2015-02-26 13:18:45',0,9,0),
 (4348,0,16,8,'2015-02-26 13:18:45',0,10,0),
 (4349,0,17,8,'2015-02-26 13:18:45',0,10,0),
 (4350,0,18,8,'2015-02-26 13:18:45',0,10,0),
 (4351,70,4,8,'2015-02-26 13:18:47',0,4,0),
 (4352,72,1,8,'2015-02-26 13:18:48',0,2,0),
 (4353,74,0,6,'2015-02-26 13:28:16',963,4,2),
 (4354,74,4,4,'2015-02-26 13:28:16',963,4,0),
 (4355,74,4,5,'2015-02-26 14:57:08',963,4,0),
 (4356,70,4,7,'2015-02-26 15:28:41',0,4,0),
 (4357,74,0,1,'2015-02-26 15:36:36',0,1,0),
 (4358,74,0,6,'2015-02-26 15:36:36',964,2,0),
 (4359,74,0,6,'2015-02-26 15:36:36',965,4,0),
 (4360,74,1,2,'2015-02-26 15:36:36',964,2,0),
 (4361,74,0,6,'2015-02-26 15:36:36',966,7,0),
 (4362,74,7,2,'2015-02-26 15:36:36',966,7,0),
 (4363,74,1,3,'2015-02-26 15:42:54',964,2,0),
 (4364,74,1,4,'2015-02-26 15:42:54',964,2,0),
 (4365,74,1,5,'2015-02-26 15:42:55',964,2,0),
 (4366,74,7,3,'2015-02-26 15:43:16',966,7,0),
 (4367,74,0,10,'2015-02-26 17:28:29',0,4,2),
 (4368,74,0,6,'2015-02-26 17:28:29',967,4,2),
 (4369,70,4,8,'2015-02-26 17:28:33',0,4,0),
 (4370,74,4,2,'2015-02-26 17:28:33',967,4,0),
 (4371,74,4,3,'2015-02-26 17:35:20',967,4,0),
 (4372,74,4,4,'2015-02-26 17:35:20',967,4,0),
 (4373,74,4,5,'2015-02-26 17:35:22',967,4,0),
 (4374,70,4,7,'2015-02-26 19:29:22',0,4,0),
 (4375,70,4,8,'2015-02-26 19:29:28',0,4,0),
 (4376,70,4,7,'2015-02-26 19:30:01',0,4,0),
 (4377,70,4,8,'2015-02-26 19:30:02',0,4,0),
 (4378,74,0,10,'2015-02-26 22:36:57',0,6,17),
 (4379,74,0,6,'2015-02-26 22:36:57',968,6,17),
 (4380,74,6,2,'2015-02-26 22:36:57',968,6,0),
 (4381,74,6,3,'2015-02-26 22:45:40',968,6,0),
 (4382,72,1,7,'2015-02-27 16:51:41',0,2,0),
 (4383,70,4,7,'2015-02-27 16:51:41',0,4,0),
 (4384,60,5,7,'2015-02-27 16:51:42',0,5,0),
 (4385,70,6,7,'2015-02-27 16:51:43',0,6,0),
 (4386,60,7,7,'2015-02-27 16:51:43',0,7,0),
 (4387,0,14,7,'2015-02-27 16:51:44',0,9,0),
 (4388,0,15,7,'2015-02-27 16:51:44',0,9,0),
 (4389,0,16,7,'2015-02-27 16:51:44',0,10,0),
 (4390,0,17,7,'2015-02-27 16:51:44',0,10,0),
 (4391,0,18,7,'2015-02-27 16:51:44',0,10,0),
 (4392,72,1,8,'2015-02-27 16:52:18',0,2,0),
 (4393,70,4,8,'2015-02-27 16:52:19',0,4,0),
 (4394,60,5,8,'2015-02-27 16:52:21',0,5,0),
 (4395,70,6,8,'2015-02-27 16:52:22',0,6,0),
 (4396,60,7,8,'2015-02-27 16:52:23',0,7,0),
 (4397,0,14,8,'2015-02-27 16:52:24',0,9,0),
 (4398,0,15,8,'2015-02-27 16:52:24',0,9,0),
 (4399,0,16,8,'2015-02-27 16:52:24',0,10,0),
 (4400,0,17,8,'2015-02-27 16:52:24',0,10,0),
 (4401,0,18,8,'2015-02-27 16:52:24',0,10,0),
 (4402,74,0,6,'2015-02-27 16:52:50',969,4,2),
 (4403,74,4,4,'2015-02-27 16:52:50',969,4,0),
 (4404,74,4,5,'2015-02-27 16:52:52',969,4,0),
 (4405,74,0,6,'2015-03-02 13:04:03',970,4,2),
 (4406,74,4,4,'2015-03-02 13:04:03',970,4,0),
 (4407,74,4,5,'2015-03-02 14:09:25',970,4,0),
 (4408,74,0,6,'2015-03-02 14:09:55',971,4,2),
 (4409,74,4,4,'2015-03-02 14:09:55',971,4,0),
 (4410,74,4,5,'2015-03-02 14:32:55',971,4,0),
 (4411,74,0,1,'2015-03-02 14:35:15',0,1,0),
 (4412,74,0,6,'2015-03-02 14:35:15',972,2,0),
 (4413,74,0,6,'2015-03-02 14:35:15',973,7,0),
 (4414,74,1,2,'2015-03-02 14:35:15',972,2,0),
 (4415,74,0,6,'2015-03-02 14:35:15',974,4,0),
 (4416,74,7,2,'2015-03-02 14:35:15',973,7,0),
 (4417,74,0,6,'2015-03-02 14:35:15',975,6,0),
 (4418,74,4,2,'2015-03-02 14:35:15',974,4,0),
 (4419,74,6,2,'2015-03-02 14:35:15',975,6,0),
 (4420,74,7,3,'2015-03-02 14:40:10',973,7,0),
 (4421,74,1,3,'2015-03-02 14:41:29',972,2,0),
 (4422,74,1,4,'2015-03-02 14:41:29',972,2,0),
 (4423,74,1,5,'2015-03-02 14:41:30',972,2,0),
 (4424,74,4,3,'2015-03-02 14:42:10',974,4,0),
 (4425,74,4,4,'2015-03-02 14:42:10',974,4,0),
 (4426,74,4,5,'2015-03-02 14:42:12',974,4,0),
 (4427,74,6,3,'2015-03-02 14:42:38',975,6,0),
 (4428,60,3,8,'2015-03-02 16:08:33',0,3,0),
 (4429,74,0,6,'2015-03-02 17:42:14',976,4,2),
 (4430,74,4,4,'2015-03-02 17:42:14',976,4,0),
 (4431,74,0,6,'2015-03-02 17:42:52',977,4,2),
 (4432,74,4,5,'2015-03-02 18:16:41',976,4,0),
 (4433,74,4,4,'2015-03-02 18:16:41',977,4,0),
 (4434,74,4,5,'2015-03-02 18:17:57',977,4,0),
 (4435,74,0,6,'2015-03-02 18:22:33',978,4,2),
 (4436,74,4,4,'2015-03-02 18:22:33',978,4,0),
 (4437,74,4,5,'2015-03-02 18:59:17',978,4,0),
 (4438,74,0,1,'2015-03-02 19:22:49',0,1,0),
 (4439,74,0,6,'2015-03-02 19:22:49',979,2,0),
 (4440,74,0,6,'2015-03-02 19:22:49',980,7,0),
 (4441,74,1,2,'2015-03-02 19:22:49',979,2,0),
 (4442,74,0,6,'2015-03-02 19:22:49',981,4,0),
 (4443,74,7,2,'2015-03-02 19:22:49',980,7,0),
 (4444,74,0,6,'2015-03-02 19:22:49',982,6,0),
 (4445,74,4,2,'2015-03-02 19:22:49',981,4,0),
 (4446,74,6,2,'2015-03-02 19:22:49',982,6,0),
 (4447,74,1,3,'2015-03-02 19:29:06',979,2,0),
 (4448,74,1,4,'2015-03-02 19:29:06',979,2,0),
 (4449,74,1,5,'2015-03-02 19:29:07',979,2,0),
 (4450,74,4,3,'2015-03-02 19:29:33',981,4,0),
 (4451,74,4,4,'2015-03-02 19:29:33',981,4,0),
 (4452,74,4,5,'2015-03-02 19:29:35',981,4,0),
 (4453,74,7,3,'2015-03-02 19:29:37',980,7,0),
 (4454,74,6,3,'2015-03-02 19:29:45',982,6,0),
 (4455,74,0,6,'2015-03-02 19:39:21',983,4,2),
 (4456,74,4,4,'2015-03-02 19:39:21',983,4,0),
 (4457,74,0,10,'2015-03-02 19:41:11',0,4,2),
 (4458,74,0,6,'2015-03-02 19:41:11',984,4,2),
 (4459,70,6,7,'2015-03-02 19:45:20',0,6,0),
 (4460,74,4,5,'2015-03-02 19:49:11',983,4,0),
 (4461,74,0,6,'2015-03-02 19:56:37',985,4,2),
 (4462,74,4,4,'2015-03-02 19:56:37',985,4,0),
 (4463,74,4,5,'2015-03-02 20:06:15',985,4,0),
 (4464,73,0,6,'2015-03-02 20:40:50',986,3,1),
 (4465,73,3,4,'2015-03-02 20:40:50',986,3,0),
 (4466,73,3,5,'2015-03-02 20:55:24',986,3,0),
 (4467,74,0,6,'2015-03-02 21:10:06',987,4,2),
 (4468,74,4,4,'2015-03-02 21:10:06',987,4,0),
 (4469,74,4,5,'2015-03-02 21:19:55',987,4,0),
 (4470,74,0,6,'2015-03-02 21:46:24',988,4,2),
 (4471,74,4,4,'2015-03-02 21:46:24',988,4,0),
 (4472,74,4,5,'2015-03-02 21:56:08',988,4,0),
 (4473,74,0,6,'2015-03-02 22:10:52',989,4,2),
 (4474,74,4,4,'2015-03-02 22:10:52',989,4,0),
 (4475,74,4,5,'2015-03-02 22:20:46',989,4,0),
 (4476,74,0,6,'2015-03-03 13:49:18',990,4,2),
 (4477,74,4,4,'2015-03-03 13:49:18',990,4,0),
 (4478,74,4,5,'2015-03-03 15:03:57',990,4,0),
 (4479,74,0,6,'2015-03-03 16:14:17',991,4,2),
 (4480,74,4,4,'2015-03-03 16:14:17',991,4,0),
 (4481,74,4,5,'2015-03-03 16:53:22',991,4,0),
 (4482,74,0,6,'2015-03-03 17:23:59',992,4,2),
 (4483,74,4,4,'2015-03-03 17:23:59',992,4,0),
 (4484,74,4,5,'2015-03-03 18:13:05',992,4,0),
 (4485,74,0,6,'2015-03-03 20:43:54',993,4,2),
 (4486,74,4,4,'2015-03-03 20:43:54',993,4,0),
 (4487,74,4,5,'2015-03-03 21:35:03',993,4,0),
 (4488,73,0,6,'2015-03-04 18:44:39',994,3,1),
 (4489,60,3,8,'2015-03-04 18:44:52',0,3,0),
 (4490,73,3,4,'2015-03-04 18:44:52',994,3,0),
 (4491,73,0,6,'2015-03-04 18:47:36',995,3,1),
 (4492,73,3,5,'2015-03-04 19:15:25',994,3,0),
 (4493,73,3,4,'2015-03-04 19:15:26',995,3,0),
 (4494,73,3,5,'2015-03-04 19:39:16',995,3,0),
 (4495,73,0,6,'2015-03-04 21:37:25',996,3,1),
 (4496,73,3,4,'2015-03-04 21:37:25',996,3,0),
 (4497,73,3,5,'2015-03-04 21:38:04',996,3,0),
 (4498,73,0,6,'2015-03-04 21:39:08',997,3,1),
 (4499,73,3,4,'2015-03-04 21:39:08',997,3,0),
 (4500,73,3,5,'2015-03-04 22:01:51',997,3,0),
 (4501,73,0,6,'2015-03-05 13:47:09',998,3,8),
 (4502,73,3,4,'2015-03-05 13:47:09',998,3,0),
 (4503,74,0,6,'2015-03-05 14:02:21',999,4,2),
 (4504,74,4,4,'2015-03-05 14:02:21',999,4,0),
 (4505,74,0,6,'2015-03-05 14:02:23',1000,4,2),
 (4506,73,3,5,'2015-03-05 14:11:36',998,3,0),
 (4507,74,4,5,'2015-03-05 15:18:07',999,4,0),
 (4508,74,4,4,'2015-03-05 15:18:07',1000,4,0),
 (4509,74,0,6,'2015-03-05 15:22:35',1001,4,2),
 (4510,74,4,5,'2015-03-05 15:41:06',1000,4,0),
 (4511,74,4,4,'2015-03-05 15:41:06',1001,4,0),
 (4512,73,0,6,'2015-03-05 15:46:10',1002,3,8),
 (4513,73,3,4,'2015-03-05 15:46:10',1002,3,0),
 (4514,73,3,5,'2015-03-05 16:07:58',1002,3,0),
 (4515,74,4,5,'2015-03-05 17:16:01',1001,4,0),
 (4516,74,0,6,'2015-03-05 17:35:56',1003,4,2),
 (4517,74,4,4,'2015-03-05 17:35:56',1003,4,0),
 (4518,74,4,5,'2015-03-05 17:37:18',1003,4,0),
 (4519,74,0,6,'2015-03-05 17:51:13',1004,4,2),
 (4520,74,4,4,'2015-03-05 17:51:13',1004,4,0),
 (4521,74,4,5,'2015-03-05 17:57:36',1004,4,0),
 (4522,71,0,6,'2015-03-05 18:46:17',1005,4,2),
 (4523,71,4,4,'2015-03-05 18:46:17',1005,4,0),
 (4524,71,4,5,'2015-03-05 19:29:10',1005,4,0),
 (4525,74,0,6,'2015-03-05 19:41:28',1006,4,2),
 (4526,74,4,4,'2015-03-05 19:41:28',1006,4,0),
 (4527,74,4,5,'2015-03-05 19:48:06',1006,4,0),
 (4528,74,0,6,'2015-03-05 20:15:47',1007,4,2),
 (4529,74,4,4,'2015-03-05 20:15:47',1007,4,0),
 (4530,74,4,5,'2015-03-05 20:15:47',1007,4,0),
 (4531,74,0,6,'2015-03-05 20:17:40',1008,4,2),
 (4532,74,4,4,'2015-03-05 20:17:40',1008,4,0),
 (4533,74,4,5,'2015-03-05 20:59:12',1008,4,0),
 (4534,74,0,6,'2015-03-05 21:18:03',1009,4,2),
 (4535,74,4,4,'2015-03-05 21:18:03',1009,4,0),
 (4536,74,4,5,'2015-03-05 21:23:57',1009,4,0),
 (4537,74,0,6,'2015-03-06 14:33:14',1010,4,2),
 (4538,74,4,4,'2015-03-06 14:33:14',1010,4,0),
 (4539,74,4,5,'2015-03-06 15:17:06',1010,4,0),
 (4540,74,0,6,'2015-03-06 15:18:51',1011,4,2),
 (4541,74,4,4,'2015-03-06 15:18:51',1011,4,0),
 (4542,74,4,5,'2015-03-06 15:26:00',1011,4,0),
 (4543,73,0,6,'2015-03-06 16:27:20',1012,3,8),
 (4544,73,3,4,'2015-03-06 16:27:20',1012,3,0),
 (4545,73,3,5,'2015-03-06 16:52:08',1012,3,0),
 (4546,74,0,6,'2015-03-09 12:22:18',1013,4,2),
 (4547,74,4,4,'2015-03-09 12:22:18',1013,4,0),
 (4548,74,0,6,'2015-03-09 12:22:18',1014,4,2),
 (4549,74,0,6,'2015-03-09 16:39:27',1015,4,9),
 (4550,74,0,6,'2015-03-09 16:42:04',1016,4,9),
 (4551,74,4,5,'2015-03-09 17:18:47',1013,4,0),
 (4552,74,4,4,'2015-03-09 17:18:47',1014,4,0),
 (4553,74,4,5,'2015-03-09 17:41:59',1014,4,0),
 (4554,74,4,4,'2015-03-09 17:41:59',1015,4,0),
 (4555,74,4,5,'2015-03-09 17:51:56',1015,4,0),
 (4556,60,3,7,'2015-03-09 18:42:56',0,3,0),
 (4557,70,4,7,'2015-03-09 18:54:58',0,4,0),
 (4558,70,4,8,'2015-03-09 19:05:29',0,4,0),
 (4559,74,0,6,'2015-03-09 20:04:14',1017,4,2),
 (4560,74,4,4,'2015-03-09 20:04:14',1017,4,0),
 (4561,74,0,6,'2015-03-09 21:07:02',1018,4,2),
 (4562,74,0,6,'2015-03-09 21:12:16',1019,4,2),
 (4563,74,4,5,'2015-03-10 13:04:10',1017,4,0),
 (4564,74,0,6,'2015-03-10 13:33:55',1020,4,2),
 (4565,74,4,4,'2015-03-10 13:33:55',1020,4,0),
 (4566,74,4,5,'2015-03-10 13:33:55',1020,4,0),
 (4567,74,0,6,'2015-03-10 13:34:50',1021,4,2),
 (4568,74,4,4,'2015-03-10 13:34:50',1021,4,0),
 (4569,74,0,6,'2015-03-10 13:35:26',1022,4,2),
 (4570,74,4,5,'2015-03-10 13:44:59',1021,4,0),
 (4571,70,4,8,'2015-03-10 13:57:28',0,4,0),
 (4572,74,0,6,'2015-03-10 13:57:35',1023,4,2),
 (4573,74,4,4,'2015-03-10 13:57:35',1023,4,0),
 (4574,74,4,5,'2015-03-10 13:58:15',1023,4,0),
 (4575,74,0,6,'2015-03-10 14:00:10',1024,4,2),
 (4576,74,4,4,'2015-03-10 14:00:10',1024,4,0),
 (4577,73,0,6,'2015-03-10 14:40:10',1025,3,1),
 (4578,60,3,8,'2015-03-10 14:40:13',0,3,0),
 (4579,73,3,4,'2015-03-10 14:40:13',1025,3,0),
 (4580,73,3,5,'2015-03-10 14:52:09',1025,3,0),
 (4581,74,4,5,'2015-03-10 15:14:54',1024,4,0),
 (4582,74,0,6,'2015-03-10 15:39:48',1026,4,2),
 (4583,74,4,4,'2015-03-10 15:39:48',1026,4,0),
 (4584,60,3,7,'2015-03-10 15:44:25',0,3,0),
 (4585,74,4,5,'2015-03-10 16:01:18',1026,4,0),
 (4586,74,0,6,'2015-03-10 16:19:37',1027,4,2),
 (4587,74,4,4,'2015-03-10 16:19:37',1027,4,0),
 (4588,74,4,5,'2015-03-10 16:20:39',1027,4,0),
 (4589,74,0,6,'2015-03-10 16:23:21',1028,4,2),
 (4590,74,4,4,'2015-03-10 16:23:21',1028,4,0),
 (4591,74,4,5,'2015-03-10 17:17:16',1028,4,0),
 (4592,74,0,6,'2015-03-10 17:49:06',1029,4,2),
 (4593,74,4,4,'2015-03-10 17:49:06',1029,4,0),
 (4594,74,4,5,'2015-03-10 18:05:57',1029,4,0),
 (4595,73,0,6,'2015-03-10 18:37:44',1030,3,1),
 (4596,60,3,8,'2015-03-10 18:37:46',0,3,0),
 (4597,73,3,4,'2015-03-10 18:37:46',1030,3,0),
 (4598,73,3,5,'2015-03-10 18:59:41',1030,3,0),
 (4599,74,0,6,'2015-03-10 21:00:36',1031,4,2),
 (4600,74,4,4,'2015-03-10 21:00:36',1031,4,0),
 (4601,74,4,5,'2015-03-10 21:23:32',1031,4,0),
 (4602,74,0,6,'2015-03-11 12:20:31',1032,4,2),
 (4603,74,4,4,'2015-03-11 12:20:31',1032,4,0),
 (4604,74,0,6,'2015-03-11 12:26:35',1033,4,2),
 (4605,74,0,6,'2015-03-11 12:26:54',1034,4,2),
 (4606,73,0,6,'2015-03-11 13:06:19',1035,3,8),
 (4607,73,3,4,'2015-03-11 13:06:19',1035,3,0),
 (4608,73,3,5,'2015-03-11 13:30:31',1035,3,0),
 (4609,74,4,5,'2015-03-11 13:33:45',1032,4,0),
 (4610,74,4,4,'2015-03-11 13:33:46',1033,4,0),
 (4611,74,4,5,'2015-03-11 13:59:25',1033,4,0),
 (4612,74,4,4,'2015-03-11 13:59:25',1034,4,0),
 (4613,60,3,7,'2015-03-11 14:29:14',0,3,0),
 (4614,60,3,8,'2015-03-11 14:35:23',0,3,0),
 (4615,74,0,6,'2015-03-11 15:29:18',1036,4,2),
 (4616,60,3,7,'2015-03-11 15:34:01',0,3,0),
 (4617,70,4,7,'2015-03-11 16:03:04',0,4,0),
 (4618,70,4,8,'2015-03-11 16:03:13',0,4,0),
 (4619,74,4,4,'2015-03-11 16:03:13',1036,4,0),
 (4620,60,3,8,'2015-03-11 16:11:46',0,3,0),
 (4621,73,0,6,'2015-03-11 16:13:23',1037,3,8),
 (4622,73,3,4,'2015-03-11 16:13:23',1037,3,0),
 (4623,73,0,6,'2015-03-11 16:14:20',1038,3,8),
 (4624,74,4,5,'2015-03-11 16:14:39',1036,4,0),
 (4625,74,0,6,'2015-03-11 16:31:34',1039,4,2),
 (4626,74,4,4,'2015-03-11 16:31:34',1039,4,0),
 (4627,73,3,5,'2015-03-11 16:34:49',1037,3,0),
 (4628,73,3,4,'2015-03-11 16:34:49',1038,3,0),
 (4629,74,4,5,'2015-03-11 16:48:09',1039,4,0),
 (4630,73,3,5,'2015-03-11 17:11:54',1038,3,0),
 (4631,74,0,6,'2015-03-11 19:21:03',1040,4,2),
 (4632,74,4,4,'2015-03-11 19:21:03',1040,4,0),
 (4633,74,4,5,'2015-03-11 19:39:54',1040,4,0),
 (4634,74,0,6,'2015-03-11 19:41:44',1041,4,2),
 (4635,74,4,4,'2015-03-11 19:41:44',1041,4,0),
 (4636,74,4,5,'2015-03-11 19:48:26',1041,4,0),
 (4637,74,0,6,'2015-03-11 19:52:04',1042,4,2),
 (4638,74,4,4,'2015-03-11 19:52:04',1042,4,0),
 (4639,74,4,5,'2015-03-11 20:04:39',1042,4,0),
 (4640,74,0,6,'2015-03-11 20:34:24',1043,4,2),
 (4641,74,4,4,'2015-03-11 20:34:24',1043,4,0),
 (4642,74,4,5,'2015-03-11 20:47:08',1043,4,0),
 (4643,73,0,6,'2015-03-12 01:10:10',1044,3,8),
 (4644,73,3,4,'2015-03-12 01:10:10',1044,3,0),
 (4645,73,3,5,'2015-03-12 01:20:43',1044,3,0),
 (4646,73,0,6,'2015-03-12 01:25:05',1045,3,8),
 (4647,73,3,4,'2015-03-12 01:25:05',1045,3,0),
 (4648,73,3,5,'2015-03-12 01:34:56',1045,3,0),
 (4649,74,0,6,'2015-03-12 12:11:31',1046,4,2),
 (4650,74,4,4,'2015-03-12 12:11:31',1046,4,0),
 (4651,74,0,6,'2015-03-12 12:11:32',1047,4,2),
 (4652,74,0,6,'2015-03-12 12:15:35',1048,4,2),
 (4653,74,4,5,'2015-03-12 13:25:29',1046,4,0),
 (4654,74,4,4,'2015-03-12 13:25:29',1047,4,0),
 (4655,74,4,5,'2015-03-12 13:49:10',1047,4,0),
 (4656,74,4,4,'2015-03-12 13:49:10',1048,4,0),
 (4657,74,4,5,'2015-03-12 14:02:01',1048,4,0),
 (4658,74,0,6,'2015-03-12 15:58:21',1049,4,2),
 (4659,74,4,4,'2015-03-12 15:58:21',1049,4,0),
 (4660,74,4,5,'2015-03-12 16:12:05',1049,4,0),
 (4661,70,4,7,'2015-03-12 17:45:38',0,4,0),
 (4662,70,4,8,'2015-03-12 17:45:39',0,4,0),
 (4663,70,4,7,'2015-03-12 17:45:39',0,4,0),
 (4664,70,4,8,'2015-03-12 17:45:45',0,4,0),
 (4665,70,4,7,'2015-03-12 17:45:46',0,4,0),
 (4666,70,4,8,'2015-03-12 17:45:46',0,4,0),
 (4667,70,4,7,'2015-03-12 17:45:47',0,4,0),
 (4668,74,0,6,'2015-03-12 18:18:25',1050,4,2),
 (4669,70,4,8,'2015-03-12 18:25:17',0,4,0),
 (4670,74,4,4,'2015-03-12 18:25:17',1050,4,0),
 (4671,74,4,5,'2015-03-12 18:39:13',1050,4,0),
 (4672,60,3,7,'2015-03-12 19:31:21',0,3,0),
 (4673,60,3,8,'2015-03-12 19:31:29',0,3,0),
 (4674,70,4,7,'2015-03-12 19:39:52',0,4,0),
 (4675,70,4,8,'2015-03-12 19:39:52',0,4,0),
 (4676,70,4,7,'2015-03-12 19:39:53',0,4,0),
 (4677,74,0,6,'2015-03-12 19:49:17',1051,4,2),
 (4678,70,4,8,'2015-03-12 20:01:00',0,4,0),
 (4679,74,4,4,'2015-03-12 20:01:00',1051,4,0),
 (4680,0,14,7,'2015-03-12 20:19:27',0,9,0),
 (4681,0,15,7,'2015-03-12 20:19:27',0,9,0),
 (4682,0,14,8,'2015-03-12 20:19:28',0,9,0),
 (4683,0,15,8,'2015-03-12 20:19:28',0,9,0),
 (4684,0,19,7,'2015-03-12 20:19:30',0,12,0),
 (4685,0,19,8,'2015-03-12 20:19:32',0,12,0),
 (4686,0,19,7,'2015-03-12 20:21:00',0,12,0),
 (4687,0,19,8,'2015-03-12 20:21:00',0,12,0),
 (4688,0,19,7,'2015-03-12 20:24:14',0,12,0),
 (4689,74,4,5,'2015-03-12 20:46:38',1051,4,0),
 (4690,70,4,7,'2015-03-12 20:47:38',0,4,0),
 (4691,72,0,10,'2015-03-12 21:34:09',0,12,1),
 (4692,72,0,6,'2015-03-12 21:34:09',1052,12,1),
 (4693,0,19,8,'2015-03-12 21:34:52',0,12,0),
 (4694,72,19,2,'2015-03-12 21:34:52',1052,12,0),
 (4695,72,19,3,'2015-03-13 00:21:36',1052,12,0),
 (4696,73,0,6,'2015-03-13 02:04:23',1053,3,8),
 (4697,73,3,4,'2015-03-13 02:04:23',1053,3,0),
 (4698,73,3,5,'2015-03-13 02:32:54',1053,3,0),
 (4699,74,0,6,'2015-03-16 12:11:58',1054,4,2),
 (4700,74,0,6,'2015-03-16 12:11:59',1055,4,2),
 (4701,73,0,6,'2015-03-16 12:42:21',1056,3,8),
 (4702,73,3,4,'2015-03-16 12:42:21',1056,3,0),
 (4703,73,3,5,'2015-03-16 13:07:53',1056,3,0),
 (4704,70,4,8,'2015-03-16 13:41:24',0,4,0),
 (4705,74,4,4,'2015-03-16 13:41:24',1054,4,0),
 (4706,74,4,5,'2015-03-16 13:41:25',1054,4,0),
 (4707,74,4,4,'2015-03-16 13:41:25',1055,4,0),
 (4708,74,4,5,'2015-03-16 13:42:42',1055,4,0),
 (4709,74,0,6,'2015-03-16 13:44:16',1057,4,2),
 (4710,74,4,4,'2015-03-16 13:44:16',1057,4,0),
 (4711,74,0,6,'2015-03-16 13:44:17',1058,4,2),
 (4712,73,0,6,'2015-03-16 14:45:10',1059,3,8),
 (4713,73,3,4,'2015-03-16 14:45:10',1059,3,0),
 (4714,74,4,5,'2015-03-16 14:58:40',1057,4,0),
 (4715,74,4,4,'2015-03-16 14:58:40',1058,4,0),
 (4716,73,3,5,'2015-03-16 15:06:52',1059,3,0),
 (4717,60,3,7,'2015-03-16 17:39:28',0,3,0),
 (4718,75,0,1,'2015-03-16 21:09:08',0,1,0),
 (4719,75,0,6,'2015-03-16 21:09:08',1060,2,0),
 (4720,75,0,6,'2015-03-16 21:09:08',1061,4,0),
 (4721,75,1,2,'2015-03-16 21:09:08',1060,2,0),
 (4722,75,0,10,'2015-03-16 22:08:59',0,7,17),
 (4723,75,0,6,'2015-03-16 22:08:59',1062,7,17),
 (4724,75,7,2,'2015-03-16 22:08:59',1062,7,0),
 (4725,70,6,8,'2015-03-16 22:09:43',0,6,0),
 (4726,75,0,10,'2015-03-16 22:18:46',0,6,17),
 (4727,75,0,6,'2015-03-16 22:18:46',1063,6,17),
 (4728,75,6,2,'2015-03-16 22:18:46',1063,6,0),
 (4729,75,7,3,'2015-03-16 22:21:58',1062,7,0),
 (4730,74,4,5,'2015-03-17 11:50:14',1058,4,0),
 (4731,75,4,2,'2015-03-17 11:50:14',1061,4,0),
 (4732,75,4,3,'2015-03-17 12:17:19',1061,4,0),
 (4733,75,4,4,'2015-03-17 12:17:19',1061,4,0),
 (4734,75,4,5,'2015-03-17 12:17:20',1061,4,0),
 (4735,75,0,6,'2015-03-17 12:24:19',1064,4,2),
 (4736,75,4,4,'2015-03-17 12:24:19',1064,4,0),
 (4737,75,0,6,'2015-03-17 16:54:07',1065,3,4),
 (4738,60,3,8,'2015-03-17 16:54:32',0,3,0),
 (4739,75,3,4,'2015-03-17 16:54:32',1065,3,0),
 (4740,75,3,5,'2015-03-17 17:41:58',1065,3,0),
 (4741,60,3,7,'2015-03-17 17:58:55',0,3,0),
 (4742,60,3,8,'2015-03-17 18:15:39',0,3,0),
 (4743,60,3,7,'2015-03-17 18:15:39',0,3,0),
 (4744,75,0,6,'2015-03-17 18:16:17',1066,3,9),
 (4745,60,3,8,'2015-03-17 18:16:51',0,3,0),
 (4746,75,3,4,'2015-03-17 18:16:51',1066,3,0),
 (4747,75,3,5,'2015-03-17 18:56:27',1066,3,0),
 (4748,75,4,5,'2015-03-17 19:15:23',1064,4,0),
 (4749,75,0,6,'2015-03-17 19:26:18',1067,4,2),
 (4750,75,4,4,'2015-03-17 19:26:18',1067,4,0),
 (4751,75,4,5,'2015-03-17 19:26:19',1067,4,0),
 (4752,75,0,6,'2015-03-17 19:26:43',1068,4,2),
 (4753,75,4,4,'2015-03-17 19:26:43',1068,4,0),
 (4754,75,4,5,'2015-03-17 20:35:18',1068,4,0),
 (4755,75,1,3,'2015-03-17 20:53:50',1060,2,0),
 (4756,75,1,4,'2015-03-17 20:53:50',1060,2,0),
 (4757,75,1,5,'2015-03-17 20:53:50',1060,2,0),
 (4758,75,0,6,'2015-03-18 13:18:28',1069,4,2),
 (4759,75,4,4,'2015-03-18 13:18:28',1069,4,0),
 (4760,75,4,5,'2015-03-18 14:29:14',1069,4,0),
 (4761,73,0,6,'2015-03-18 15:09:29',1070,3,1),
 (4762,73,3,4,'2015-03-18 15:09:29',1070,3,0),
 (4763,73,3,5,'2015-03-18 15:26:00',1070,3,0),
 (4764,73,0,6,'2015-03-18 16:03:15',1072,3,1),
 (4765,73,3,4,'2015-03-18 16:03:15',1072,3,0),
 (4766,73,3,5,'2015-03-18 16:04:11',1072,3,0),
 (4767,73,0,6,'2015-03-18 16:12:05',1073,3,1),
 (4768,73,3,4,'2015-03-18 16:12:05',1073,3,0),
 (4769,73,3,5,'2015-03-18 16:18:24',1073,3,0),
 (4770,75,0,6,'2015-03-18 17:04:43',1074,4,1),
 (4771,75,4,4,'2015-03-18 17:04:43',1074,4,0),
 (4772,75,4,5,'2015-03-18 17:05:13',1074,4,0),
 (4773,75,6,3,'2015-03-17 15:05:13',1074,6,0),
 (4774,72,1,7,'2015-03-18 18:01:33',0,2,0),
 (4775,60,3,7,'2015-03-18 18:01:34',0,3,0),
 (4776,70,4,7,'2015-03-18 18:01:37',0,4,0),
 (4777,60,5,7,'2015-03-18 18:01:37',0,5,0),
 (4778,70,6,7,'2015-03-18 18:01:38',0,6,0),
 (4779,70,6,8,'2015-03-18 18:01:39',0,6,0),
 (4780,70,6,7,'2015-03-18 18:01:39',0,6,0),
 (4781,60,7,7,'2015-03-18 18:01:43',0,7,0),
 (4782,0,14,7,'2015-03-18 18:01:43',0,9,0),
 (4783,0,15,7,'2015-03-18 18:01:43',0,9,0),
 (4784,0,16,7,'2015-03-18 18:01:44',0,10,0),
 (4785,0,17,7,'2015-03-18 18:01:44',0,10,0),
 (4786,0,18,7,'2015-03-18 18:01:44',0,10,0),
 (4787,0,19,7,'2015-03-18 18:01:46',0,12,0),
 (4788,72,1,8,'2015-03-18 21:46:16',0,2,0),
 (4789,75,0,6,'2015-03-18 21:47:07',1075,4,1),
 (4790,70,4,8,'2015-03-18 21:47:42',0,4,0),
 (4791,75,4,4,'2015-03-18 21:47:42',1075,4,0),
 (4792,75,0,6,'2015-03-18 21:52:56',1076,4,1),
 (4793,70,4,7,'2015-03-18 21:58:10',0,4,0),
 (4794,70,4,8,'2015-03-18 21:58:25',0,4,0),
 (4795,75,0,6,'2015-03-18 22:01:28',1077,4,1),
 (4796,75,4,4,'2015-03-18 22:01:28',1077,4,0),
 (4797,75,4,5,'2015-03-18 22:01:59',1077,4,0),
 (4798,75,0,6,'2015-03-18 22:09:22',1078,4,1),
 (4799,75,4,4,'2015-03-18 22:09:22',1078,4,0),
 (4800,75,4,5,'2015-03-18 22:09:52',1078,4,0),
 (4801,75,0,10,'2015-03-18 22:11:53',0,2,1),
 (4802,75,0,6,'2015-03-18 22:11:53',1079,2,1),
 (4803,75,1,2,'2015-03-18 22:11:53',1079,2,0),
 (4804,70,4,7,'2015-03-18 23:26:56',0,4,0),
 (4805,72,1,8,'2015-03-18 23:28:45',0,2,0),
 (4806,75,0,10,'2015-03-18 23:29:53',0,2,1),
 (4807,75,0,6,'2015-03-18 23:29:53',1080,2,1),
 (4808,75,1,2,'2015-03-18 23:29:53',1080,2,0),
 (4809,73,0,6,'2015-03-18 23:36:08',1081,3,1),
 (4810,60,3,8,'2015-03-18 23:36:17',0,3,0),
 (4811,73,3,4,'2015-03-18 23:36:17',1081,3,0),
 (4812,75,0,6,'2015-03-18 23:45:13',1082,4,1),
 (4813,70,4,8,'2015-03-18 23:45:22',0,4,0),
 (4814,75,4,4,'2015-03-18 23:45:22',1082,4,0),
 (4815,75,4,5,'2015-03-18 23:45:52',1082,4,0),
 (4816,75,1,3,'2015-03-18 23:46:21',1080,2,0),
 (4817,75,1,4,'2015-03-18 23:46:21',1080,2,0),
 (4818,75,1,5,'2015-03-18 23:46:21',1080,2,0),
 (4819,73,3,5,'2015-03-18 23:54:35',1081,3,0),
 (4820,75,0,6,'2015-03-19 00:15:15',1083,4,1),
 (4821,75,4,4,'2015-03-19 00:15:15',1083,4,0),
 (4822,75,4,5,'2015-03-19 00:15:45',1083,4,0),
 (4823,73,0,6,'2015-03-19 00:16:56',1084,3,1),
 (4824,73,3,4,'2015-03-19 00:16:56',1084,3,0),
 (4825,73,3,5,'2015-03-19 00:31:45',1084,3,0),
 (4826,73,0,6,'2015-03-19 00:44:10',1085,3,1),
 (4827,73,3,4,'2015-03-19 00:44:10',1085,3,0);
INSERT INTO `event_history` (`id`,`release_id`,`template_instance_id`,`event_id`,`event_time`,`task_id`,`template_id`,`user_id`) VALUES 
 (4828,73,3,5,'2015-03-19 00:58:39',1085,3,0),
 (4829,60,3,7,'2015-03-19 12:43:37',0,3,0),
 (4830,60,3,8,'2015-03-19 13:48:39',0,3,0),
 (4831,60,3,7,'2015-03-19 13:48:40',0,3,0),
 (4832,73,0,6,'2015-03-19 15:37:09',1086,3,1),
 (4833,60,3,8,'2015-03-19 15:38:17',0,3,0),
 (4834,73,3,4,'2015-03-19 15:38:17',1086,3,0),
 (4835,73,3,5,'2015-03-19 15:49:26',1086,3,0),
 (4836,60,3,7,'2015-03-23 13:02:10',0,3,0),
 (4837,73,0,10,'2015-03-23 13:06:46',0,3,7),
 (4838,73,0,6,'2015-03-23 13:06:46',1087,3,7),
 (4839,75,0,6,'2015-03-23 13:08:37',1088,4,2),
 (4840,75,4,4,'2015-03-23 13:08:37',1088,4,0),
 (4841,60,3,8,'2015-03-23 13:09:54',0,3,0),
 (4842,73,3,2,'2015-03-23 13:09:54',1087,3,0),
 (4843,60,3,7,'2015-03-23 14:24:08',0,3,0),
 (4844,60,3,8,'2015-03-23 14:24:09',0,3,0),
 (4845,75,4,5,'2015-03-23 14:29:48',1088,4,0),
 (4846,73,0,10,'2015-03-23 14:38:09',0,3,9),
 (4847,73,0,6,'2015-03-23 14:38:09',1089,3,9),
 (4848,73,3,2,'2015-03-23 14:38:09',1089,3,0),
 (4849,72,1,7,'2015-03-23 14:53:45',0,2,0),
 (4850,70,4,7,'2015-03-23 14:53:46',0,4,0),
 (4851,73,0,10,'2015-03-23 14:59:27',0,3,1),
 (4852,73,0,6,'2015-03-23 14:59:27',1090,3,1),
 (4853,60,3,8,'2015-03-23 14:59:32',0,3,0),
 (4854,73,3,2,'2015-03-23 14:59:32',1090,3,0),
 (4855,73,0,10,'2015-03-23 15:07:16',0,3,1),
 (4856,73,0,6,'2015-03-23 15:07:16',1091,3,1),
 (4857,60,3,8,'2015-03-23 15:07:19',0,3,0),
 (4858,73,3,2,'2015-03-23 15:07:19',1091,3,0),
 (4859,73,0,10,'2015-03-23 15:11:01',0,3,1),
 (4860,73,0,6,'2015-03-23 15:11:01',1092,3,1),
 (4861,60,3,7,'2015-03-23 15:17:52',0,3,0),
 (4862,60,3,8,'2015-03-23 15:17:53',0,3,0),
 (4863,73,3,2,'2015-03-23 15:17:53',1092,3,0),
 (4864,75,0,10,'2015-03-23 15:37:30',0,2,9),
 (4865,75,0,6,'2015-03-23 15:37:30',1093,2,9),
 (4866,75,0,10,'2015-03-23 17:25:19',0,2,7),
 (4867,75,0,6,'2015-03-23 17:25:19',1094,2,7),
 (4868,72,1,8,'2015-03-23 17:25:52',0,2,0),
 (4869,75,1,2,'2015-03-23 17:25:52',1093,2,0),
 (4870,75,1,9,'2015-03-23 17:34:58',1093,2,0),
 (4871,75,1,2,'2015-03-23 17:34:58',1094,2,0),
 (4872,75,0,6,'2015-03-24 13:05:27',1095,4,2),
 (4873,70,4,8,'2015-03-24 13:21:13',0,4,0),
 (4874,75,4,4,'2015-03-24 13:21:13',1095,4,0),
 (4875,75,4,5,'2015-03-24 14:30:48',1095,4,0),
 (4876,70,4,7,'2015-03-24 16:17:52',0,4,0),
 (4877,63,0,1,'2015-03-24 16:19:32',0,11,0),
 (4878,63,0,6,'2015-03-24 16:19:32',1096,4,0),
 (4879,63,0,6,'2015-03-24 16:19:32',1097,10,0),
 (4880,63,0,6,'2015-03-24 16:19:32',1098,2,0),
 (4881,63,0,6,'2015-03-24 16:19:32',1099,9,0),
 (4882,63,0,6,'2015-03-24 16:19:32',1100,5,0),
 (4883,63,0,6,'2015-03-24 16:19:32',1101,6,0),
 (4884,63,0,6,'2015-03-24 16:19:32',1102,7,0),
 (4885,63,0,6,'2015-03-24 16:19:32',1103,3,0),
 (4886,70,4,8,'2015-03-24 16:22:18',0,4,0),
 (4887,63,4,2,'2015-03-24 16:22:18',1096,4,0),
 (4888,63,4,3,'2015-03-24 16:25:31',1096,4,0),
 (4889,63,4,4,'2015-03-24 16:25:31',1096,4,0),
 (4890,63,4,5,'2015-03-24 16:25:32',1096,4,0),
 (4891,63,0,6,'2015-03-24 16:36:30',1104,4,1),
 (4892,63,4,4,'2015-03-24 16:36:30',1104,4,0),
 (4893,63,4,5,'2015-03-24 16:36:30',1104,4,0),
 (4894,63,0,6,'2015-03-24 16:38:35',1105,4,1),
 (4895,63,4,4,'2015-03-24 16:38:35',1105,4,0),
 (4896,63,4,5,'2015-03-24 16:38:35',1105,4,0),
 (4897,63,0,6,'2015-03-24 16:42:21',1106,4,1),
 (4898,63,4,4,'2015-03-24 16:42:21',1106,4,0),
 (4899,63,4,5,'2015-03-24 16:42:22',1106,4,0),
 (4900,70,4,7,'2015-03-24 16:43:58',0,4,0),
 (4901,72,1,8,'2015-03-24 18:30:47',0,2,0),
 (4902,72,1,7,'2015-03-24 18:31:49',0,2,0),
 (4903,70,4,8,'2015-03-24 19:13:44',0,4,0),
 (4904,70,4,7,'2015-03-24 19:13:54',0,4,0),
 (4905,0,16,8,'2015-03-24 19:29:29',0,10,0),
 (4906,0,17,8,'2015-03-24 19:29:29',0,10,0),
 (4907,0,18,8,'2015-03-24 19:29:29',0,10,0),
 (4908,63,0,1,'2015-03-24 19:29:55',0,11,0),
 (4909,63,0,6,'2015-03-24 19:29:55',1107,4,0),
 (4910,63,0,6,'2015-03-24 19:29:55',1108,10,0),
 (4911,63,0,6,'2015-03-24 19:29:55',1109,2,0),
 (4912,63,17,2,'2015-03-24 19:29:55',1108,10,0),
 (4913,63,0,6,'2015-03-24 19:29:55',1110,9,0),
 (4914,63,0,6,'2015-03-24 19:29:55',1111,5,0),
 (4915,63,0,6,'2015-03-24 19:29:55',1112,6,0),
 (4916,63,0,6,'2015-03-24 19:29:55',1113,7,0),
 (4917,63,0,6,'2015-03-24 19:29:55',1114,3,0),
 (4918,63,0,6,'2015-03-24 19:29:55',1115,10,0),
 (4919,63,16,2,'2015-03-24 19:29:55',1115,10,0),
 (4920,63,17,3,'2015-03-24 19:31:10',1108,10,0),
 (4921,63,17,4,'2015-03-24 19:31:10',1108,10,0),
 (4922,63,17,5,'2015-03-24 19:31:11',1108,10,0),
 (4923,63,16,3,'2015-03-24 19:31:20',1115,10,0),
 (4924,63,16,4,'2015-03-24 19:31:20',1115,10,0),
 (4925,63,16,5,'2015-03-24 19:31:21',1115,10,0),
 (4926,73,0,10,'2015-03-24 20:49:08',0,3,1),
 (4927,73,0,6,'2015-03-24 20:49:08',1116,3,1),
 (4928,60,3,8,'2015-03-24 20:49:14',0,3,0),
 (4929,60,3,8,'2015-03-24 20:49:14',0,3,0),
 (4930,73,3,2,'2015-03-24 20:49:14',1116,3,0),
 (4931,73,3,3,'2015-03-24 20:59:07',1116,3,0),
 (4932,73,3,4,'2015-03-24 20:59:07',1116,3,0),
 (4933,73,3,5,'2015-03-24 20:59:09',1116,3,0),
 (4934,73,0,6,'2015-03-24 21:14:09',1117,3,1),
 (4935,73,3,4,'2015-03-24 21:14:09',1117,3,0),
 (4936,73,3,5,'2015-03-24 21:27:04',1117,3,0),
 (4937,75,0,6,'2015-03-25 13:01:18',1118,4,2),
 (4938,70,4,8,'2015-03-25 13:03:41',0,4,0),
 (4939,75,4,4,'2015-03-25 13:03:41',1118,4,0),
 (4940,60,3,7,'2015-03-25 14:10:33',0,3,0),
 (4941,0,16,7,'2015-03-25 14:10:38',0,10,0),
 (4942,0,17,7,'2015-03-25 14:10:38',0,10,0),
 (4943,0,18,7,'2015-03-25 14:10:38',0,10,0),
 (4944,75,4,5,'2015-03-25 14:13:51',1118,4,0),
 (4945,73,0,6,'2015-03-25 14:18:56',1119,3,1),
 (4946,60,3,8,'2015-03-25 14:26:46',0,3,0),
 (4947,73,3,4,'2015-03-25 14:26:46',1119,3,0),
 (4948,70,4,8,'2015-03-25 14:26:46',0,4,0),
 (4949,70,4,8,'2015-03-25 14:26:46',0,4,0),
 (4950,0,14,8,'2015-03-25 14:26:48',0,9,0),
 (4951,0,15,8,'2015-03-25 14:26:48',0,9,0),
 (4952,73,3,5,'2015-03-25 14:38:01',1119,3,0),
 (4953,73,0,6,'2015-03-25 17:27:26',1120,3,1),
 (4954,73,0,6,'2015-03-25 17:27:26',1121,3,1),
 (4955,73,3,4,'2015-03-25 17:27:26',1120,3,0),
 (4956,73,3,4,'2015-03-25 17:27:26',1121,3,0),
 (4957,73,3,5,'2015-03-25 17:40:46',1121,3,0),
 (4958,73,3,5,'2015-03-25 17:41:34',1120,3,0),
 (4959,73,0,6,'2015-03-26 01:56:20',1122,3,1),
 (4960,73,3,4,'2015-03-26 01:56:20',1122,3,0),
 (4961,73,3,5,'2015-03-26 02:09:21',1122,3,0),
 (4962,73,0,6,'2015-03-26 02:19:48',1123,3,1),
 (4963,73,3,4,'2015-03-26 02:19:48',1123,3,0),
 (4964,73,3,5,'2015-03-26 02:30:41',1123,3,0),
 (4965,73,0,6,'2015-03-26 02:52:53',1124,3,1),
 (4966,73,3,4,'2015-03-26 02:52:53',1124,3,0),
 (4967,73,3,5,'2015-03-26 03:04:14',1124,3,0),
 (4968,73,0,6,'2015-03-26 03:10:47',1125,3,1),
 (4969,73,3,4,'2015-03-26 03:10:47',1125,3,0),
 (4970,73,3,5,'2015-03-26 03:28:17',1125,3,0),
 (4971,71,0,6,'2015-03-26 12:19:00',1126,3,4),
 (4972,71,3,4,'2015-03-26 12:19:00',1126,3,0),
 (4973,71,3,5,'2015-03-26 12:37:57',1126,3,0),
 (4974,75,0,6,'2015-03-26 16:44:37',1127,4,2),
 (4975,75,4,4,'2015-03-26 16:44:37',1127,4,0),
 (4976,75,4,5,'2015-03-26 17:54:58',1127,4,0),
 (4977,70,0,10,'2015-03-26 20:09:18',0,2,1),
 (4978,70,0,6,'2015-03-26 20:09:18',1128,2,1),
 (4979,72,1,8,'2015-03-26 20:09:36',0,2,0),
 (4980,70,1,2,'2015-03-26 20:09:36',1128,2,0),
 (4981,75,0,10,'2015-03-26 20:24:07',0,2,1),
 (4982,75,0,6,'2015-03-26 20:24:07',1129,2,1),
 (4983,70,1,9,'2015-03-26 20:24:35',1128,2,0),
 (4984,75,1,2,'2015-03-26 20:24:35',1129,2,0),
 (4985,75,1,9,'2015-03-26 20:26:52',1129,2,0),
 (4986,75,0,6,'2015-03-27 13:32:48',1130,4,2),
 (4987,75,4,4,'2015-03-27 13:32:48',1130,4,0),
 (4988,71,0,6,'2015-03-27 13:52:22',1131,3,4),
 (4989,71,3,4,'2015-03-27 13:52:22',1131,3,0),
 (4990,71,3,5,'2015-03-27 14:12:54',1131,3,0),
 (4991,75,4,5,'2015-03-27 14:43:29',1130,4,0),
 (4992,71,0,6,'2015-03-27 15:28:19',1132,3,4),
 (4993,71,3,4,'2015-03-27 15:28:19',1132,3,0),
 (4994,71,3,5,'2015-03-27 15:47:46',1132,3,0),
 (4995,71,0,6,'2015-03-27 16:23:13',1133,3,4),
 (4996,71,3,4,'2015-03-27 16:23:13',1133,3,0),
 (4997,71,3,5,'2015-03-27 16:43:31',1133,3,0),
 (4998,71,0,6,'2015-03-27 17:24:26',1134,3,4),
 (4999,71,3,4,'2015-03-27 17:24:26',1134,3,0),
 (5000,71,3,5,'2015-03-27 17:49:32',1134,3,0),
 (5001,71,0,6,'2015-03-27 18:01:59',1135,3,4),
 (5002,71,3,4,'2015-03-27 18:01:59',1135,3,0),
 (5003,71,3,5,'2015-03-27 18:28:06',1135,3,0),
 (5004,75,0,6,'2015-03-27 19:31:38',1136,4,2),
 (5005,75,4,4,'2015-03-27 19:31:38',1136,4,0),
 (5006,71,0,6,'2015-03-27 19:32:03',1137,3,4),
 (5007,71,3,4,'2015-03-27 19:32:03',1137,3,0),
 (5008,71,3,5,'2015-03-27 19:46:16',1137,3,0),
 (5009,75,4,5,'2015-03-27 19:47:36',1136,4,0),
 (5010,75,0,6,'2015-03-27 19:48:26',1138,4,1),
 (5011,75,4,4,'2015-03-27 19:48:26',1138,4,0),
 (5012,71,0,6,'2015-03-27 19:48:40',1139,3,1),
 (5013,71,3,4,'2015-03-27 19:48:40',1139,3,0),
 (5014,71,3,5,'2015-03-27 20:33:29',1139,3,0),
 (5015,75,4,5,'2015-03-27 20:54:14',1138,4,0),
 (5016,75,0,6,'2015-03-27 21:07:35',1140,4,2),
 (5017,75,4,4,'2015-03-27 21:07:36',1140,4,0),
 (5018,75,0,10,'2015-03-27 21:09:42',0,3,1),
 (5019,75,0,6,'2015-03-27 21:09:42',1141,3,1),
 (5020,75,3,2,'2015-03-27 21:09:42',1141,3,0),
 (5021,75,4,5,'2015-03-27 21:32:19',1140,4,0),
 (5022,70,4,7,'2015-03-29 21:28:29',0,4,0),
 (5023,70,4,8,'2015-03-29 21:28:30',0,4,0),
 (5024,75,0,6,'2015-03-29 23:25:56',1142,4,2),
 (5025,75,4,4,'2015-03-29 23:25:56',1142,4,0),
 (5026,75,4,5,'2015-03-29 23:26:26',1142,4,0),
 (5027,75,0,10,'2015-03-29 23:34:13',0,4,2),
 (5028,75,0,6,'2015-03-29 23:34:13',1143,4,2),
 (5029,75,4,2,'2015-03-29 23:34:13',1143,4,0),
 (5030,72,1,7,'2015-03-30 03:40:03',0,2,0),
 (5031,0,14,7,'2015-03-30 03:40:25',0,9,0),
 (5032,0,15,7,'2015-03-30 03:40:25',0,9,0),
 (5033,75,0,10,'2015-03-30 03:44:46',0,4,2),
 (5034,75,0,6,'2015-03-30 03:44:46',1144,4,2),
 (5035,70,4,8,'2015-03-30 03:45:48',0,4,0),
 (5036,75,4,2,'2015-03-30 03:45:48',1144,4,0),
 (5037,75,0,10,'2015-03-30 04:04:47',0,4,2),
 (5038,75,0,6,'2015-03-30 04:04:47',1145,4,2),
 (5039,75,4,2,'2015-03-30 04:04:47',1145,4,0),
 (5040,75,0,6,'2015-03-30 04:09:52',1146,4,2),
 (5041,75,0,6,'2015-03-30 04:10:27',1147,4,2),
 (5042,75,4,3,'2015-03-30 04:13:48',1145,4,0),
 (5043,75,4,4,'2015-03-30 04:13:48',1145,4,0),
 (5044,75,4,5,'2015-03-30 04:13:50',1145,4,0),
 (5045,75,4,4,'2015-03-30 04:13:50',1146,4,0),
 (5046,75,4,5,'2015-03-30 05:30:32',1146,4,0),
 (5047,75,4,4,'2015-03-30 05:30:32',1147,4,0),
 (5048,75,4,5,'2015-03-30 05:31:03',1147,4,0),
 (5049,75,0,10,'2015-03-30 12:40:15',0,3,1),
 (5050,75,0,6,'2015-03-30 12:40:15',1148,3,1),
 (5051,60,3,8,'2015-03-30 12:40:38',0,3,0),
 (5052,75,3,2,'2015-03-30 12:40:38',1148,3,0),
 (5053,70,4,7,'2015-03-30 13:45:31',0,4,0),
 (5054,63,0,1,'2015-03-30 15:31:29',0,11,0),
 (5055,63,0,6,'2015-03-30 15:31:30',1149,4,0),
 (5056,63,0,6,'2015-03-30 15:31:30',1150,10,0),
 (5057,63,0,6,'2015-03-30 15:31:30',1151,2,0),
 (5058,63,0,6,'2015-03-30 15:31:30',1152,9,0),
 (5059,63,0,6,'2015-03-30 15:31:30',1153,5,0),
 (5060,63,0,6,'2015-03-30 15:31:30',1154,6,0),
 (5061,63,0,6,'2015-03-30 15:31:30',1155,7,0),
 (5062,63,0,6,'2015-03-30 15:31:30',1156,3,0),
 (5063,63,0,6,'2015-03-30 15:31:30',1157,10,0),
 (5064,63,0,1,'2015-03-30 15:31:52',0,11,0),
 (5065,63,0,6,'2015-03-30 15:31:52',1158,4,0),
 (5066,63,0,6,'2015-03-30 15:31:52',1159,10,0),
 (5067,63,0,6,'2015-03-30 15:31:52',1160,2,0),
 (5068,63,0,6,'2015-03-30 15:31:52',1161,9,0),
 (5069,63,0,6,'2015-03-30 15:31:52',1162,5,0),
 (5070,63,0,6,'2015-03-30 15:31:52',1163,6,0),
 (5071,63,0,6,'2015-03-30 15:31:52',1164,7,0),
 (5072,63,0,6,'2015-03-30 15:31:52',1165,3,0),
 (5073,63,0,6,'2015-03-30 15:31:52',1166,10,0),
 (5074,75,3,3,'2015-03-30 17:11:23',1148,3,0),
 (5075,75,3,4,'2015-03-30 17:11:23',1148,3,0),
 (5076,75,3,5,'2015-03-30 17:23:03',1148,3,0),
 (5077,60,3,7,'2015-03-30 18:22:32',0,3,0),
 (5078,0,2,8,'2015-03-30 19:13:52',0,1,0),
 (5079,75,0,6,'2015-03-30 19:14:09',1167,1,16),
 (5080,75,2,4,'2015-03-30 19:14:09',1167,1,0),
 (5081,75,0,6,'2015-03-30 19:19:29',1168,3,2),
 (5082,60,3,8,'2015-03-30 19:20:10',0,3,0),
 (5083,75,3,4,'2015-03-30 19:20:10',1168,3,0),
 (5084,75,3,5,'2015-03-30 19:42:09',1168,3,0),
 (5085,75,0,6,'2015-03-30 19:45:49',1169,3,2),
 (5086,75,3,4,'2015-03-30 19:45:49',1169,3,0),
 (5087,75,3,5,'2015-03-30 20:08:56',1169,3,0),
 (5088,75,0,10,'2015-03-30 20:48:47',0,4,2),
 (5089,75,0,6,'2015-03-30 20:48:47',1170,4,2),
 (5090,70,4,8,'2015-03-30 20:49:17',0,4,0),
 (5091,75,4,2,'2015-03-30 20:49:17',1170,4,0),
 (5092,75,4,3,'2015-03-30 20:58:32',1170,4,0),
 (5093,75,4,4,'2015-03-30 20:58:32',1170,4,0),
 (5094,75,4,5,'2015-03-30 20:58:34',1170,4,0),
 (5095,75,0,6,'2015-03-30 21:12:53',1171,4,2),
 (5096,75,4,4,'2015-03-30 21:12:53',1171,4,0),
 (5097,60,3,7,'2015-03-30 21:13:09',0,3,0),
 (5098,75,4,5,'2015-03-30 21:52:44',1171,4,0),
 (5099,75,0,6,'2015-03-31 13:49:49',1172,4,2),
 (5100,70,4,8,'2015-03-31 13:49:56',0,4,0),
 (5101,75,4,4,'2015-03-31 13:49:56',1172,4,0),
 (5102,75,2,5,'2015-03-31 14:07:23',1167,1,0),
 (5103,75,0,6,'2015-03-31 14:42:34',1173,3,1),
 (5104,60,3,8,'2015-03-31 14:42:38',0,3,0),
 (5105,75,3,4,'2015-03-31 14:42:38',1173,3,0),
 (5106,75,3,5,'2015-03-31 15:01:00',1173,3,0),
 (5107,75,4,5,'2015-03-31 15:04:31',1172,4,0),
 (5108,75,0,6,'2015-03-31 16:17:22',1174,3,1),
 (5109,75,3,4,'2015-03-31 16:17:22',1174,3,0),
 (5110,75,3,5,'2015-03-31 16:37:51',1174,3,0),
 (5111,75,0,6,'2015-03-31 18:41:19',1175,3,1),
 (5112,75,3,4,'2015-03-31 18:41:19',1175,3,0),
 (5113,75,3,5,'2015-03-31 18:41:21',1175,3,0),
 (5114,75,0,6,'2015-03-31 18:41:40',1176,3,1),
 (5115,75,3,4,'2015-03-31 18:41:40',1176,3,0),
 (5116,70,4,8,'2015-03-31 18:42:53',0,4,0),
 (5117,70,4,7,'2015-03-31 18:42:55',0,4,0),
 (5118,75,3,5,'2015-03-31 19:11:52',1176,3,0),
 (5119,75,0,6,'2015-03-31 19:22:01',1177,3,1),
 (5120,75,3,4,'2015-03-31 19:22:01',1177,3,0),
 (5121,75,3,5,'2015-03-31 19:22:18',1177,3,0),
 (5122,75,0,6,'2015-03-31 19:24:11',1178,3,1),
 (5123,75,3,4,'2015-03-31 19:24:11',1178,3,0),
 (5124,75,3,5,'2015-03-31 19:47:19',1178,3,0),
 (5125,75,0,6,'2015-03-31 19:59:23',1179,3,1),
 (5126,75,3,4,'2015-03-31 19:59:23',1179,3,0),
 (5127,75,3,5,'2015-03-31 20:12:52',1179,3,0),
 (5128,75,0,6,'2015-03-31 20:17:01',1180,3,1),
 (5129,75,3,4,'2015-03-31 20:17:01',1180,3,0),
 (5130,75,3,5,'2015-03-31 20:58:59',1180,3,0),
 (5131,60,3,7,'2015-04-01 11:41:23',0,3,0),
 (5132,60,3,8,'2015-04-01 11:50:48',0,3,0),
 (5133,75,0,6,'2015-04-01 12:59:27',1181,4,2),
 (5134,70,4,8,'2015-04-01 15:16:24',0,4,0),
 (5135,75,4,4,'2015-04-01 15:16:24',1181,4,0),
 (5136,75,4,5,'2015-04-01 16:31:29',1181,4,0),
 (5137,60,3,7,'2015-04-01 19:03:45',0,3,0),
 (5138,75,0,6,'2015-04-01 19:05:45',1182,3,9),
 (5139,60,3,8,'2015-04-01 19:06:28',0,3,0),
 (5140,75,3,4,'2015-04-01 19:06:28',1182,3,0),
 (5141,75,3,5,'2015-04-01 19:32:08',1182,3,0),
 (5142,60,3,8,'2015-04-01 20:43:23',0,3,0),
 (5143,75,0,6,'2015-04-01 20:43:29',1184,3,9),
 (5144,75,3,4,'2015-04-01 20:43:29',1184,3,0),
 (5145,60,3,7,'2015-04-01 20:47:31',0,3,0),
 (5146,60,3,8,'2015-04-01 20:47:32',0,3,0),
 (5147,75,0,6,'2015-04-01 20:48:38',1185,3,1),
 (5148,75,3,4,'2015-04-01 20:48:38',1185,3,0),
 (5149,75,3,5,'2015-04-01 21:05:17',1185,3,0),
 (5150,60,3,7,'2015-04-02 00:43:43',0,3,0),
 (5151,75,0,6,'2015-04-02 00:44:54',1186,3,9),
 (5152,60,3,8,'2015-04-02 00:45:03',0,3,0),
 (5153,75,3,4,'2015-04-02 00:45:03',1186,3,0),
 (5154,75,3,5,'2015-04-02 01:03:05',1186,3,0),
 (5155,75,0,6,'2015-04-02 11:48:32',1187,3,9),
 (5156,75,3,4,'2015-04-02 11:48:32',1187,3,0),
 (5157,75,3,5,'2015-04-02 12:32:16',1187,3,0),
 (5158,75,0,6,'2015-04-02 13:22:09',1188,3,9),
 (5159,75,3,4,'2015-04-02 13:22:09',1188,3,0),
 (5160,75,3,5,'2015-04-02 13:29:17',1188,3,0),
 (5161,75,0,6,'2015-04-02 13:52:33',1189,3,9),
 (5162,75,3,4,'2015-04-02 13:52:33',1189,3,0),
 (5163,75,3,5,'2015-04-02 14:30:32',1189,3,0),
 (5164,75,0,6,'2015-04-02 15:00:38',1190,3,9),
 (5165,75,3,4,'2015-04-02 15:00:38',1190,3,0),
 (5166,75,3,5,'2015-04-02 15:31:13',1190,3,0),
 (5167,60,3,7,'2015-04-02 18:49:36',0,3,0),
 (5168,70,4,8,'2015-04-04 19:21:31',0,4,0),
 (5169,70,4,7,'2015-04-04 19:21:32',0,4,0),
 (5170,70,4,8,'2015-04-04 19:24:24',0,4,0),
 (5171,70,4,7,'2015-04-04 19:24:31',0,4,0),
 (5172,70,4,8,'2015-04-04 19:26:05',0,4,0),
 (5173,70,4,7,'2015-04-04 19:26:42',0,4,0),
 (5174,75,0,6,'2015-04-04 20:07:34',1191,4,1),
 (5175,72,1,7,'2015-04-04 21:50:06',0,2,0),
 (5176,60,3,7,'2015-04-04 21:50:07',0,3,0),
 (5177,70,4,7,'2015-04-04 21:50:07',0,4,0),
 (5178,72,1,8,'2015-04-04 21:51:13',0,2,0),
 (5179,72,1,7,'2015-04-04 21:51:17',0,2,0),
 (5180,0,2,7,'2015-04-06 12:35:39',0,1,0),
 (5181,70,4,8,'2015-04-06 12:39:22',0,4,0),
 (5182,70,4,7,'2015-04-06 12:41:46',0,4,0),
 (5183,75,0,6,'2015-04-06 12:41:54',1,4,2),
 (5184,75,0,6,'2015-04-06 12:42:16',2,4,2),
 (5185,75,0,6,'2015-04-06 12:44:45',1192,4,2),
 (5186,75,0,6,'2015-04-06 12:44:59',1193,4,2),
 (5187,75,0,6,'2015-04-06 12:45:34',1194,3,2),
 (5188,75,0,6,'2015-04-06 13:23:54',1195,4,2),
 (5189,70,4,8,'2015-04-06 13:24:11',0,4,0),
 (5190,75,4,4,'2015-04-06 13:24:11',1195,4,0),
 (5191,75,4,5,'2015-04-06 14:44:37',1195,4,0),
 (5192,70,4,7,'2015-04-07 13:36:54',0,4,0),
 (5193,75,0,6,'2015-04-07 13:58:12',1196,4,2),
 (5194,70,4,8,'2015-04-07 14:02:46',0,4,0),
 (5195,75,4,4,'2015-04-07 14:02:46',1196,4,0),
 (5196,75,4,5,'2015-04-07 15:20:55',1196,4,0),
 (5197,75,0,6,'2015-04-07 17:18:06',1197,3,4),
 (5198,60,3,8,'2015-04-07 17:18:37',0,3,0),
 (5199,75,3,4,'2015-04-07 17:18:37',1197,3,0),
 (5200,75,3,5,'2015-04-07 17:35:13',1197,3,0),
 (5201,75,0,6,'2015-04-07 17:49:38',1198,3,1),
 (5202,75,3,4,'2015-04-07 17:49:38',1198,3,0),
 (5203,75,3,5,'2015-04-07 18:03:23',1198,3,0),
 (5204,60,3,7,'2015-04-08 17:25:52',0,3,0),
 (5205,75,0,10,'2015-04-08 21:14:45',0,12,22),
 (5206,75,0,6,'2015-04-08 21:14:45',1199,12,22),
 (5207,0,19,8,'2015-04-08 21:15:51',0,12,0),
 (5208,75,19,2,'2015-04-08 21:15:51',1199,12,0),
 (5209,75,19,9,'2015-04-08 21:46:20',1199,12,0),
 (5210,0,19,7,'2015-04-08 21:55:51',0,12,0),
 (5211,75,0,6,'2015-04-09 18:47:08',1200,3,1),
 (5212,60,3,8,'2015-04-09 18:47:12',0,3,0),
 (5213,75,3,4,'2015-04-09 18:47:12',1200,3,0),
 (5214,75,3,5,'2015-04-09 19:13:50',1200,3,0),
 (5215,75,0,6,'2015-04-09 19:35:45',1201,3,1),
 (5216,75,3,4,'2015-04-09 19:35:45',1201,3,0),
 (5217,75,3,5,'2015-04-09 19:49:07',1201,3,0),
 (5218,75,0,6,'2015-04-09 19:50:51',1202,3,1),
 (5219,75,3,4,'2015-04-09 19:50:51',1202,3,0),
 (5220,70,4,8,'2015-04-10 00:08:12',0,4,0),
 (5221,75,0,6,'2015-04-10 00:08:20',1203,4,2),
 (5222,75,4,4,'2015-04-10 00:08:20',1203,4,0),
 (5223,75,4,5,'2015-04-10 00:08:50',1203,4,0),
 (5224,75,0,10,'2015-04-10 00:10:16',0,2,2),
 (5225,75,0,6,'2015-04-10 00:10:16',1204,2,2),
 (5226,70,4,7,'2015-04-10 00:10:23',0,4,0),
 (5227,72,1,8,'2015-04-10 00:10:24',0,2,0),
 (5228,75,1,2,'2015-04-10 00:10:24',1204,2,0),
 (5229,75,1,3,'2015-04-10 00:23:11',1204,2,0),
 (5230,75,1,4,'2015-04-10 00:23:11',1204,2,0),
 (5231,75,1,5,'2015-04-10 00:23:11',1204,2,0),
 (5232,75,0,6,'2015-04-10 00:24:53',1205,3,2),
 (5233,60,3,7,'2015-04-10 00:27:39',0,3,0),
 (5234,60,3,8,'2015-04-10 00:27:43',0,3,0),
 (5235,75,3,4,'2015-04-10 00:27:43',1205,3,0),
 (5236,70,4,8,'2015-04-10 00:48:04',0,4,0),
 (5237,75,0,6,'2015-04-10 00:48:12',1206,4,2),
 (5238,75,4,4,'2015-04-10 00:48:12',1206,4,0),
 (5239,75,3,5,'2015-04-10 00:57:02',1205,3,0),
 (5240,75,0,6,'2015-04-10 00:57:58',1207,3,2),
 (5241,75,3,4,'2015-04-10 00:57:58',1207,3,0),
 (5242,75,0,6,'2015-04-10 00:58:09',1208,3,2),
 (5243,75,0,6,'2015-04-10 00:58:14',1209,3,2),
 (5244,75,3,5,'2015-04-10 01:39:41',1207,3,0),
 (5245,75,3,4,'2015-04-10 01:39:41',1208,3,0),
 (5246,75,4,5,'2015-04-10 02:02:03',1206,4,0),
 (5247,75,3,5,'2015-04-10 02:09:29',1208,3,0),
 (5248,75,3,4,'2015-04-10 02:09:30',1209,3,0),
 (5249,75,3,5,'2015-04-10 02:51:18',1209,3,0),
 (5250,75,0,6,'2015-04-10 15:41:54',1210,3,1),
 (5251,75,3,4,'2015-04-10 15:41:54',1210,3,0),
 (5252,75,0,6,'2015-04-10 15:41:58',1211,3,1),
 (5253,75,3,5,'2015-04-10 16:26:28',1210,3,0),
 (5254,75,3,4,'2015-04-10 16:26:28',1211,3,0),
 (5255,75,3,5,'2015-04-10 17:08:27',1211,3,0),
 (5256,75,0,6,'2015-04-10 17:35:23',1212,3,1),
 (5257,75,3,4,'2015-04-10 17:35:23',1212,3,0),
 (5258,75,0,6,'2015-04-10 17:35:27',1213,3,1),
 (5259,75,3,5,'2015-04-10 18:14:51',1212,3,0),
 (5260,75,0,6,'2015-04-13 16:26:47',1214,3,1),
 (5261,75,3,4,'2015-04-13 16:26:47',1214,3,0),
 (5262,75,3,5,'2015-04-13 16:40:10',1214,3,0),
 (5263,75,0,6,'2015-04-13 16:50:24',1215,3,1),
 (5264,75,3,4,'2015-04-13 16:50:24',1215,3,0),
 (5265,75,3,5,'2015-04-13 16:52:20',1215,3,0),
 (5266,60,3,7,'2015-04-13 19:44:56',0,3,0),
 (5267,72,1,7,'2015-04-13 19:59:48',0,2,0),
 (5268,70,4,7,'2015-04-13 19:59:49',0,4,0),
 (5269,72,1,8,'2015-04-13 20:00:11',0,2,0),
 (5270,60,3,8,'2015-04-13 20:00:12',0,3,0),
 (5271,60,3,7,'2015-04-13 20:00:15',0,3,0),
 (5272,60,3,8,'2015-04-13 20:00:16',0,3,0),
 (5273,60,3,7,'2015-04-13 20:00:28',0,3,0),
 (5274,60,3,8,'2015-04-13 20:00:29',0,3,0),
 (5275,60,3,7,'2015-04-13 20:00:30',0,3,0),
 (5276,60,3,8,'2015-04-13 20:00:30',0,3,0),
 (5277,73,0,10,'2015-04-13 20:11:10',0,3,7),
 (5278,73,0,6,'2015-04-13 20:11:10',1216,3,7),
 (5279,73,3,2,'2015-04-13 20:11:10',1216,3,0),
 (5280,76,0,1,'2015-04-13 20:49:18',0,1,0),
 (5281,76,0,6,'2015-04-13 20:49:18',1217,2,0),
 (5282,76,1,2,'2015-04-13 20:49:18',1217,2,0),
 (5283,70,6,8,'2015-04-13 20:53:02',0,6,0),
 (5284,76,0,10,'2015-04-13 20:53:22',0,6,17),
 (5285,76,0,6,'2015-04-13 20:53:22',1218,6,17),
 (5286,76,6,2,'2015-04-13 20:53:22',1218,6,0),
 (5287,73,3,3,'2015-04-13 20:53:53',1216,3,0),
 (5288,0,2,8,'2015-04-13 21:05:41',0,1,0),
 (5289,76,0,6,'2015-04-13 21:06:14',1219,1,16),
 (5290,76,2,4,'2015-04-13 21:06:14',1219,1,0),
 (5291,76,2,5,'2015-04-13 21:06:14',1219,1,0),
 (5292,73,0,6,'2015-04-13 21:58:37',1220,3,1),
 (5293,73,3,4,'2015-04-13 21:58:37',1220,3,0),
 (5294,76,6,3,'2015-04-13 22:10:56',1218,6,0),
 (5295,73,3,5,'2015-04-13 22:11:51',1220,3,0),
 (5296,73,0,6,'2015-04-13 22:12:33',1221,3,1),
 (5297,73,3,4,'2015-04-13 22:12:33',1221,3,0),
 (5298,73,3,5,'2015-04-13 22:19:42',1221,3,0),
 (5299,73,0,6,'2015-04-13 22:21:16',1222,3,1),
 (5300,73,3,4,'2015-04-13 22:21:16',1222,3,0),
 (5301,73,3,5,'2015-04-13 22:34:39',1222,3,0),
 (5302,73,0,6,'2015-04-13 22:41:34',1223,3,1),
 (5303,73,3,4,'2015-04-13 22:41:34',1223,3,0),
 (5304,73,3,5,'2015-04-13 23:22:30',1223,3,0),
 (5305,73,0,6,'2015-04-14 01:06:21',1224,3,1),
 (5306,73,3,4,'2015-04-14 01:06:21',1224,3,0),
 (5307,73,0,6,'2015-04-14 01:06:22',1225,3,1),
 (5308,73,0,6,'2015-04-14 01:06:24',1226,3,1),
 (5309,73,0,6,'2015-04-14 01:06:24',1227,3,1),
 (5310,73,0,6,'2015-04-14 01:06:24',1228,3,1),
 (5311,73,0,6,'2015-04-14 01:06:25',1229,3,1),
 (5312,73,0,6,'2015-04-14 01:06:25',1230,3,1),
 (5313,73,3,5,'2015-04-14 01:47:13',1224,3,0),
 (5314,73,3,4,'2015-04-14 01:47:13',1225,3,0),
 (5315,73,3,5,'2015-04-14 02:28:14',1225,3,0),
 (5316,73,3,4,'2015-04-14 02:28:14',1226,3,0),
 (5317,73,3,5,'2015-04-14 02:56:50',1226,3,0),
 (5318,73,3,4,'2015-04-14 02:56:50',1227,3,0),
 (5319,73,3,5,'2015-04-14 03:38:00',1227,3,0),
 (5320,75,0,6,'2015-04-14 12:59:45',1231,4,2),
 (5321,70,4,8,'2015-04-14 13:00:01',0,4,0),
 (5322,75,4,4,'2015-04-14 13:00:01',1231,4,0),
 (5323,76,1,3,'2015-04-14 13:43:33',1217,2,0),
 (5324,76,1,4,'2015-04-14 13:43:33',1217,2,0),
 (5325,76,1,5,'2015-04-14 13:43:34',1217,2,0),
 (5326,75,4,5,'2015-04-14 14:18:44',1231,4,0),
 (5327,60,3,7,'2015-04-14 15:15:14',0,3,0),
 (5328,73,0,6,'2015-04-14 15:18:30',1232,3,1),
 (5329,73,0,6,'2015-04-14 15:19:02',1233,3,1),
 (5330,73,0,6,'2015-04-14 15:19:10',1234,3,1),
 (5331,73,0,6,'2015-04-14 15:19:19',1235,3,1),
 (5332,75,0,6,'2015-04-14 15:30:44',1236,4,2),
 (5333,75,4,4,'2015-04-14 15:30:44',1236,4,0),
 (5334,60,3,8,'2015-04-14 16:38:53',0,3,0),
 (5335,73,3,4,'2015-04-14 16:38:53',1232,3,0),
 (5336,73,0,6,'2015-04-14 16:39:21',1237,3,4),
 (5337,73,3,5,'2015-04-14 16:56:36',1232,3,0),
 (5338,73,3,4,'2015-04-14 16:56:36',1233,3,0),
 (5339,75,4,5,'2015-04-14 17:01:07',1236,4,0),
 (5340,73,3,5,'2015-04-14 17:36:47',1233,3,0),
 (5341,73,3,4,'2015-04-14 17:36:47',1234,3,0),
 (5342,75,0,6,'2015-04-14 20:05:20',1238,4,2),
 (5343,75,4,4,'2015-04-14 20:05:20',1238,4,0),
 (5344,75,4,5,'2015-04-14 20:05:50',1238,4,0),
 (5345,73,0,6,'2015-04-14 20:07:55',1239,3,2),
 (5346,60,3,7,'2015-04-14 20:08:52',0,3,0),
 (5347,60,3,8,'2015-04-14 20:08:53',0,3,0),
 (5348,73,3,4,'2015-04-14 20:08:53',1239,3,0),
 (5349,73,3,5,'2015-04-14 20:10:54',1239,3,0),
 (5350,75,0,6,'2015-04-14 20:27:56',1240,4,2),
 (5351,75,4,4,'2015-04-14 20:27:56',1240,4,0),
 (5352,75,4,5,'2015-04-14 20:39:27',1240,4,0),
 (5353,73,0,6,'2015-04-15 11:44:54',1241,3,9),
 (5354,73,3,4,'2015-04-15 11:44:54',1241,3,0),
 (5355,73,3,5,'2015-04-15 11:56:33',1241,3,0),
 (5356,73,0,6,'2015-04-15 12:06:35',1242,3,9),
 (5357,73,3,4,'2015-04-15 12:06:35',1242,3,0),
 (5358,73,3,5,'2015-04-15 12:20:38',1242,3,0),
 (5359,73,0,6,'2015-04-15 12:46:37',1243,3,9),
 (5360,73,3,4,'2015-04-15 12:46:37',1243,3,0),
 (5361,73,3,5,'2015-04-15 13:00:41',1243,3,0),
 (5362,73,0,6,'2015-04-15 13:08:49',1244,3,9),
 (5363,73,3,4,'2015-04-15 13:08:49',1244,3,0),
 (5364,73,3,5,'2015-04-15 13:49:02',1244,3,0),
 (5365,75,0,6,'2015-04-15 13:52:07',1245,3,1),
 (5366,75,3,4,'2015-04-15 13:52:07',1245,3,0),
 (5367,76,0,10,'2015-04-15 13:57:52',0,4,2),
 (5368,76,0,6,'2015-04-15 13:57:53',1246,4,2),
 (5369,76,4,2,'2015-04-15 13:57:53',1246,4,0),
 (5370,75,3,5,'2015-04-15 14:33:09',1245,3,0),
 (5371,76,4,9,'2015-04-15 15:16:18',1246,4,0),
 (5372,76,0,10,'2015-04-15 15:18:00',0,4,2),
 (5373,76,0,6,'2015-04-15 15:18:00',1247,4,2),
 (5374,76,4,2,'2015-04-15 15:18:00',1247,4,0),
 (5375,73,0,6,'2015-04-15 15:47:00',1248,3,1),
 (5376,73,3,4,'2015-04-15 15:47:00',1248,3,0),
 (5377,76,4,3,'2015-04-15 15:57:39',1247,4,0),
 (5378,76,4,4,'2015-04-15 15:57:39',1247,4,0),
 (5379,76,4,5,'2015-04-15 15:57:41',1247,4,0),
 (5380,73,3,5,'2015-04-15 16:28:06',1248,3,0),
 (5381,73,0,6,'2015-04-15 16:52:33',1249,3,1),
 (5382,73,3,4,'2015-04-15 16:52:33',1249,3,0),
 (5383,73,0,6,'2015-04-15 16:52:34',1250,3,1),
 (5384,73,0,6,'2015-04-15 16:52:35',1251,3,1),
 (5385,73,0,6,'2015-04-15 16:52:35',1252,3,1),
 (5386,73,3,5,'2015-04-15 17:03:48',1249,3,0),
 (5387,73,3,4,'2015-04-15 17:03:48',1250,3,0),
 (5388,73,3,5,'2015-04-15 17:14:12',1250,3,0),
 (5389,73,3,4,'2015-04-15 17:14:12',1251,3,0),
 (5390,73,3,5,'2015-04-15 17:16:44',1251,3,0),
 (5391,73,3,4,'2015-04-15 17:16:44',1252,3,0),
 (5392,73,3,5,'2015-04-15 17:16:46',1252,3,0),
 (5393,73,0,6,'2015-04-15 17:17:03',1253,3,1),
 (5394,73,3,4,'2015-04-15 17:17:03',1253,3,0),
 (5395,73,0,6,'2015-04-15 17:17:05',1254,3,1),
 (5396,73,0,6,'2015-04-15 17:17:05',1255,3,1),
 (5397,73,0,6,'2015-04-15 17:17:06',1256,3,1),
 (5398,73,3,5,'2015-04-15 17:27:27',1253,3,0),
 (5399,73,3,4,'2015-04-15 17:27:27',1254,3,0),
 (5400,73,3,5,'2015-04-15 17:37:49',1254,3,0),
 (5401,73,3,4,'2015-04-15 17:37:49',1255,3,0),
 (5402,73,3,5,'2015-04-15 17:48:11',1255,3,0),
 (5403,73,3,4,'2015-04-15 17:48:11',1256,3,0),
 (5404,73,3,5,'2015-04-15 17:51:57',1256,3,0),
 (5405,73,0,6,'2015-04-15 17:52:04',1257,3,1),
 (5406,73,3,4,'2015-04-15 17:52:04',1257,3,0),
 (5407,73,0,6,'2015-04-15 17:52:04',1258,3,1),
 (5408,73,0,6,'2015-04-15 17:52:05',1259,3,1),
 (5409,73,0,6,'2015-04-15 17:52:05',1260,3,1),
 (5410,73,3,5,'2015-04-15 18:32:10',1257,3,0),
 (5411,73,3,4,'2015-04-15 18:32:10',1258,3,0),
 (5412,73,3,5,'2015-04-15 18:50:51',1258,3,0),
 (5413,73,3,4,'2015-04-15 18:50:51',1259,3,0),
 (5414,73,3,5,'2015-04-15 18:50:53',1259,3,0),
 (5415,73,3,4,'2015-04-15 18:50:53',1260,3,0),
 (5416,73,3,5,'2015-04-15 18:50:55',1260,3,0),
 (5417,73,0,6,'2015-04-15 21:15:03',1261,3,1),
 (5418,73,3,4,'2015-04-15 21:15:03',1261,3,0),
 (5419,73,0,6,'2015-04-15 21:15:03',1262,3,1),
 (5420,73,0,6,'2015-04-15 21:15:04',1263,3,1),
 (5421,73,0,6,'2015-04-15 21:15:04',1264,3,1),
 (5422,73,0,6,'2015-04-15 21:15:04',1265,3,1),
 (5423,73,3,5,'2015-04-15 21:43:26',1261,3,0),
 (5424,73,3,4,'2015-04-15 21:43:26',1262,3,0),
 (5425,73,3,5,'2015-04-15 22:11:44',1262,3,0),
 (5426,73,3,4,'2015-04-15 22:11:44',1263,3,0),
 (5427,73,3,5,'2015-04-15 22:52:37',1263,3,0),
 (5428,73,3,4,'2015-04-15 22:52:37',1264,3,0),
 (5429,73,3,5,'2015-04-15 23:33:35',1264,3,0),
 (5430,73,3,4,'2015-04-15 23:33:35',1265,3,0),
 (5431,73,3,5,'2015-04-16 00:14:32',1265,3,0),
 (5432,70,4,7,'2015-04-17 20:50:51',0,4,0),
 (5433,60,3,7,'2015-04-17 20:50:53',0,3,0),
 (5434,72,1,7,'2015-04-17 20:50:54',0,2,0),
 (5435,0,2,7,'2015-04-17 20:51:01',0,1,0),
 (5436,70,6,7,'2015-04-17 20:51:02',0,6,0),
 (5437,76,0,6,'2015-04-17 21:07:06',1266,4,1),
 (5438,70,4,8,'2015-04-17 21:07:18',0,4,0),
 (5439,76,4,4,'2015-04-17 21:07:18',1266,4,0),
 (5440,76,4,5,'2015-04-17 21:07:48',1266,4,0),
 (5441,76,0,10,'2015-04-17 21:26:37',0,2,1),
 (5442,76,0,6,'2015-04-17 21:26:37',1267,2,1),
 (5443,70,4,7,'2015-04-17 21:26:43',0,4,0),
 (5444,72,1,8,'2015-04-17 21:26:44',0,2,0),
 (5445,76,1,2,'2015-04-17 21:26:44',1267,2,0),
 (5446,76,0,6,'2015-04-17 21:32:31',1268,4,2),
 (5447,70,4,8,'2015-04-17 21:32:35',0,4,0),
 (5448,76,4,4,'2015-04-17 21:32:35',1268,4,0),
 (5449,73,0,6,'2015-04-17 21:33:31',1269,3,2),
 (5450,60,3,8,'2015-04-17 21:33:34',0,3,0),
 (5451,73,3,4,'2015-04-17 21:33:34',1269,3,0),
 (5452,76,1,3,'2015-04-17 21:34:37',1267,2,0),
 (5453,76,1,4,'2015-04-17 21:34:37',1267,2,0),
 (5454,76,1,5,'2015-04-17 21:34:37',1267,2,0),
 (5455,73,0,6,'2015-04-17 22:00:08',1270,3,1),
 (5456,73,0,6,'2015-04-17 22:00:08',1271,3,1),
 (5457,73,0,6,'2015-04-17 22:00:09',1272,3,1),
 (5458,73,0,6,'2015-04-17 22:00:09',1273,3,1),
 (5459,73,0,6,'2015-04-17 22:00:09',1274,3,1),
 (5460,73,3,5,'2015-04-17 22:05:22',1269,3,0),
 (5461,73,3,4,'2015-04-17 22:05:22',1270,3,0),
 (5462,73,3,5,'2015-04-17 22:46:46',1270,3,0),
 (5463,73,3,4,'2015-04-17 22:46:46',1271,3,0),
 (5464,73,3,5,'2015-04-17 23:28:16',1271,3,0),
 (5465,73,3,4,'2015-04-17 23:28:16',1272,3,0),
 (5466,73,3,5,'2015-04-18 00:10:00',1272,3,0),
 (5467,73,3,4,'2015-04-18 00:10:00',1273,3,0),
 (5468,73,3,5,'2015-04-18 00:23:14',1273,3,0),
 (5469,73,3,4,'2015-04-18 00:23:14',1274,3,0),
 (5470,73,3,5,'2015-04-18 00:35:16',1274,3,0),
 (5471,76,0,6,'2015-04-20 11:22:11',1275,4,2),
 (5472,76,4,5,'2015-04-20 11:57:31',1268,4,0),
 (5473,76,4,4,'2015-04-20 11:57:31',1275,4,0),
 (5474,76,4,5,'2015-04-20 11:58:39',1275,4,0),
 (5475,76,0,6,'2015-04-20 12:05:22',1276,4,2),
 (5476,76,4,4,'2015-04-20 12:05:22',1276,4,0),
 (5477,73,0,6,'2015-04-20 14:19:26',1277,3,1),
 (5478,73,3,4,'2015-04-20 14:19:26',1277,3,0),
 (5479,73,0,6,'2015-04-20 14:19:27',1278,3,1),
 (5480,73,0,6,'2015-04-20 14:19:27',1279,3,1),
 (5481,73,0,6,'2015-04-20 14:19:28',1280,3,1),
 (5482,73,0,6,'2015-04-20 14:19:28',1281,3,1),
 (5483,73,3,5,'2015-04-20 14:30:02',1277,3,0),
 (5484,73,3,4,'2015-04-20 14:30:02',1278,3,0),
 (5485,76,4,5,'2015-04-20 14:46:23',1276,4,0),
 (5486,73,3,5,'2015-04-20 14:53:02',1278,3,0),
 (5487,73,3,4,'2015-04-20 14:53:02',1279,3,0),
 (5488,73,3,5,'2015-04-20 15:17:05',1279,3,0),
 (5489,73,3,4,'2015-04-20 15:17:05',1280,3,0),
 (5490,73,3,5,'2015-04-20 15:41:11',1280,3,0),
 (5491,73,3,4,'2015-04-20 15:41:11',1281,3,0),
 (5492,73,3,5,'2015-04-20 16:05:08',1281,3,0),
 (5493,77,0,1,'2015-04-20 17:38:29',0,1,0),
 (5494,77,0,6,'2015-04-20 17:38:29',1282,2,0),
 (5495,77,0,6,'2015-04-20 17:38:29',1283,4,0),
 (5496,77,1,2,'2015-04-20 17:38:29',1282,2,0),
 (5497,77,4,2,'2015-04-20 17:38:29',1283,4,0),
 (5498,60,5,8,'2015-04-20 17:45:16',0,5,0),
 (5499,60,7,8,'2015-04-20 17:45:18',0,7,0),
 (5500,77,0,10,'2015-04-20 17:45:44',0,5,17),
 (5501,77,0,6,'2015-04-20 17:45:44',1284,5,17),
 (5502,77,5,2,'2015-04-20 17:45:44',1284,5,0),
 (5503,77,1,3,'2015-04-20 17:51:07',1282,2,0),
 (5504,77,1,4,'2015-04-20 17:51:07',1282,2,0),
 (5505,77,1,5,'2015-04-20 17:51:08',1282,2,0),
 (5506,77,4,3,'2015-04-20 17:56:02',1283,4,0),
 (5507,77,4,4,'2015-04-20 17:56:02',1283,4,0),
 (5508,77,5,3,'2015-04-20 17:56:56',1284,5,0),
 (5509,73,0,6,'2015-04-20 18:43:34',1285,3,1),
 (5510,73,3,4,'2015-04-20 18:43:34',1285,3,0),
 (5511,73,0,6,'2015-04-20 18:43:34',1286,3,1),
 (5512,73,3,5,'2015-04-20 19:07:43',1285,3,0),
 (5513,73,3,4,'2015-04-20 19:07:43',1286,3,0),
 (5514,77,0,10,'2015-04-20 19:31:50',0,7,17),
 (5515,77,0,6,'2015-04-20 19:31:50',1287,7,17),
 (5516,77,7,2,'2015-04-20 19:31:50',1287,7,0),
 (5517,73,3,5,'2015-04-20 19:32:01',1286,3,0),
 (5518,73,0,6,'2015-04-20 20:09:42',1288,3,1),
 (5519,73,3,4,'2015-04-20 20:09:42',1288,3,0),
 (5520,73,3,5,'2015-04-20 20:34:05',1288,3,0),
 (5521,77,7,9,'2015-04-20 20:47:37',1287,7,0),
 (5522,77,0,10,'2015-04-20 20:55:47',0,7,24),
 (5523,77,0,6,'2015-04-20 20:55:47',1289,7,24),
 (5524,77,7,2,'2015-04-20 20:55:47',1289,7,0),
 (5525,73,0,6,'2015-04-20 21:14:17',1290,3,1),
 (5526,73,3,4,'2015-04-20 21:14:17',1290,3,0),
 (5527,73,0,6,'2015-04-20 21:14:17',1291,3,1),
 (5528,73,0,6,'2015-04-20 21:14:18',1292,3,1),
 (5529,73,0,6,'2015-04-20 21:14:18',1293,3,1),
 (5530,77,7,3,'2015-04-20 21:17:05',1289,7,0),
 (5531,73,3,5,'2015-04-20 21:38:32',1290,3,0),
 (5532,73,3,4,'2015-04-20 21:38:32',1291,3,0),
 (5533,73,3,5,'2015-04-20 22:02:40',1291,3,0),
 (5534,73,3,4,'2015-04-20 22:02:40',1292,3,0),
 (5535,73,3,5,'2015-04-20 22:26:53',1292,3,0),
 (5536,73,3,4,'2015-04-20 22:26:53',1293,3,0),
 (5537,73,3,5,'2015-04-20 22:51:11',1293,3,0),
 (5538,77,0,10,'2015-04-21 10:28:57',0,7,24),
 (5539,77,0,6,'2015-04-21 10:28:57',1294,7,24),
 (5540,77,7,2,'2015-04-21 10:28:57',1294,7,0),
 (5541,77,7,3,'2015-04-21 11:10:17',1294,7,0),
 (5542,73,0,6,'2015-04-21 18:13:09',1295,3,1),
 (5543,73,3,4,'2015-04-21 18:13:09',1295,3,0),
 (5544,73,3,5,'2015-04-21 18:56:41',1295,3,0),
 (5545,73,0,6,'2015-04-21 20:33:29',1296,3,1),
 (5546,73,3,4,'2015-04-21 20:33:29',1296,3,0),
 (5547,73,3,5,'2015-04-21 20:36:56',1296,3,0),
 (5548,73,0,6,'2015-04-21 20:37:24',1297,3,1),
 (5549,73,3,4,'2015-04-21 20:37:24',1297,3,0),
 (5550,77,4,5,'2015-04-21 20:42:10',1283,4,0);
/*!40000 ALTER TABLE `event_history` ENABLE KEYS */;


--
-- Definition of table `event_trigger`
--

DROP TABLE IF EXISTS `event_trigger`;
CREATE TABLE `event_trigger` (
  `trigger_id` int(11) NOT NULL AUTO_INCREMENT,
  `trigger_state` varchar(20) NOT NULL,
  `trigger_type` varchar(20) NOT NULL,
  `trigger_template_id` int(11) NOT NULL,
  `trigger_app` varchar(30) NOT NULL,
  `git_branch` varchar(100) DEFAULT NULL,
  `code_track` varchar(20) NOT NULL,
  `trigger_event_id` int(11) NOT NULL,
  `target_template_id` int(11) NOT NULL,
  `target_task` varchar(20) NOT NULL,
  PRIMARY KEY (`trigger_id`)
) ENGINE=MyISAM AUTO_INCREMENT=130 DEFAULT CHARSET=latin1;

--
-- Dumping data for table `event_trigger`
--

/*!40000 ALTER TABLE `event_trigger` DISABLE KEYS */;
INSERT INTO `event_trigger` (`trigger_id`,`trigger_state`,`trigger_type`,`trigger_template_id`,`trigger_app`,`git_branch`,`code_track`,`trigger_event_id`,`target_template_id`,`target_task`) VALUES 
 (1,'inactive','default',1,'Core',NULL,'010.000.040',1,2,'Deploy'),
 (2,'inactive','default',1,'Core',NULL,'010.000.050',1,2,'Deploy'),
 (3,'inactive','default',1,'Core',NULL,'010.000.030',1,2,'Deploy'),
 (7,'inactive','default',1,'Core',NULL,'010.000.060',1,4,'Deploy'),
 (5,'inactive','default',1,'Core',NULL,'010.000.050',1,4,'Deploy'),
 (8,'inactive','default',1,'Core',NULL,'010.000.070',1,4,'Deploy'),
 (9,'inactive','default',1,'Core',NULL,'010.000.070',1,2,'Deploy'),
 (10,'inactive','default',1,'Core',NULL,'010.000.080',1,4,'Deploy'),
 (11,'inactive','default',1,'Core',NULL,'010.000.080',1,6,'Deploy'),
 (18,'inactive','default',1,'Core',NULL,'010.000.090',1,3,'Deploy'),
 (90,'inactive','default',1,'Core','','010.001.50*',1,1,'Deploy'),
 (13,'inactive','default',1,'Core',NULL,'010.000.080',1,3,'Deploy,Test'),
 (14,'inactive','default',1,'Core',NULL,'010.001.000',1,6,'Deploy'),
 (17,'inactive','default',1,'Core',NULL,'010.000.090',1,2,'Deploy'),
 (15,'inactive','default',1,'Core',NULL,'010.000.080',1,7,'Deploy'),
 (16,'inactive','default',1,'Core',NULL,'010.000.090',1,3,'Deploy,Test'),
 (83,'active','default',11,'git','*','',1,4,'Deploy,Test'),
 (34,'inactive','default',1,'Core','test_branch','',1,2,'Deploy,Test'),
 (35,'inactive','default',1,'Core','','010.001.030',1,2,'Deploy,Test'),
 (36,'inactive','default',1,'Core','','010.001.040',1,1,'Test'),
 (33,'inactive','default',1,'Core','','010.001.030',1,4,'Deploy,Test'),
 (37,'inactive','default',1,'Core','','010.001.030',1,3,'Deploy,Test'),
 (84,'inactive','default',1,'Core','','010.001.060',1,6,'Deploy'),
 (44,'active','default',1,'Core','','*.*.*',1,2,'Deploy,Test'),
 (47,'inactive','default',1,'git','ISEexchange_changes_20141212','',1,2,'Deploy'),
 (48,'inactive','default',1,'git','jumanjiman_system_release','',1,2,'Deploy'),
 (82,'inactive','default',1,'Core','','010.001.060',1,5,'Deploy'),
 (50,'inactive','default',1,'Core','','010.001.040',1,6,'Deploy,Test'),
 (81,'inactive','default',1,'Core','','010.001.060',1,1,'Test'),
 (89,'inactive','default',1,'Core','','010.001.500',1,1,'Deploy,Test'),
 (80,'inactive','default',1,'Core','','010.001.060',1,3,'Deploy,Test'),
 (86,'active','default',11,'git','*','',1,10,'Deploy,Test'),
 (87,'inactive','default',11,'git','sae_release','',1,4,'Deploy,Test'),
 (88,'inactive','default',1,'Core','','010.001.060',1,7,'Deploy'),
 (85,'active','default',11,'git','*','',1,2,'Deploy,Test'),
 (59,'inactive','default',1,'Core','','010.001.030',1,2,'Deploy'),
 (60,'inactive','default',1,'Core','','010.001.020',1,4,'Deploy,Test'),
 (61,'inactive','default',1,'Core','','010.001.040',1,4,'Deploy,Test'),
 (62,'inactive','default',1,'Core','','010.001.030',1,7,'Deploy'),
 (63,'inactive','default',1,'Core','','010.001.030',1,1,'Test'),
 (64,'inactive','default',1,'Core','','010.001.020',1,1,'Test'),
 (68,'inactive','default',1,'Core','','010.001.040',1,7,'Deploy,Test'),
 (66,'inactive','default',1,'Core','','010.001.030',1,7,'Deploy'),
 (67,'inactive','default',1,'Core','','010.001.030',1,4,'Deploy'),
 (69,'inactive','default',1,'Core','','010.001.040',1,6,'Deploy'),
 (70,'inactive','default',1,'Core','','010.001.040',1,3,'Deploy,Test'),
 (71,'inactive','default',1,'Core','','010.001.*',1,3,'Deploy,Test'),
 (72,'inactive','default',1,'Core','','010.001.510',1,4,'Deploy,Test'),
 (73,'inactive','default',1,'Core','','010.001.050',1,1,'Test'),
 (74,'inactive','default',1,'Core','','010.001.050',1,3,'Deploy,Test'),
 (75,'inactive','default',1,'Core','','010.001.050',1,6,'Deploy'),
 (76,'inactive','default',1,'Core','','010.001.060',1,4,'Deploy,Test'),
 (77,'inactive','default',1,'Core','','010.000.090',1,6,'Deploy'),
 (78,'inactive','default',1,'Core','','010.000.095',1,6,'Deploy'),
 (79,'inactive','default',1,'Core','','010.000.095',1,1,'Test'),
 (91,'inactive','default',1,'Core','','010.001.510',1,4,'Deploy,Test'),
 (92,'inactive','default',1,'Core','','010.001.060',1,4,'Deploy'),
 (93,'inactive','default',1,'Core','','010.001.600',1,2,'Deploy'),
 (94,'active','default',11,'git','*','',1,9,'Deploy,Test'),
 (95,'inactive','default',1,'git','production','',1,2,'Deploy,Test'),
 (96,'active','default',11,'git','*','',1,5,'Deploy,Test'),
 (97,'active','default',11,'git','*','',1,6,'Deploy,Test'),
 (98,'active','default',11,'git','*','',1,7,'Deploy,Test'),
 (99,'active','default',11,'git','*','',1,3,'Deploy,Test'),
 (100,'active','default',1,'Core','','010.001.510',1,6,'Deploy'),
 (101,'inactive','default',1,'Core','','010.001.600',1,4,'Deploy,Test'),
 (102,'active','default',1,'Core','','010.001.620',1,3,'Deploy,Test'),
 (103,'active','default',11,'git','kotter_glibc_update','',1,9,'Deploy'),
 (104,'inactive','default',1,'Core','','010.001.520',1,4,'Deploy,Test'),
 (105,'inactive','default',1,'Core','','010.001.520',1,3,'Deploy,Test'),
 (106,'active','default',1,'Core','','010.001.520',1,6,'Deploy'),
 (107,'active','default',1,'Core','','010.001.600',1,6,'Deploy'),
 (108,'inactive','default',1,'Core','','010.001.610',1,4,'Deploy,Test'),
 (109,'active','default',1,'Core','','010.001.700',1,4,'Deploy,Test'),
 (110,'active','default',1,'Core','','010.001.610',1,7,'Deploy'),
 (111,'inactive','default',1,'Core','','010.001.610',1,4,'Deploy,Test'),
 (112,'inactive','default',1,'Core','','123.123.123',1,4,'Deploy'),
 (113,'active','default',1,'Core','','010.001.610',1,6,'Deploy'),
 (114,'inactive','default',1,'Core','','010.001.*',1,2,'Deploy,Test'),
 (115,'inactive','default',1,'Core','','010.001.999',1,2,'Deploy'),
 (116,'active','default',1,'Core','','010.001.600',1,12,'Deploy'),
 (117,'inactive','default',1,'Core','','010.001.620',1,4,'Deploy,Test'),
 (118,'active','default',1,'Core','','010.001.620',1,7,'Deploy'),
 (119,'active','default',1,'Core','','010.001.620',1,6,'Deploy'),
 (120,'inactive','default',1,'Core','','010.001.520',1,3,'Deploy'),
 (121,'inactive','default',3,'Core','','010.001.520',1,3,'Deploy'),
 (122,'inactive','default',1,'Core','','010.001.520',1,3,'Deploy'),
 (123,'active','default',11,'git','production','',1,10,'Deploy,Test'),
 (124,'active','default',1,'Core','','010.001.620',1,12,'Deploy'),
 (125,'active','default',1,'Core','','010.001.520',1,3,'Deploy'),
 (126,'active','default',1,'Core','','010.001.630',1,6,'Deploy'),
 (127,'active','default',1,'Core','','010.001.630',1,4,'Deploy,Test'),
 (128,'active','default',1,'Core','','010.001.700',1,5,'Deploy'),
 (129,'active','default',1,'Core','','010.001.700',1,7,'Deploy');
/*!40000 ALTER TABLE `event_trigger` ENABLE KEYS */;


--
-- Definition of table `instance_info`
--

DROP TABLE IF EXISTS `instance_info`;
CREATE TABLE `instance_info` (
  `id` int(11) NOT NULL AUTO_INCREMENT,
  `instance_id` int(11) NOT NULL,
  `gts_env` varchar(5) NOT NULL,
  `host` varchar(50) DEFAULT NULL,
  `bosip` varchar(20) NOT NULL,
  `jboss_host` varchar(20) NOT NULL,
  `release_id` int(11) NOT NULL,
  PRIMARY KEY (`id`)
) ENGINE=MyISAM AUTO_INCREMENT=43 DEFAULT CHARSET=latin1;

--
-- Dumping data for table `instance_info`
--

/*!40000 ALTER TABLE `instance_info` DISABLE KEYS */;
INSERT INTO `instance_info` (`id`,`instance_id`,`gts_env`,`host`,`bosip`,`jboss_host`,`release_id`) VALUES 
 (1,1,'007','td-bdt01.test.ise.com','51.4.62.62','td-bdt01',72),
 (2,3,'038','td-pat201.test.ise.com','51.4.66.80','td-pat201',60),
 (3,3,'038','td-pat202.test.ise.com','51.4.66.80','td-pat201',60),
 (4,3,'038','td-pat203.test.ise.com','51.4.66.80','td-pat201',60),
 (5,3,'038','td-pat204.test.ise.com','51.4.66.80','td-pat201',60),
 (6,3,'038','td-pat205.test.ise.com','51.4.66.80','td-pat201',60),
 (7,3,'038','td-pat206.test.ise.com','51.4.66.80','td-pat201',60),
 (8,3,'038','td-pat207.test.ise.com','51.4.66.80','td-pat201',60),
 (9,3,'038','td-pat208.test.ise.com','51.4.66.80','td-pat201',60),
 (10,3,'038','td-pat209.test.ise.com','51.4.66.80','td-pat201',60),
 (11,3,'038','td-pat210.test.ise.com','51.4.66.80','td-pat201',60),
 (12,3,'038','td-pat211.test.ise.com','51.4.66.80','td-pat201',60),
 (13,3,'038','td-pat212.test.ise.com','51.4.66.80','td-pat201',60),
 (14,3,'038','td-pat213.test.ise.com','51.4.66.80','td-pat201',60),
 (15,3,'038','td-pat214.test.ise.com','51.4.66.80','td-pat201',60),
 (16,3,'038','td-pat215.test.ise.com','51.4.66.80','td-pat201',60),
 (17,3,'038','td-pat216.test.ise.com','51.4.66.80','td-pat201',60),
 (18,4,'051','tc-oat01.test.ise.com','51.3.62.52','tc-oat02',70),
 (19,4,'051','tc-oat02.test.ise.com','51.3.62.52','tc-oat02',70),
 (20,4,'051','tc-oat08.test.ise.com','51.3.62.52','tc-oat02',70),
 (21,5,'004','tc-bat101.test.ise.com','51.3.65.51','tc-bat101',60),
 (22,6,'002','tc-bat201.test.ise.com','51.3.65.81','tc-bat201',70),
 (23,6,'002','tc-bat202.test.ise.com','51.3.65.81','tc-bat201',70),
 (24,7,'008','tc-bat301.test.ise.com','51.3.65.53','tc-bat301',60),
 (25,5,'004','tc-bat102.test.ise.com','51.3.65.51','tc-bat101',60),
 (26,6,'002','tc-bat203.test.ise.com','51.3.65.81','tc-bat201',70),
 (27,8,'','td-wss01.test.ise.com','','',0),
 (28,9,'','td-wss02.test.ise.com','','',0),
 (29,10,'','td-wss03.test.ise.com','','',0),
 (30,11,'','td-wss04.test.ise.com','','',0),
 (31,12,'','td-wss05.test.ise.com','','',0),
 (32,13,'','td-wss06.test.ise.com','','',0),
 (33,14,'','td-lss01.test.ise.com','','',0),
 (34,15,'','td-lss02.test.ise.com','','',0),
 (35,16,'','td-lss03.test.ise.com','','',0),
 (36,17,'','td-lss04.test.ise.com','','',0),
 (37,18,'','td-lss05.test.ise.com','','',0),
 (38,19,'035','tc-mat301.test.ise.com','51.3.63.51','tc-mat301',0),
 (39,19,'035','tc-mat302.test.ise.com','51.3.63.51','tc-mat301',0),
 (40,19,'035','tc-mat303.test.ise.com','51.3.63.51','tc-mat301',0),
 (41,19,'035','tc-mat304.test.ise.com','51.3.63.51','tc-mat301',0),
 (42,19,'035','tc-mat305.test.ise.com','51.3.63.51','tc-mat301',0);
/*!40000 ALTER TABLE `instance_info` ENABLE KEYS */;


--
-- Definition of table `release_env_var`
--

DROP TABLE IF EXISTS `release_env_var`;
CREATE TABLE `release_env_var` (
  `release_id` int(11) DEFAULT NULL,
  `env_variable` varchar(1024) NOT NULL DEFAULT '',
  `env_value` varchar(1024) NOT NULL DEFAULT ''
) ENGINE=MyISAM DEFAULT CHARSET=latin1;

--
-- Dumping data for table `release_env_var`
--

/*!40000 ALTER TABLE `release_env_var` DISABLE KEYS */;
INSERT INTO `release_env_var` (`release_id`,`env_variable`,`env_value`) VALUES 
 (33,'ISE_MOCK_HOSTNAME','bdt1.test.ise.com'),
 (33,'ISE_KICKSTARTING','yes'),
 (35,'ISE_MOCK_HOSTNAME','tc-tac01.prod.ise.com'),
 (35,'ISE_KICKSTARTING','yes'),
 (38,'ISE_MOCK_HOSTNAME','tc-tac01.test.ise.com'),
 (38,'ISE_KICKSTARTING','yes'),
 (51,'ISE_MOCK_HOSTNAME','tc-tac01.test.ise.com'),
 (51,'ISE_KICKSTARTING','yes'),
 (52,'ISE_MOCK_HOSTNAME','tc-tac01.test.ise.com'),
 (52,'ISE_KICKSTARTING','yes'),
 (53,'ISE_MOCK_HOSTNAME','tc-tac01.test.ise.com'),
 (53,'ISE_KICKSTARTING','yes'),
 (54,'ISE_MOCK_HOSTNAME','tc-tac01.test.ise.com'),
 (54,'ISE_KICKSTARTING','yes'),
 (55,'FOO','bar'),
 (55,'BAR','baz'),
 (56,'ISE_MOCK_HOSTNAME','tc-tac01.test.ise.com'),
 (56,'ISE_KICKSTARTING','yes'),
 (57,'ISE_MOCK_HOSTNAME','%s'),
 (57,'ISE_KICKSTARTING','%s'),
 (62,'ISE_MOCK_HOSTNAME','pc-mgw01.prod.ise.com'),
 (62,'ISE_KICKSTARTING','yes'),
 (67,'ISE_MOCK_HOSTNAME','%s'),
 (67,'ISE_KICKSTARTING','%s');
/*!40000 ALTER TABLE `release_env_var` ENABLE KEYS */;


--
-- Definition of table `release_registration`
--

DROP TABLE IF EXISTS `release_registration`;
CREATE TABLE `release_registration` (
  `release_id` int(11) NOT NULL AUTO_INCREMENT COMMENT 'ID of the release',
  `application` varchar(50) NOT NULL COMMENT 'Application name',
  `version` varchar(50) NOT NULL COMMENT 'Application version',
  `db_conversion` int(1) DEFAULT '0',
  `parent_baseline` varchar(50) DEFAULT NULL,
  `Dependencies` text COMMENT 'Application dependencies. ',
  `release_details` varchar(5000) NOT NULL,
  `cmdb` tinyint(1) DEFAULT NULL,
  `commondb` tinyint(1) DEFAULT NULL,
  `rdb` tinyint(1) DEFAULT NULL,
  `viewdb` tinyint(1) DEFAULT NULL,
  `obsdb` tinyint(1) DEFAULT NULL,
  `tradedb` tinyint(1) DEFAULT NULL,
  `jbossdb` tinyint(1) DEFAULT NULL,
  `logdb` tinyint(1) DEFAULT NULL,
  `mcsdb` tinyint(1) DEFAULT NULL,
  `mdmdb` tinyint(1) DEFAULT NULL,
  `newsdb` tinyint(1) DEFAULT NULL,
  `perfcoldb` tinyint(1) DEFAULT NULL,
  `perfguidb` tinyint(1) DEFAULT NULL,
  `perfmondb` tinyint(1) DEFAULT NULL,
  `rdddb` tinyint(1) DEFAULT NULL,
  `streamdb` tinyint(1) DEFAULT NULL,
  `db_conv_script` varchar(100) DEFAULT NULL,
  PRIMARY KEY (`release_id`)
) ENGINE=InnoDB AUTO_INCREMENT=78 DEFAULT CHARSET=latin1;

--
-- Dumping data for table `release_registration`
--

/*!40000 ALTER TABLE `release_registration` DISABLE KEYS */;
INSERT INTO `release_registration` (`release_id`,`application`,`version`,`db_conversion`,`parent_baseline`,`Dependencies`,`release_details`,`cmdb`,`commondb`,`rdb`,`viewdb`,`obsdb`,`tradedb`,`jbossdb`,`logdb`,`mcsdb`,`mdmdb`,`newsdb`,`perfcoldb`,`perfguidb`,`perfmondb`,`rdddb`,`streamdb`,`db_conv_script`) VALUES 
 (1,'Core','010.000.030',1,'010.000.020',NULL,'{\"GlobalPackages\": [{\"Package\": {\"Release\": \"2.0.10-9000950.11.ga.el6.vendor.6.2.0\", \"Version\": \"6.2.0\", \"Arch\": \"noarch\", \"Name\": \"gts-3pp-jboss-eap-6.2.0\"}}, {\"Package\": {\"Release\": \"10000010.21.ga.el6\", \"Version\": \"1.4.95\", \"Arch\": \"noarch\", \"Name\": \"gts-env-mgr-tools\"}}], \"RelTag\": \"010.000.030\", \"ParentBaseline\": \"010.000.020\", \"DBConv\": \"true\", \"GTSPackages\": [{\"Package\": {\"Release\": \"22.ga.el6\", \"Version\": \"10.0.40\", \"Arch\": \"noarch\", \"Name\": \"gts-ise-release-acceptance-environment\"}}], \"MsgType\": \"core_release_msg\", \"RepoName\": \"CMQA\", \"SchemaVersion\": \"1.0.0\"}',NULL,NULL,NULL,NULL,NULL,NULL,NULL,NULL,NULL,NULL,NULL,NULL,NULL,NULL,NULL,NULL,NULL),
 (2,'Core','010.000.040',0,'010.000.030',NULL,'{\"GlobalPackages\": [{\"Package\": {\"Release\": \"9000950.11.ga.el6.vendor.6.2.0\", \"Epoch\": \"(none)\", \"Version\": \"2.0.10\", \"Arch\": \"noarch\", \"Name\": \"gts-3pp-jboss-eap-6.2.0\"}}, {\"Package\": {\"Release\": \"10000010.21.ga.el6\", \"Epoch\": \"(none)\", \"Version\": \"1.4.95\", \"Arch\": \"noarch\", \"Name\": \"gts-env-mgr-tools\"}}, {\"Package\": {\"Release\": \"10000000.299.ga.el6\", \"Epoch\": \"(none)\", \"Version\": \"0.1.130\", \"Arch\": \"x86_64\", \"Name\": \"gts-ise-requirements-acceptance\"}}, {\"Package\": {\"Release\": \"9000950.2.ga.el6\", \"Epoch\": \"(none)\", \"Version\": \"0.1.0\", \"Arch\": \"x86_64\", \"Name\": \"gts-ise-system-config\"}}, {\"Package\": {\"Release\": \"9000950.2.ga.el6\", \"Epoch\": \"(none)\", \"Version\": \"1.2.0\", \"Arch\": \"noarch\", \"Name\": \"gts-system-accounts\"}}, {\"Package\": {\"Release\": \"9000950.2.ga.el6\", \"Epoch\": \"(none)\", \"Version\": \"1.3.0\", \"Arch\": \"noarch\", \"Name\": \"gts-system-config\"}}, {\"Package\": {\"Release\": \"9000950.2.ga.el6\", \"Epoch\": \"(none)\", \"Version\": \"1.11.10\", \"Arch\": \"x86_64\", \"Name\": \"gts-yum-deployer\"}}], \"RelTag\": \"010.000.040\", \"GTSPackages\": [{\"Package\": {\"Release\": \"22.ga.el6\", \"Epoch\": \"(none)\", \"Version\": \"10.0.40\", \"Arch\": \"x86_64\", \"Name\": \"gts-ise-release-acceptance-environment\"}}], \"MsgType\": \"core_release_msg\", \"RepoName\": \"CMQA\", \"SchemaVersion\": \"1.0.0\"}',NULL,NULL,NULL,NULL,NULL,NULL,NULL,NULL,NULL,NULL,NULL,NULL,NULL,NULL,NULL,NULL,NULL),
 (3,'Core','010.000.050',0,'010.000.040',NULL,'{\"GlobalPackages\": [{\"Package\": {\"Release\": \"2.0.10-9000950.11.ga.el6.vendor.6.2.0\", \"Version\": \"6.2.0\", \"Arch\": \"noarch\", \"Name\": \"gts-3pp-jboss-eap-6.2.0\"}}, {\"Package\": {\"Release\": \"10000010.21.ga.el6\", \"Version\": \"1.4.95\", \"Arch\": \"noarch\", \"Name\": \"gts-env-mgr-tools\"}}], \"RelTag\": \"010.000.050\", \"GTSPackages\": [{\"Package\": {\"Release\": \"22.ga.el6\", \"Version\": \"10.0.40\", \"Arch\": \"noarch\", \"Name\": \"gts-ise-release-acceptance-environment\"}}], \"MsgType\": \"core_release_msg\", \"RepoName\": \"CMQA\", \"SchemaVersion\": \"1.0.0\"}',NULL,NULL,NULL,NULL,NULL,NULL,NULL,NULL,NULL,NULL,NULL,NULL,NULL,NULL,NULL,NULL,NULL),
 (5,'Core','010.000.060',0,'010.000.050',NULL,'{\"GlobalPackages\": [{\"Package\": {\"Release\": \"9000950.11.ga.el6.vendor.6.2.0\", \"Epoch\": \"(none)\", \"Version\": \"2.0.10\", \"Arch\": \"noarch\", \"Name\": \"gts-3pp-jboss-eap-6.2.0\"}}, {\"Package\": {\"Release\": \"10000010.21.ga.el6\", \"Epoch\": \"(none)\", \"Version\": \"1.4.95\", \"Arch\": \"noarch\", \"Name\": \"gts-env-mgr-tools\"}}, {\"Package\": {\"Release\": \"10000000.299.ga.el6\", \"Epoch\": \"(none)\", \"Version\": \"0.1.130\", \"Arch\": \"x86_64\", \"Name\": \"gts-ise-requirements-acceptance\"}}, {\"Package\": {\"Release\": \"9000950.2.ga.el6\", \"Epoch\": \"(none)\", \"Version\": \"0.1.0\", \"Arch\": \"x86_64\", \"Name\": \"gts-ise-system-config\"}}, {\"Package\": {\"Release\": \"9000950.2.ga.el6\", \"Epoch\": \"(none)\", \"Version\": \"1.2.0\", \"Arch\": \"noarch\", \"Name\": \"gts-system-accounts\"}}, {\"Package\": {\"Release\": \"9000950.2.ga.el6\", \"Epoch\": \"(none)\", \"Version\": \"1.3.0\", \"Arch\": \"noarch\", \"Name\": \"gts-system-config\"}}, {\"Package\": {\"Release\": \"9000950.2.ga.el6\", \"Epoch\": \"(none)\", \"Version\": \"1.11.10\", \"Arch\": \"x86_64\", \"Name\": \"gts-yum-deployer\"}}], \"RelTag\": \"010.000.060\", \"GTSPackages\": [{\"Package\": {\"Release\": \"26.ga.el6\", \"Epoch\": \"(none)\", \"Version\": \"10.0.60\", \"Arch\": \"x86_64\", \"Name\": \"gts-ise-release-acceptance-environment\"}}], \"MsgType\": \"core_release_msg\", \"RepoName\": \"CMQA\", \"SchemaVersion\": \"1.0.0\"}',NULL,NULL,NULL,NULL,NULL,NULL,NULL,NULL,NULL,NULL,NULL,NULL,NULL,NULL,NULL,NULL,NULL),
 (6,'Core','010.000.070',0,'010.000.060',NULL,'{\"GlobalPackages\": [{\"Package\": {\"Release\": \"2.0.10-9000950.11.ga.el6.vendor.6.2.0\", \"Version\": \"6.2.0\", \"Arch\": \"noarch\", \"Name\": \"gts-3pp-jboss-eap-6.2.0\"}}, {\"Package\": {\"Release\": \"10000010.21.ga.el6\", \"Version\": \"1.4.95\", \"Arch\": \"noarch\", \"Name\": \"gts-env-mgr-tools\"}}], \"RelTag\": \"010.000.070\", \"ParentBaseline\": \"010.000.060\", \"DBConv\": \"false\", \"GTSPackages\": [{\"Package\": {\"Release\": \"22.ga.el6\", \"Version\": \"10.0.40\", \"Arch\": \"noarch\", \"Name\": \"gts-ise-release-acceptance-environment\"}}], \"MsgType\": \"core_release_msg\", \"RepoName\": \"CMQA\", \"SchemaVersion\": \"1.0.0\"}',NULL,NULL,NULL,NULL,NULL,NULL,NULL,NULL,NULL,NULL,NULL,NULL,NULL,NULL,NULL,NULL,NULL),
 (7,'Core','010.000.080',0,'010.000.070',NULL,'{\"GlobalPackages\": [{\"Package\": {\"Release\": \"2.0.10-9000950.11.ga.el6.vendor.6.2.0\", \"Version\": \"6.2.0\", \"Arch\": \"noarch\", \"Name\": \"gts-3pp-jboss-eap-6.2.0\"}}, {\"Package\": {\"Release\": \"10000010.21.ga.el6\", \"Version\": \"1.4.95\", \"Arch\": \"noarch\", \"Name\": \"gts-env-mgr-tools\"}}], \"RelTag\": \"010.000.080\", \"ParentBaseline\": \"010.000.070\", \"DBConv\": \"false\", \"GTSPackages\": [{\"Package\": {\"Release\": \"22.ga.el6\", \"Version\": \"10.0.40\", \"Arch\": \"noarch\", \"Name\": \"gts-ise-release-acceptance-environment\"}}], \"MsgType\": \"core_release_msg\", \"RepoName\": \"CMQA\", \"SchemaVersion\": \"1.0.0\"}',NULL,NULL,NULL,NULL,NULL,NULL,NULL,NULL,NULL,NULL,NULL,NULL,NULL,NULL,NULL,NULL,NULL),
 (8,'Core','010.001.000',1,'010.000.090',NULL,'{\"GlobalPackages\": [{\"Package\": {\"Release\": \"9000950.11.ga.el6.vendor.6.2.0\", \"Epoch\": \"(none)\", \"Version\": \"2.0.10\", \"Arch\": \"noarch\", \"Name\": \"gts-3pp-jboss-eap-6.2.0\"}}, {\"Package\": {\"Release\": \"10001000.54.ga.el6\", \"Epoch\": \"(none)\", \"Version\": \"1.4.102\", \"Arch\": \"noarch\", \"Name\": \"gts-env-mgr-tools\"}}, {\"Package\": {\"Release\": \"10001000.4.ga.el6\", \"Epoch\": \"(none)\", \"Version\": \"0.1.130\", \"Arch\": \"x86_64\", \"Name\": \"gts-ise-requirements-acceptance\"}}, {\"Package\": {\"Release\": \"9000950.2.ga.el6\", \"Epoch\": \"(none)\", \"Version\": \"0.1.0\", \"Arch\": \"x86_64\", \"Name\": \"gts-ise-system-config\"}}, {\"Package\": {\"Release\": \"9000950.2.ga.el6\", \"Epoch\": \"(none)\", \"Version\": \"1.2.0\", \"Arch\": \"noarch\", \"Name\": \"gts-system-accounts\"}}, {\"Package\": {\"Release\": \"9000950.2.ga.el6\", \"Epoch\": \"(none)\", \"Version\": \"1.3.0\", \"Arch\": \"noarch\", \"Name\": \"gts-system-config\"}}, {\"Package\": {\"Release\": \"9000950.2.ga.el6\", \"Epoch\": \"(none)\", \"Version\": \"1.11.10\", \"Arch\": \"x86_64\", \"Name\": \"gts-yum-deployer\"}}], \"RelTag\": \"010.001.000\", \"ParentBaseline\": \"010.000.040\", \"DBConv\": \"true\", \"GTSPackages\": [{\"Package\": {\"Release\": \"150.ga.el6\", \"Epoch\": \"(none)\", \"Version\": \"10.1.0\", \"Arch\": \"x86_64\", \"Name\": \"gts-ise-release-acceptance-environment\"}}], \"MsgType\": \"core_release_msg\", \"RepoName\": \"CMQA\", \"SchemaVersion\": \"1.0.0\"}',NULL,NULL,NULL,NULL,NULL,NULL,NULL,NULL,NULL,NULL,NULL,NULL,NULL,NULL,NULL,NULL,NULL),
 (9,'Core','010.000.020',0,'010.000.010',NULL,'{\"GlobalPackages\": [{\"Package\": {\"Release\": \"2.0.10-9000950.11.ga.el6.vendor.6.2.0\", \"Version\": \"6.2.0\", \"Arch\": \"noarch\", \"Name\": \"gts-3pp-jboss-eap-6.2.0\"}}, {\"Package\": {\"Release\": \"10000010.21.ga.el6\", \"Version\": \"1.4.95\", \"Arch\": \"noarch\", \"Name\": \"gts-env-mgr-tools\"}}], \"RelTag\": \"010.000.020\", \"ParentBaseline\": \"010.000.020\", \"DBConv\": \"false\", \"GTSPackages\": [{\"Package\": {\"Release\": \"22.ga.el6\", \"Version\": \"10.0.40\", \"Arch\": \"noarch\", \"Name\": \"gts-ise-release-acceptance-environment\"}}], \"MsgType\": \"core_release_msg\", \"RepoName\": \"CMQA\", \"SchemaVersion\": \"1.0.0\"}',NULL,NULL,NULL,NULL,NULL,NULL,NULL,NULL,NULL,NULL,NULL,NULL,NULL,NULL,NULL,NULL,NULL),
 (10,'Core','010.000.090',0,'010.000.080',NULL,'{\"GlobalPackages\": [{\"Package\": {\"Release\": \"9000950.11.ga.el6.vendor.6.2.0\", \"Epoch\": \"(none)\", \"Version\": \"2.0.10\", \"Arch\": \"noarch\", \"Name\": \"gts-3pp-jboss-eap-6.2.0\"}}, {\"Package\": {\"Release\": \"10000010.21.ga.el6\", \"Epoch\": \"(none)\", \"Version\": \"1.4.95\", \"Arch\": \"noarch\", \"Name\": \"gts-env-mgr-tools\"}}, {\"Package\": {\"Release\": \"10000000.299.ga.el6\", \"Epoch\": \"(none)\", \"Version\": \"0.1.130\", \"Arch\": \"x86_64\", \"Name\": \"gts-ise-requirements-acceptance\"}}, {\"Package\": {\"Release\": \"9000950.2.ga.el6\", \"Epoch\": \"(none)\", \"Version\": \"0.1.0\", \"Arch\": \"x86_64\", \"Name\": \"gts-ise-system-config\"}}, {\"Package\": {\"Release\": \"9000950.2.ga.el6\", \"Epoch\": \"(none)\", \"Version\": \"1.2.0\", \"Arch\": \"noarch\", \"Name\": \"gts-system-accounts\"}}, {\"Package\": {\"Release\": \"9000950.2.ga.el6\", \"Epoch\": \"(none)\", \"Version\": \"1.3.0\", \"Arch\": \"noarch\", \"Name\": \"gts-system-config\"}}, {\"Package\": {\"Release\": \"9000950.2.ga.el6\", \"Epoch\": \"(none)\", \"Version\": \"1.11.10\", \"Arch\": \"x86_64\", \"Name\": \"gts-yum-deployer\"}}], \"RelTag\": \"010.000.090\", \"ParentBaseline\": \"010.000.080\", \"DBConv\": \"false\", \"GTSPackages\": [{\"Package\": {\"Release\": \"20.ga.el6\", \"Epoch\": \"(none)\", \"Version\": \"10.0.90\", \"Arch\": \"x86_64\", \"Name\": \"gts-ise-release-acceptance-environment\"}}], \"MsgType\": \"core_release_msg\", \"RepoName\": \"CMQA\", \"SchemaVersion\": \"1.0.0\"}',NULL,NULL,NULL,NULL,NULL,NULL,NULL,NULL,NULL,NULL,NULL,NULL,NULL,NULL,NULL,NULL,NULL),
 (11,'Core','010.001.020',1,'010.001.010',NULL,'{\"GlobalPackages\": [{\"Package\": {\"Release\": \"9000950.11.ga.el6.vendor.6.2.0\", \"Epoch\": \"(none)\", \"Version\": \"2.0.10\", \"Arch\": \"noarch\", \"Name\": \"gts-3pp-jboss-eap-6.2.0\"}}, {\"Package\": {\"Release\": \"10001000.54.ga.el6\", \"Epoch\": \"(none)\", \"Version\": \"1.4.102\", \"Arch\": \"noarch\", \"Name\": \"gts-env-mgr-tools\"}}, {\"Package\": {\"Release\": \"10001000.4.ga.el6\", \"Epoch\": \"(none)\", \"Version\": \"0.1.130\", \"Arch\": \"x86_64\", \"Name\": \"gts-ise-requirements-acceptance\"}}, {\"Package\": {\"Release\": \"9000950.2.ga.el6\", \"Epoch\": \"(none)\", \"Version\": \"0.1.0\", \"Arch\": \"x86_64\", \"Name\": \"gts-ise-system-config\"}}, {\"Package\": {\"Release\": \"9000950.2.ga.el6\", \"Epoch\": \"(none)\", \"Version\": \"1.2.0\", \"Arch\": \"noarch\", \"Name\": \"gts-system-accounts\"}}, {\"Package\": {\"Release\": \"9000950.2.ga.el6\", \"Epoch\": \"(none)\", \"Version\": \"1.3.0\", \"Arch\": \"noarch\", \"Name\": \"gts-system-config\"}}, {\"Package\": {\"Release\": \"9000950.2.ga.el6\", \"Epoch\": \"(none)\", \"Version\": \"1.11.10\", \"Arch\": \"x86_64\", \"Name\": \"gts-yum-deployer\"}}], \"RelTag\": \"010.001.020\", \"ParentBaseline\": \"010.001.010\", \"VPool\": \"6X\", \"DBConv\": \"true\", \"GTSPackages\": [{\"Package\": {\"Release\": \"18.ga.el6\", \"Epoch\": \"(none)\", \"Version\": \"10.1.20\", \"Arch\": \"x86_64\", \"Name\": \"gts-ise-release-acceptance-environment\"}}], \"MsgType\": \"core_release_msg\", \"RepoName\": \"CMQA\", \"SchemaVersion\": \"1.0.0\"}',NULL,NULL,NULL,NULL,NULL,NULL,NULL,NULL,NULL,NULL,NULL,NULL,NULL,NULL,NULL,NULL,NULL),
 (12,'Core','010.001.030',0,'010.001.020',NULL,'{\"GlobalPackages\": [{\"Package\": {\"Release\": \"9000950.11.ga.el6.vendor.6.2.0\", \"Epoch\": \"(none)\", \"Version\": \"2.0.10\", \"Arch\": \"noarch\", \"Name\": \"gts-3pp-jboss-eap-6.2.0\"}}, {\"Package\": {\"Release\": \"10001000.54.ga.el6\", \"Epoch\": \"(none)\", \"Version\": \"1.4.102\", \"Arch\": \"noarch\", \"Name\": \"gts-env-mgr-tools\"}}, {\"Package\": {\"Release\": \"10001000.4.ga.el6\", \"Epoch\": \"(none)\", \"Version\": \"0.1.130\", \"Arch\": \"x86_64\", \"Name\": \"gts-ise-requirements-acceptance\"}}, {\"Package\": {\"Release\": \"9000950.2.ga.el6\", \"Epoch\": \"(none)\", \"Version\": \"0.1.0\", \"Arch\": \"x86_64\", \"Name\": \"gts-ise-system-config\"}}, {\"Package\": {\"Release\": \"9000950.2.ga.el6\", \"Epoch\": \"(none)\", \"Version\": \"1.2.0\", \"Arch\": \"noarch\", \"Name\": \"gts-system-accounts\"}}, {\"Package\": {\"Release\": \"9000950.2.ga.el6\", \"Epoch\": \"(none)\", \"Version\": \"1.3.0\", \"Arch\": \"noarch\", \"Name\": \"gts-system-config\"}}, {\"Package\": {\"Release\": \"9000950.2.ga.el6\", \"Epoch\": \"(none)\", \"Version\": \"1.11.10\", \"Arch\": \"x86_64\", \"Name\": \"gts-yum-deployer\"}}], \"RelTag\": \"010.001.030\", \"ParentBaseline\": \"010.001.020\", \"VPool\": \"6X\", \"DBConv\": \"false\", \"GTSPackages\": [{\"Package\": {\"Release\": \"14.ga.el6\", \"Epoch\": \"(none)\", \"Version\": \"10.1.30\", \"Arch\": \"x86_64\", \"Name\": \"gts-ise-release-acceptance-environment\"}}], \"MsgType\": \"core_release_msg\", \"RepoName\": \"CMQA\", \"SchemaVersion\": \"1.0.0\"}',NULL,NULL,NULL,NULL,NULL,NULL,NULL,NULL,NULL,NULL,NULL,NULL,NULL,NULL,NULL,NULL,NULL),
 (36,'Core','010.001.010',1,'010.001.000',NULL,'',NULL,NULL,NULL,NULL,NULL,NULL,NULL,NULL,NULL,NULL,NULL,NULL,NULL,NULL,NULL,NULL,NULL),
 (37,'Core','010.001.040',0,'010.001.030',NULL,'{\"GlobalPackages\": [{\"Package\": {\"Release\": \"9000950.11.ga.el6.vendor.6.2.0\", \"Epoch\": \"(none)\", \"Version\": \"2.0.10\", \"Arch\": \"noarch\", \"Name\": \"gts-3pp-jboss-eap-6.2.0\"}}, {\"Package\": {\"Release\": \"10001000.54.ga.el6\", \"Epoch\": \"(none)\", \"Version\": \"1.4.102\", \"Arch\": \"noarch\", \"Name\": \"gts-env-mgr-tools\"}}, {\"Package\": {\"Release\": \"10001000.4.ga.el6\", \"Epoch\": \"(none)\", \"Version\": \"0.1.130\", \"Arch\": \"x86_64\", \"Name\": \"gts-ise-requirements-acceptance\"}}, {\"Package\": {\"Release\": \"9000950.2.ga.el6\", \"Epoch\": \"(none)\", \"Version\": \"0.1.0\", \"Arch\": \"x86_64\", \"Name\": \"gts-ise-system-config\"}}, {\"Package\": {\"Release\": \"9000950.2.ga.el6\", \"Epoch\": \"(none)\", \"Version\": \"1.2.0\", \"Arch\": \"noarch\", \"Name\": \"gts-system-accounts\"}}, {\"Package\": {\"Release\": \"9000950.2.ga.el6\", \"Epoch\": \"(none)\", \"Version\": \"1.3.0\", \"Arch\": \"noarch\", \"Name\": \"gts-system-config\"}}, {\"Package\": {\"Release\": \"9000950.2.ga.el6\", \"Epoch\": \"(none)\", \"Version\": \"1.11.10\", \"Arch\": \"x86_64\", \"Name\": \"gts-yum-deployer\"}}], \"RelTag\": \"010.001.040\", \"ParentBaseline\": \"010.001.030\", \"VPool\": \"6X\", \"DBConv\": \"false\", \"GTSPackages\": [{\"Package\": {\"Release\": \"15.ga.el6\", \"Epoch\": \"(none)\", \"Version\": \"10.1.40\", \"Arch\": \"x86_64\", \"Name\": \"gts-ise-release-acceptance-environment\"}}], \"MsgType\": \"core_release_msg\", \"RepoName\": \"CMQA\", \"SchemaVersion\": \"1.0.0\"}',NULL,NULL,NULL,NULL,NULL,NULL,NULL,NULL,NULL,NULL,NULL,NULL,NULL,NULL,NULL,NULL,NULL),
 (58,'Core','010.001.050',0,'010.001.040',NULL,'{\"GlobalPackages\": [{\"Package\": {\"Release\": \"9000950.11.ga.el6.vendor.6.2.0\", \"Epoch\": \"(none)\", \"Version\": \"2.0.10\", \"Arch\": \"noarch\", \"Name\": \"gts-3pp-jboss-eap-6.2.0\"}}, {\"Package\": {\"Release\": \"10001000.54.ga.el6\", \"Epoch\": \"(none)\", \"Version\": \"1.4.102\", \"Arch\": \"noarch\", \"Name\": \"gts-env-mgr-tools\"}}, {\"Package\": {\"Release\": \"10001000.4.ga.el6\", \"Epoch\": \"(none)\", \"Version\": \"0.1.130\", \"Arch\": \"x86_64\", \"Name\": \"gts-ise-requirements-acceptance\"}}, {\"Package\": {\"Release\": \"9000950.2.ga.el6\", \"Epoch\": \"(none)\", \"Version\": \"0.1.0\", \"Arch\": \"x86_64\", \"Name\": \"gts-ise-system-config\"}}, {\"Package\": {\"Release\": \"9000950.2.ga.el6\", \"Epoch\": \"(none)\", \"Version\": \"1.2.0\", \"Arch\": \"noarch\", \"Name\": \"gts-system-accounts\"}}, {\"Package\": {\"Release\": \"9000950.2.ga.el6\", \"Epoch\": \"(none)\", \"Version\": \"1.3.0\", \"Arch\": \"noarch\", \"Name\": \"gts-system-config\"}}, {\"Package\": {\"Release\": \"9000950.2.ga.el6\", \"Epoch\": \"(none)\", \"Version\": \"1.11.10\", \"Arch\": \"x86_64\", \"Name\": \"gts-yum-deployer\"}}], \"RelTag\": \"010.001.050\", \"ParentBaseline\": \"010.001.040\", \"VPool\": \"6X\", \"DBConv\": \"false\", \"GTSPackages\": [{\"Package\": {\"Release\": \"14.ga.el6\", \"Epoch\": \"(none)\", \"Version\": \"10.1.50\", \"Arch\": \"x86_64\", \"Name\": \"gts-ise-release-acceptance-environment\"}}], \"MsgType\": \"core_release_msg\", \"RepoName\": \"CMQA\", \"SchemaVersion\": \"1.0.0\"}',NULL,NULL,NULL,NULL,NULL,NULL,NULL,NULL,NULL,NULL,NULL,NULL,NULL,NULL,NULL,NULL,NULL),
 (59,'Core','010.000.095',0,'010.000.090',NULL,'{\"GlobalPackages\": [{\"Package\": {\"Release\": \"9000950.11.ga.el6.vendor.6.2.0\", \"Epoch\": \"(none)\", \"Version\": \"2.0.10\", \"Arch\": \"noarch\", \"Name\": \"gts-3pp-jboss-eap-6.2.0\"}}, {\"Package\": {\"Release\": \"10000010.21.ga.el6\", \"Epoch\": \"(none)\", \"Version\": \"1.4.95\", \"Arch\": \"noarch\", \"Name\": \"gts-env-mgr-tools\"}}, {\"Package\": {\"Release\": \"10000000.299.ga.el6\", \"Epoch\": \"(none)\", \"Version\": \"0.1.130\", \"Arch\": \"x86_64\", \"Name\": \"gts-ise-requirements-acceptance\"}}, {\"Package\": {\"Release\": \"9000950.2.ga.el6\", \"Epoch\": \"(none)\", \"Version\": \"0.1.0\", \"Arch\": \"x86_64\", \"Name\": \"gts-ise-system-config\"}}, {\"Package\": {\"Release\": \"9000950.2.ga.el6\", \"Epoch\": \"(none)\", \"Version\": \"1.2.0\", \"Arch\": \"noarch\", \"Name\": \"gts-system-accounts\"}}, {\"Package\": {\"Release\": \"9000950.2.ga.el6\", \"Epoch\": \"(none)\", \"Version\": \"1.3.0\", \"Arch\": \"noarch\", \"Name\": \"gts-system-config\"}}, {\"Package\": {\"Release\": \"9000950.2.ga.el6\", \"Epoch\": \"(none)\", \"Version\": \"1.11.10\", \"Arch\": \"x86_64\", \"Name\": \"gts-yum-deployer\"}}], \"RelTag\": \"010.000.095\", \"ParentBaseline\": \"010.000.090\", \"VPool\": \"4X\", \"DBConv\": \"false\", \"GTSPackages\": [{\"Package\": {\"Release\": \"20.ga.el6\", \"Epoch\": \"(none)\", \"Version\": \"10.0.95\", \"Arch\": \"x86_64\", \"Name\": \"gts-ise-release-acceptance-environment\"}}], \"MsgType\": \"core_release_msg\", \"RepoName\": \"CMQA\", \"SchemaVersion\": \"1.0.0\"}',NULL,NULL,NULL,NULL,NULL,NULL,NULL,NULL,NULL,NULL,NULL,NULL,NULL,NULL,NULL,NULL,NULL),
 (60,'Core','010.001.060',0,'010.001.050',NULL,'{\"GlobalPackages\": [{\"Package\": {\"Release\": \"9000950.11.ga.el6.vendor.6.2.0\", \"Epoch\": \"(none)\", \"Version\": \"2.0.10\", \"Arch\": \"noarch\", \"Name\": \"gts-3pp-jboss-eap-6.2.0\"}}, {\"Package\": {\"Release\": \"10001000.54.ga.el6\", \"Epoch\": \"(none)\", \"Version\": \"1.4.102\", \"Arch\": \"noarch\", \"Name\": \"gts-env-mgr-tools\"}}, {\"Package\": {\"Release\": \"10001000.4.ga.el6\", \"Epoch\": \"(none)\", \"Version\": \"0.1.130\", \"Arch\": \"x86_64\", \"Name\": \"gts-ise-requirements-acceptance\"}}, {\"Package\": {\"Release\": \"9000950.2.ga.el6\", \"Epoch\": \"(none)\", \"Version\": \"0.1.0\", \"Arch\": \"x86_64\", \"Name\": \"gts-ise-system-config\"}}, {\"Package\": {\"Release\": \"9000950.2.ga.el6\", \"Epoch\": \"(none)\", \"Version\": \"1.2.0\", \"Arch\": \"noarch\", \"Name\": \"gts-system-accounts\"}}, {\"Package\": {\"Release\": \"9000950.2.ga.el6\", \"Epoch\": \"(none)\", \"Version\": \"1.3.0\", \"Arch\": \"noarch\", \"Name\": \"gts-system-config\"}}, {\"Package\": {\"Release\": \"9000950.2.ga.el6\", \"Epoch\": \"(none)\", \"Version\": \"1.11.10\", \"Arch\": \"x86_64\", \"Name\": \"gts-yum-deployer\"}}], \"RelTag\": \"010.001.060\", \"ParentBaseline\": \"\", \"VPool\": \"6X\", \"DBConv\": \"false\", \"GTSPackages\": [{\"Package\": {\"Release\": \"14.ga.el6\", \"Epoch\": \"(none)\", \"Version\": \"10.1.60\", \"Arch\": \"x86_64\", \"Name\": \"gts-ise-release-acceptance-environment\"}}], \"MsgType\": \"core_release_msg\", \"RepoName\": \"CMQA\", \"SchemaVersion\": \"1.0.0\"}',NULL,NULL,NULL,NULL,NULL,NULL,NULL,NULL,NULL,NULL,NULL,NULL,NULL,NULL,NULL,NULL,NULL),
 (63,'git','production',0,'NULL',NULL,'NULL',NULL,NULL,NULL,NULL,NULL,NULL,NULL,NULL,NULL,NULL,NULL,NULL,NULL,NULL,NULL,NULL,NULL),
 (66,'Core','010.001.500',1,'010.001.060',NULL,'{\"GlobalPackages\": [{\"Package\": {\"Release\": \"9000950.11.ga.el6.vendor.6.2.0\", \"Epoch\": \"(none)\", \"Version\": \"2.0.10\", \"Arch\": \"noarch\", \"Name\": \"gts-3pp-jboss-eap-6.2.0\"}}, {\"Package\": {\"Release\": \"10001000.54.ga.el6\", \"Epoch\": \"(none)\", \"Version\": \"1.4.102\", \"Arch\": \"noarch\", \"Name\": \"gts-env-mgr-tools\"}}, {\"Package\": {\"Release\": \"10001000.4.ga.el6\", \"Epoch\": \"(none)\", \"Version\": \"0.1.130\", \"Arch\": \"x86_64\", \"Name\": \"gts-ise-requirements-acceptance\"}}, {\"Package\": {\"Release\": \"9000950.2.ga.el6\", \"Epoch\": \"(none)\", \"Version\": \"0.1.0\", \"Arch\": \"x86_64\", \"Name\": \"gts-ise-system-config\"}}, {\"Package\": {\"Release\": \"9000950.2.ga.el6\", \"Epoch\": \"(none)\", \"Version\": \"1.2.0\", \"Arch\": \"noarch\", \"Name\": \"gts-system-accounts\"}}, {\"Package\": {\"Release\": \"9000950.2.ga.el6\", \"Epoch\": \"(none)\", \"Version\": \"1.3.0\", \"Arch\": \"noarch\", \"Name\": \"gts-system-config\"}}, {\"Package\": {\"Release\": \"9000950.2.ga.el6\", \"Epoch\": \"(none)\", \"Version\": \"1.11.10\", \"Arch\": \"x86_64\", \"Name\": \"gts-yum-deployer\"}}], \"RelTag\": \"010.001.500\", \"ParentBaseline\": \"010.001.030\", \"VPool\": \"4X\", \"DBConv\": \"true\", \"GTSPackages\": [{\"Package\": {\"Release\": \"27.ga.el6\", \"Epoch\": \"(none)\", \"Version\": \"10.1.500\", \"Arch\": \"x86_64\", \"Name\": \"gts-ise-release-acceptance-environment\"}}], \"MsgType\": \"core_release_msg\", \"RepoName\": \"CMQA\", \"SchemaVersion\": \"1.0.0\"}',NULL,NULL,NULL,NULL,NULL,NULL,NULL,NULL,NULL,NULL,NULL,NULL,NULL,NULL,NULL,NULL,NULL),
 (67,'git','dsapienza_gts_10_1_500_yaml',0,'NULL',NULL,'NULL',NULL,NULL,NULL,NULL,NULL,NULL,NULL,NULL,NULL,NULL,NULL,NULL,NULL,NULL,NULL,NULL,NULL),
 (68,'git','mazad01_hp-health',0,'NULL',NULL,'NULL',NULL,NULL,NULL,NULL,NULL,NULL,NULL,NULL,NULL,NULL,NULL,NULL,NULL,NULL,NULL,NULL,NULL),
 (69,'git','mazad01_hphealth',0,'NULL',NULL,'NULL',NULL,NULL,NULL,NULL,NULL,NULL,NULL,NULL,NULL,NULL,NULL,NULL,NULL,NULL,NULL,NULL,NULL),
 (70,'Core','010.001.510',0,'010.001.500',NULL,'{\"GlobalPackages\": [{\"Package\": {\"Release\": \"9000950.11.ga.el6.vendor.6.2.0\", \"Epoch\": \"(none)\", \"Version\": \"2.0.10\", \"Arch\": \"noarch\", \"Name\": \"gts-3pp-jboss-eap-6.2.0\"}}, {\"Package\": {\"Release\": \"10001000.54.ga.el6\", \"Epoch\": \"(none)\", \"Version\": \"1.4.102\", \"Arch\": \"noarch\", \"Name\": \"gts-env-mgr-tools\"}}, {\"Package\": {\"Release\": \"10001000.4.ga.el6\", \"Epoch\": \"(none)\", \"Version\": \"0.1.130\", \"Arch\": \"x86_64\", \"Name\": \"gts-ise-requirements-acceptance\"}}, {\"Package\": {\"Release\": \"9000950.2.ga.el6\", \"Epoch\": \"(none)\", \"Version\": \"0.1.0\", \"Arch\": \"x86_64\", \"Name\": \"gts-ise-system-config\"}}, {\"Package\": {\"Release\": \"9000950.2.ga.el6\", \"Epoch\": \"(none)\", \"Version\": \"1.2.0\", \"Arch\": \"noarch\", \"Name\": \"gts-system-accounts\"}}, {\"Package\": {\"Release\": \"9000950.2.ga.el6\", \"Epoch\": \"(none)\", \"Version\": \"1.3.0\", \"Arch\": \"noarch\", \"Name\": \"gts-system-config\"}}, {\"Package\": {\"Release\": \"9000950.2.ga.el6\", \"Epoch\": \"(none)\", \"Version\": \"1.11.10\", \"Arch\": \"x86_64\", \"Name\": \"gts-yum-deployer\"}}], \"RelTag\": \"010.001.510\", \"ParentBaseline\": \"010.001.500\", \"VPool\": \"4X\", \"DBConv\": \"false\", \"GTSPackages\": [{\"Package\": {\"Release\": \"14.ga.el6\", \"Epoch\": \"(none)\", \"Version\": \"10.1.510\", \"Arch\": \"x86_64\", \"Name\": \"gts-ise-release-acceptance-environment\"}}], \"MsgType\": \"core_release_msg\", \"RepoName\": \"CMQA\", \"SchemaVersion\": \"1.0.0\"}',NULL,NULL,NULL,NULL,NULL,NULL,NULL,NULL,NULL,NULL,NULL,NULL,NULL,NULL,NULL,NULL,NULL),
 (71,'Core','010.001.999',1,'010.001.030',NULL,'{\"GlobalPackages\": [{\"Package\": {\"Release\": \"9000950.11.ga.el6.vendor.6.2.0\", \"Epoch\": \"(none)\", \"Version\": \"2.0.10\", \"Arch\": \"noarch\", \"Name\": \"gts-3pp-jboss-eap-6.2.0\"}}, {\"Package\": {\"Release\": \"10001000.54.ga.el6\", \"Epoch\": \"(none)\", \"Version\": \"1.4.102\", \"Arch\": \"noarch\", \"Name\": \"gts-env-mgr-tools\"}}, {\"Package\": {\"Release\": \"10001000.4.ga.el6\", \"Epoch\": \"(none)\", \"Version\": \"0.1.130\", \"Arch\": \"x86_64\", \"Name\": \"gts-ise-requirements-acceptance\"}}, {\"Package\": {\"Release\": \"9000950.2.ga.el6\", \"Epoch\": \"(none)\", \"Version\": \"0.1.0\", \"Arch\": \"x86_64\", \"Name\": \"gts-ise-system-config\"}}, {\"Package\": {\"Release\": \"9000950.2.ga.el6\", \"Epoch\": \"(none)\", \"Version\": \"1.2.0\", \"Arch\": \"noarch\", \"Name\": \"gts-system-accounts\"}}, {\"Package\": {\"Release\": \"9000950.2.ga.el6\", \"Epoch\": \"(none)\", \"Version\": \"1.3.0\", \"Arch\": \"noarch\", \"Name\": \"gts-system-config\"}}, {\"Package\": {\"Release\": \"9000950.2.ga.el6\", \"Epoch\": \"(none)\", \"Version\": \"1.11.10\", \"Arch\": \"x86_64\", \"Name\": \"gts-yum-deployer\"}}], \"RelTag\": \"010.001.999\", \"ParentBaseline\": \"010.001.030\", \"VPool\": \"4X\", \"DBConv\": \"true\", \"GTSPackages\": [{\"Package\": {\"Release\": \"27.ga.el6\", \"Epoch\": \"(none)\", \"Version\": \"10.1.500\", \"Arch\": \"x86_64\", \"Name\": \"gts-ise-release-acceptance-environment\"}}], \"MsgType\": \"core_release_msg\", \"RepoName\": \"CMQA\", \"SchemaVersion\": \"1.0.0\"}',NULL,NULL,NULL,NULL,NULL,NULL,NULL,NULL,NULL,NULL,NULL,NULL,NULL,NULL,NULL,NULL,NULL),
 (72,'Core','010.001.600',1,'010.001.040',NULL,'{\"GlobalPackages\": [{\"Package\": {\"Release\": \"9000950.11.ga.el6.vendor.6.2.0\", \"Epoch\": \"(none)\", \"Version\": \"2.0.10\", \"Arch\": \"noarch\", \"Name\": \"gts-3pp-jboss-eap-6.2.0\"}}, {\"Package\": {\"Release\": \"10001000.54.ga.el6\", \"Epoch\": \"(none)\", \"Version\": \"1.4.102\", \"Arch\": \"noarch\", \"Name\": \"gts-env-mgr-tools\"}}, {\"Package\": {\"Release\": \"10001000.4.ga.el6\", \"Epoch\": \"(none)\", \"Version\": \"0.1.130\", \"Arch\": \"x86_64\", \"Name\": \"gts-ise-requirements-acceptance\"}}, {\"Package\": {\"Release\": \"9000950.2.ga.el6\", \"Epoch\": \"(none)\", \"Version\": \"0.1.0\", \"Arch\": \"x86_64\", \"Name\": \"gts-ise-system-config\"}}, {\"Package\": {\"Release\": \"9000950.2.ga.el6\", \"Epoch\": \"(none)\", \"Version\": \"1.2.0\", \"Arch\": \"noarch\", \"Name\": \"gts-system-accounts\"}}, {\"Package\": {\"Release\": \"9000950.2.ga.el6\", \"Epoch\": \"(none)\", \"Version\": \"1.3.0\", \"Arch\": \"noarch\", \"Name\": \"gts-system-config\"}}, {\"Package\": {\"Release\": \"9000950.2.ga.el6\", \"Epoch\": \"(none)\", \"Version\": \"1.11.10\", \"Arch\": \"x86_64\", \"Name\": \"gts-yum-deployer\"}}], \"RelTag\": \"010.001.600\", \"ParentBaseline\": \"010.001.040\", \"VPool\": \"4X\", \"DBConv\": \"true\", \"GTSPackages\": [{\"Package\": {\"Release\": \"44.ga.el6\", \"Epoch\": \"(none)\", \"Version\": \"10.1.600\", \"Arch\": \"x86_64\", \"Name\": \"gts-ise-release-acceptance-environment\"}}], \"MsgType\": \"core_release_msg\", \"RepoName\": \"CMQA\", \"SchemaVersion\": \"1.0.0\"}',NULL,NULL,NULL,NULL,NULL,NULL,NULL,NULL,NULL,NULL,NULL,NULL,NULL,NULL,NULL,NULL,NULL),
 (73,'Core','010.001.520',1,'010.001.510',NULL,'{\"GlobalPackages\": [{\"Package\": {\"Release\": \"9000950.11.ga.el6.vendor.6.2.0\", \"Epoch\": \"(none)\", \"Version\": \"2.0.10\", \"Arch\": \"noarch\", \"Name\": \"gts-3pp-jboss-eap-6.2.0\"}}, {\"Package\": {\"Release\": \"10001000.54.ga.el6\", \"Epoch\": \"(none)\", \"Version\": \"1.4.102\", \"Arch\": \"noarch\", \"Name\": \"gts-env-mgr-tools\"}}, {\"Package\": {\"Release\": \"10001000.4.ga.el6\", \"Epoch\": \"(none)\", \"Version\": \"0.1.130\", \"Arch\": \"x86_64\", \"Name\": \"gts-ise-requirements-acceptance\"}}, {\"Package\": {\"Release\": \"9000950.2.ga.el6\", \"Epoch\": \"(none)\", \"Version\": \"0.1.0\", \"Arch\": \"x86_64\", \"Name\": \"gts-ise-system-config\"}}, {\"Package\": {\"Release\": \"9000950.2.ga.el6\", \"Epoch\": \"(none)\", \"Version\": \"1.2.0\", \"Arch\": \"noarch\", \"Name\": \"gts-system-accounts\"}}, {\"Package\": {\"Release\": \"9000950.2.ga.el6\", \"Epoch\": \"(none)\", \"Version\": \"1.3.0\", \"Arch\": \"noarch\", \"Name\": \"gts-system-config\"}}, {\"Package\": {\"Release\": \"9000950.2.ga.el6\", \"Epoch\": \"(none)\", \"Version\": \"1.11.10\", \"Arch\": \"x86_64\", \"Name\": \"gts-yum-deployer\"}}], \"RelTag\": \"010.001.520\", \"ParentBaseline\": \"010.001.510\", \"VPool\": \"6X\", \"DBConv\": \"true\", \"GTSPackages\": [{\"Package\": {\"Release\": \"12.ga.el6\", \"Epoch\": \"(none)\", \"Version\": \"10.1.520\", \"Arch\": \"x86_64\", \"Name\": \"gts-ise-release-acceptance-environment\"}}], \"MsgType\": \"core_release_msg\", \"RepoName\": \"CMQA\", \"SchemaVersion\": \"1.0.0\"}',NULL,NULL,NULL,NULL,NULL,NULL,NULL,NULL,NULL,NULL,NULL,NULL,NULL,NULL,NULL,NULL,NULL),
 (74,'Core','010.001.610',0,'010.001.600',NULL,'{\"GlobalPackages\": [{\"Package\": {\"Release\": \"9000950.11.ga.el6.vendor.6.2.0\", \"Epoch\": \"(none)\", \"Version\": \"2.0.10\", \"Arch\": \"noarch\", \"Name\": \"gts-3pp-jboss-eap-6.2.0\"}}, {\"Package\": {\"Release\": \"10001000.54.ga.el6\", \"Epoch\": \"(none)\", \"Version\": \"1.4.102\", \"Arch\": \"noarch\", \"Name\": \"gts-env-mgr-tools\"}}, {\"Package\": {\"Release\": \"10001000.4.ga.el6\", \"Epoch\": \"(none)\", \"Version\": \"0.1.130\", \"Arch\": \"x86_64\", \"Name\": \"gts-ise-requirements-acceptance\"}}, {\"Package\": {\"Release\": \"9000950.2.ga.el6\", \"Epoch\": \"(none)\", \"Version\": \"0.1.0\", \"Arch\": \"x86_64\", \"Name\": \"gts-ise-system-config\"}}, {\"Package\": {\"Release\": \"9000950.2.ga.el6\", \"Epoch\": \"(none)\", \"Version\": \"1.2.0\", \"Arch\": \"noarch\", \"Name\": \"gts-system-accounts\"}}, {\"Package\": {\"Release\": \"9000950.2.ga.el6\", \"Epoch\": \"(none)\", \"Version\": \"1.3.0\", \"Arch\": \"noarch\", \"Name\": \"gts-system-config\"}}, {\"Package\": {\"Release\": \"9000950.2.ga.el6\", \"Epoch\": \"(none)\", \"Version\": \"1.11.10\", \"Arch\": \"x86_64\", \"Name\": \"gts-yum-deployer\"}}], \"RelTag\": \"010.001.610\", \"ParentBaseline\": \"010.001.600\", \"VPool\": \"4X\", \"DBConv\": \"false\", \"GTSPackages\": [{\"Package\": {\"Release\": \"18.ga.el6\", \"Epoch\": \"(none)\", \"Version\": \"10.1.610\", \"Arch\": \"x86_64\", \"Name\": \"gts-ise-release-acceptance-environment\"}}], \"MsgType\": \"core_release_msg\", \"RepoName\": \"CMQA\", \"SchemaVersion\": \"1.0.0\"}',NULL,NULL,NULL,NULL,NULL,NULL,NULL,NULL,NULL,NULL,NULL,NULL,NULL,NULL,NULL,NULL,NULL),
 (75,'Core','010.001.620',1,'010.001.610',NULL,'{\"GlobalPackages\": [{\"Package\": {\"Release\": \"9000950.11.ga.el6.vendor.6.2.0\", \"Epoch\": \"(none)\", \"Version\": \"2.0.10\", \"Arch\": \"noarch\", \"Name\": \"gts-3pp-jboss-eap-6.2.0\"}}, {\"Package\": {\"Release\": \"10001000.54.ga.el6\", \"Epoch\": \"(none)\", \"Version\": \"1.4.102\", \"Arch\": \"noarch\", \"Name\": \"gts-env-mgr-tools\"}}, {\"Package\": {\"Release\": \"10001000.4.ga.el6\", \"Epoch\": \"(none)\", \"Version\": \"0.1.130\", \"Arch\": \"x86_64\", \"Name\": \"gts-ise-requirements-acceptance\"}}, {\"Package\": {\"Release\": \"9000950.2.ga.el6\", \"Epoch\": \"(none)\", \"Version\": \"0.1.0\", \"Arch\": \"x86_64\", \"Name\": \"gts-ise-system-config\"}}, {\"Package\": {\"Release\": \"9000950.2.ga.el6\", \"Epoch\": \"(none)\", \"Version\": \"1.2.0\", \"Arch\": \"noarch\", \"Name\": \"gts-system-accounts\"}}, {\"Package\": {\"Release\": \"9000950.2.ga.el6\", \"Epoch\": \"(none)\", \"Version\": \"1.3.0\", \"Arch\": \"noarch\", \"Name\": \"gts-system-config\"}}, {\"Package\": {\"Release\": \"9000950.2.ga.el6\", \"Epoch\": \"(none)\", \"Version\": \"1.11.10\", \"Arch\": \"x86_64\", \"Name\": \"gts-yum-deployer\"}}], \"RelTag\": \"010.001.620\", \"ParentBaseline\": \"010.001.610\", \"VPool\": \"4X\", \"DBConv\": \"true\", \"GTSPackages\": [{\"Package\": {\"Release\": \"19.ga.el6\", \"Epoch\": \"(none)\", \"Version\": \"10.1.620\", \"Arch\": \"x86_64\", \"Name\": \"gts-ise-release-acceptance-environment\"}}], \"MsgType\": \"core_release_msg\", \"RepoName\": \"CMQA\", \"SchemaVersion\": \"1.0.0\"}',NULL,NULL,NULL,NULL,NULL,NULL,NULL,NULL,NULL,NULL,NULL,NULL,NULL,NULL,NULL,NULL,NULL),
 (76,'Core','010.001.630',1,'010.001.620',NULL,'{\"GlobalPackages\": [{\"Package\": {\"Release\": \"9000950.11.ga.el6.vendor.6.2.0\", \"Epoch\": \"(none)\", \"Version\": \"2.0.10\", \"Arch\": \"noarch\", \"Name\": \"gts-3pp-jboss-eap-6.2.0\"}}, {\"Package\": {\"Release\": \"10001000.54.ga.el6\", \"Epoch\": \"(none)\", \"Version\": \"1.4.102\", \"Arch\": \"noarch\", \"Name\": \"gts-env-mgr-tools\"}}, {\"Package\": {\"Release\": \"10001000.4.ga.el6\", \"Epoch\": \"(none)\", \"Version\": \"0.1.130\", \"Arch\": \"x86_64\", \"Name\": \"gts-ise-requirements-acceptance\"}}, {\"Package\": {\"Release\": \"9000950.2.ga.el6\", \"Epoch\": \"(none)\", \"Version\": \"0.1.0\", \"Arch\": \"x86_64\", \"Name\": \"gts-ise-system-config\"}}, {\"Package\": {\"Release\": \"9000950.2.ga.el6\", \"Epoch\": \"(none)\", \"Version\": \"1.2.0\", \"Arch\": \"noarch\", \"Name\": \"gts-system-accounts\"}}, {\"Package\": {\"Release\": \"9000950.2.ga.el6\", \"Epoch\": \"(none)\", \"Version\": \"1.3.0\", \"Arch\": \"noarch\", \"Name\": \"gts-system-config\"}}, {\"Package\": {\"Release\": \"9000950.2.ga.el6\", \"Epoch\": \"(none)\", \"Version\": \"1.11.10\", \"Arch\": \"x86_64\", \"Name\": \"gts-yum-deployer\"}}], \"RelTag\": \"010.001.630\", \"ParentBaseline\": \"010.001.620\", \"VPool\": \"4X\", \"DBConv\": \"true\", \"GTSPackages\": [{\"Package\": {\"Release\": \"18.ga.el6\", \"Epoch\": \"(none)\", \"Version\": \"10.1.630\", \"Arch\": \"x86_64\", \"Name\": \"gts-ise-release-acceptance-environment\"}}], \"MsgType\": \"core_release_msg\", \"RepoName\": \"CMQA\", \"SchemaVersion\": \"1.0.0\"}',NULL,NULL,NULL,NULL,NULL,NULL,NULL,NULL,NULL,NULL,NULL,NULL,NULL,NULL,NULL,NULL,NULL),
 (77,'Core','010.001.700',0,'010.001.600',NULL,'{\"GlobalPackages\": [{\"Package\": {\"Release\": \"9000950.11.ga.el6.vendor.6.2.0\", \"Epoch\": \"(none)\", \"Version\": \"2.0.10\", \"Arch\": \"noarch\", \"Name\": \"gts-3pp-jboss-eap-6.2.0\"}}, {\"Package\": {\"Release\": \"10001000.54.ga.el6\", \"Epoch\": \"(none)\", \"Version\": \"1.4.102\", \"Arch\": \"noarch\", \"Name\": \"gts-env-mgr-tools\"}}, {\"Package\": {\"Release\": \"10001000.4.ga.el6\", \"Epoch\": \"(none)\", \"Version\": \"0.1.130\", \"Arch\": \"x86_64\", \"Name\": \"gts-ise-requirements-acceptance\"}}, {\"Package\": {\"Release\": \"9000950.2.ga.el6\", \"Epoch\": \"(none)\", \"Version\": \"0.1.0\", \"Arch\": \"x86_64\", \"Name\": \"gts-ise-system-config\"}}, {\"Package\": {\"Release\": \"9000950.2.ga.el6\", \"Epoch\": \"(none)\", \"Version\": \"1.2.0\", \"Arch\": \"noarch\", \"Name\": \"gts-system-accounts\"}}, {\"Package\": {\"Release\": \"9000950.2.ga.el6\", \"Epoch\": \"(none)\", \"Version\": \"1.3.0\", \"Arch\": \"noarch\", \"Name\": \"gts-system-config\"}}, {\"Package\": {\"Release\": \"9000950.2.ga.el6\", \"Epoch\": \"(none)\", \"Version\": \"1.11.10\", \"Arch\": \"x86_64\", \"Name\": \"gts-yum-deployer\"}}], \"RelTag\": \"010.001.700\", \"ParentBaseline\": \"010.001.600\", \"VPool\": \"4X\", \"DBConv\": \"false\", \"GTSPackages\": [{\"Package\": {\"Release\": \"37.ga.el6\", \"Epoch\": \"(none)\", \"Version\": \"10.1.700\", \"Arch\": \"x86_64\", \"Name\": \"gts-ise-release-acceptance-environment\"}}], \"MsgType\": \"core_release_msg\", \"RepoName\": \"INT\", \"SchemaVersion\": \"1.0.0\"}',NULL,NULL,NULL,NULL,NULL,NULL,NULL,NULL,NULL,NULL,NULL,NULL,NULL,NULL,NULL,NULL,NULL);
/*!40000 ALTER TABLE `release_registration` ENABLE KEYS */;


--
-- Definition of table `sit_func_reg_info`
--

DROP TABLE IF EXISTS `sit_func_reg_info`;
CREATE TABLE `sit_func_reg_info` (
  `id` int(11) NOT NULL AUTO_INCREMENT,
  `release_id` int(11) NOT NULL,
  `VPOOL` varchar(5) NOT NULL,
  `SIMULATION` varchar(11) NOT NULL,
  `TECH_CYCLE` varchar(11) NOT NULL,
  `UPLIBRARY` varchar(11) NOT NULL,
  `UPWS` varchar(11) NOT NULL,
  PRIMARY KEY (`id`)
) ENGINE=MyISAM AUTO_INCREMENT=17 DEFAULT CHARSET=latin1;

--
-- Dumping data for table `sit_func_reg_info`
--

/*!40000 ALTER TABLE `sit_func_reg_info` DISABLE KEYS */;
INSERT INTO `sit_func_reg_info` (`id`,`release_id`,`VPOOL`,`SIMULATION`,`TECH_CYCLE`,`UPLIBRARY`,`UPWS`) VALUES 
 (1,11,'6X','false','true','true','true'),
 (2,12,'6X','true','false','true','true'),
 (3,37,'6X','true','false','true','true'),
 (4,58,'6X','false','true','true','true'),
 (5,59,'4X','false','true','true','true'),
 (6,60,'6X','false','true','true','true'),
 (7,61,'6X','false','true','true','true'),
 (8,66,'4X','false','true','true','true'),
 (9,70,'4X','false','true','true','true'),
 (10,71,'4X','false','true','true','true'),
 (11,72,'4X','false','true','true','true'),
 (12,73,'6X','false','true','true','true'),
 (13,74,'4X','false','true','true','true'),
 (14,75,'4X','false','false','true','true'),
 (15,76,'4X','false','true','true','true'),
 (16,77,'4X','false','true','true','true');
/*!40000 ALTER TABLE `sit_func_reg_info` ENABLE KEYS */;


--
-- Definition of table `task_queue`
--

DROP TABLE IF EXISTS `task_queue`;
CREATE TABLE `task_queue` (
  `task_id` int(11) NOT NULL AUTO_INCREMENT,
  `trigger_id` int(11) DEFAULT NULL,
  `priority` varchar(10) DEFAULT NULL,
  `release_id` int(11) NOT NULL,
  `app` varchar(144) DEFAULT NULL,
  `template_id` int(11) NOT NULL,
  `template_instance_id` int(11) DEFAULT NULL COMMENT 'When larva picks up a task, we should know which larva is it',
  `deploy` int(11) NOT NULL COMMENT '0-Pending, 1-In Progress, 2-Passed, 3-Failed, 4-Skipped',
  `db_conversion` int(11) DEFAULT NULL COMMENT '0-Pending, 1-In Progress, 2-Passed, 3-Failed, 4-Skipped',
  `test` int(11) NOT NULL COMMENT '0-Pending, 1-In Progress, 2-Passed, 3-Failed, 4-Skipped',
  `status` int(11) NOT NULL COMMENT '0-pending, 1-in_progress, 2-suspended',
  `label` varchar(256) DEFAULT NULL,
  `user_id` int(11) DEFAULT NULL,
  `deploy_total_checkpoints` int(11) NOT NULL,
  `deploy_checkpoint_count` int(11) NOT NULL,
  `deploy_stage` varchar(100) NOT NULL,
  `deploy_next_stage` varchar(100) NOT NULL,
  PRIMARY KEY (`task_id`)
) ENGINE=InnoDB AUTO_INCREMENT=1298 DEFAULT CHARSET=latin1;

--
-- Dumping data for table `task_queue`
--

/*!40000 ALTER TABLE `task_queue` DISABLE KEYS */;
INSERT INTO `task_queue` (`task_id`,`trigger_id`,`priority`,`release_id`,`app`,`template_id`,`template_instance_id`,`deploy`,`db_conversion`,`test`,`status`,`label`,`user_id`,`deploy_total_checkpoints`,`deploy_checkpoint_count`,`deploy_stage`,`deploy_next_stage`) VALUES 
 (1297,0,'NULL',73,'NULL',3,3,4,4,1,1,'Create 520 configs for baits',1,0,0,'','');
/*!40000 ALTER TABLE `task_queue` ENABLE KEYS */;


--
-- Definition of table `task_to_test`
--

DROP TABLE IF EXISTS `task_to_test`;
CREATE TABLE `task_to_test` (
  `task_id` int(11) NOT NULL,
  `test_id` int(11) DEFAULT NULL,
  `suite_id` int(11) DEFAULT NULL,
  `group_id` int(11) DEFAULT NULL,
  `release_id` int(11) DEFAULT NULL,
  `template_id` int(11) DEFAULT NULL
) ENGINE=InnoDB DEFAULT CHARSET=latin1;

--
-- Dumping data for table `task_to_test`
--

/*!40000 ALTER TABLE `task_to_test` DISABLE KEYS */;
INSERT INTO `task_to_test` (`task_id`,`test_id`,`suite_id`,`group_id`,`release_id`,`template_id`) VALUES 
 (1,2,NULL,NULL,NULL,NULL),
 (2,2,NULL,1,NULL,NULL),
 (1,248,NULL,NULL,NULL,NULL),
 (2,248,NULL,NULL,NULL,NULL),
 (3,248,NULL,NULL,NULL,NULL),
 (4,248,NULL,NULL,NULL,NULL),
 (5,248,NULL,NULL,NULL,NULL),
 (6,248,NULL,NULL,NULL,NULL),
 (7,245,NULL,NULL,NULL,NULL),
 (8,245,NULL,NULL,NULL,NULL),
 (9,248,NULL,NULL,NULL,NULL),
 (10,2,NULL,NULL,NULL,NULL),
 (11,2,NULL,NULL,NULL,NULL),
 (12,2,NULL,NULL,NULL,NULL),
 (13,2,NULL,NULL,NULL,NULL),
 (14,2,NULL,NULL,NULL,NULL),
 (15,2,NULL,NULL,NULL,NULL),
 (16,2,NULL,NULL,NULL,NULL),
 (17,2,NULL,NULL,NULL,NULL),
 (18,2,NULL,NULL,NULL,NULL),
 (19,2,NULL,NULL,NULL,NULL),
 (20,2,NULL,NULL,NULL,NULL),
 (21,2,NULL,NULL,NULL,NULL),
 (22,2,NULL,NULL,NULL,NULL),
 (23,2,NULL,NULL,NULL,NULL),
 (24,2,NULL,NULL,NULL,NULL),
 (25,2,NULL,NULL,NULL,NULL),
 (26,2,NULL,NULL,NULL,NULL),
 (27,2,NULL,NULL,NULL,NULL),
 (28,2,NULL,NULL,NULL,NULL),
 (29,2,NULL,NULL,NULL,NULL),
 (30,2,NULL,NULL,NULL,NULL),
 (31,2,NULL,NULL,NULL,NULL),
 (34,2,NULL,NULL,NULL,NULL),
 (37,2,NULL,NULL,NULL,NULL),
 (38,2,NULL,NULL,NULL,NULL),
 (41,258,NULL,NULL,NULL,NULL),
 (42,258,NULL,NULL,NULL,NULL),
 (43,258,NULL,NULL,NULL,NULL),
 (44,258,NULL,NULL,NULL,NULL),
 (45,258,NULL,NULL,NULL,NULL),
 (46,258,NULL,NULL,NULL,NULL),
 (47,258,NULL,NULL,NULL,NULL),
 (48,258,NULL,NULL,NULL,NULL),
 (49,258,NULL,NULL,NULL,NULL),
 (50,258,NULL,NULL,NULL,NULL),
 (51,258,NULL,NULL,NULL,NULL),
 (52,258,NULL,NULL,NULL,NULL),
 (53,258,NULL,NULL,NULL,NULL),
 (54,258,NULL,NULL,NULL,NULL),
 (55,258,NULL,NULL,NULL,NULL),
 (56,258,NULL,NULL,NULL,NULL),
 (57,258,NULL,NULL,NULL,NULL),
 (58,258,NULL,NULL,NULL,NULL),
 (59,258,NULL,NULL,NULL,NULL),
 (80,19,NULL,NULL,NULL,NULL),
 (81,258,NULL,NULL,NULL,NULL),
 (82,6,NULL,NULL,NULL,NULL),
 (83,19,NULL,NULL,NULL,NULL),
 (84,258,NULL,NULL,NULL,NULL),
 (85,6,NULL,NULL,NULL,NULL),
 (87,19,NULL,NULL,NULL,NULL),
 (88,258,NULL,NULL,NULL,NULL),
 (89,6,NULL,NULL,NULL,NULL),
 (90,4,NULL,NULL,NULL,NULL),
 (91,19,NULL,NULL,NULL,NULL),
 (92,258,NULL,NULL,NULL,NULL),
 (93,6,NULL,NULL,NULL,NULL),
 (94,4,NULL,NULL,NULL,NULL),
 (95,4,NULL,NULL,NULL,NULL),
 (96,19,NULL,NULL,NULL,NULL),
 (97,4,NULL,NULL,NULL,NULL),
 (98,19,NULL,NULL,NULL,NULL),
 (99,4,NULL,NULL,NULL,NULL),
 (100,4,NULL,NULL,NULL,NULL),
 (101,19,NULL,NULL,NULL,NULL),
 (102,4,NULL,NULL,NULL,NULL),
 (103,4,NULL,NULL,NULL,NULL),
 (104,19,NULL,NULL,NULL,NULL),
 (105,4,NULL,NULL,NULL,NULL),
 (106,4,NULL,NULL,NULL,NULL),
 (107,2,NULL,NULL,NULL,NULL),
 (108,2,NULL,NULL,NULL,NULL),
 (109,2,NULL,NULL,NULL,NULL),
 (110,2,NULL,NULL,NULL,NULL),
 (111,2,NULL,NULL,NULL,NULL),
 (112,2,NULL,NULL,NULL,NULL),
 (113,2,NULL,NULL,NULL,NULL),
 (114,2,NULL,NULL,NULL,NULL),
 (115,2,NULL,NULL,NULL,NULL),
 (116,259,NULL,NULL,NULL,NULL),
 (117,2,NULL,NULL,NULL,NULL),
 (118,2,NULL,NULL,NULL,NULL),
 (119,259,NULL,57,NULL,NULL),
 (120,259,NULL,57,NULL,NULL),
 (121,259,NULL,57,NULL,NULL),
 (122,259,NULL,57,NULL,NULL),
 (123,259,NULL,57,NULL,NULL),
 (124,259,NULL,57,NULL,NULL),
 (125,259,NULL,57,NULL,NULL),
 (126,259,NULL,57,NULL,NULL),
 (127,259,NULL,57,NULL,NULL),
 (128,259,NULL,57,NULL,NULL),
 (129,259,NULL,57,NULL,NULL),
 (130,259,NULL,57,NULL,NULL),
 (131,259,NULL,57,NULL,NULL),
 (132,259,NULL,57,NULL,NULL),
 (133,259,NULL,57,NULL,NULL),
 (134,259,NULL,57,NULL,NULL),
 (135,258,NULL,NULL,NULL,NULL),
 (136,258,NULL,71,NULL,NULL),
 (137,258,NULL,71,NULL,NULL),
 (138,258,NULL,71,NULL,NULL),
 (139,258,NULL,71,NULL,NULL),
 (140,258,NULL,71,NULL,NULL),
 (141,258,NULL,71,NULL,NULL),
 (142,258,NULL,71,NULL,NULL),
 (143,4,NULL,NULL,NULL,NULL),
 (144,2,NULL,NULL,NULL,NULL),
 (145,2,NULL,NULL,NULL,NULL),
 (146,258,NULL,NULL,NULL,NULL),
 (147,4,NULL,NULL,NULL,NULL),
 (148,2,NULL,NULL,NULL,NULL),
 (149,2,NULL,NULL,NULL,NULL),
 (151,217,NULL,NULL,NULL,NULL),
 (152,217,NULL,NULL,NULL,NULL),
 (158,217,NULL,NULL,NULL,NULL),
 (167,245,NULL,NULL,NULL,NULL),
 (168,248,NULL,NULL,NULL,NULL),
 (169,248,NULL,NULL,NULL,NULL),
 (170,248,NULL,NULL,NULL,NULL),
 (171,248,NULL,NULL,NULL,NULL),
 (172,248,NULL,NULL,NULL,NULL),
 (173,248,NULL,NULL,NULL,NULL),
 (175,4,NULL,NULL,NULL,NULL),
 (186,2,NULL,NULL,NULL,NULL),
 (187,2,NULL,NULL,NULL,NULL),
 (189,2,NULL,NULL,NULL,NULL),
 (191,2,NULL,NULL,NULL,NULL),
 (193,2,NULL,NULL,NULL,NULL),
 (194,2,NULL,NULL,NULL,NULL),
 (195,258,NULL,NULL,NULL,NULL),
 (196,2,NULL,NULL,NULL,NULL),
 (197,2,NULL,NULL,NULL,NULL),
 (198,248,NULL,NULL,NULL,NULL),
 (199,248,NULL,NULL,NULL,NULL),
 (200,243,NULL,NULL,NULL,NULL),
 (201,58,NULL,NULL,NULL,NULL),
 (202,248,NULL,NULL,NULL,NULL),
 (203,243,NULL,NULL,NULL,NULL),
 (204,243,NULL,NULL,NULL,NULL),
 (205,243,NULL,NULL,NULL,NULL),
 (206,260,NULL,NULL,NULL,NULL),
 (207,2,NULL,NULL,NULL,NULL),
 (208,261,NULL,NULL,NULL,NULL),
 (209,124,NULL,NULL,NULL,NULL),
 (209,74,NULL,NULL,NULL,NULL),
 (210,248,NULL,NULL,NULL,NULL),
 (211,2,NULL,NULL,NULL,NULL),
 (212,124,NULL,NULL,NULL,NULL),
 (216,258,NULL,NULL,NULL,NULL),
 (217,263,NULL,NULL,NULL,NULL),
 (218,263,NULL,NULL,NULL,NULL),
 (219,263,NULL,NULL,NULL,NULL),
 (220,263,NULL,NULL,NULL,NULL),
 (221,263,NULL,NULL,NULL,NULL),
 (225,2,NULL,NULL,NULL,NULL),
 (226,263,NULL,NULL,NULL,NULL),
 (229,243,NULL,NULL,NULL,NULL),
 (230,258,NULL,NULL,NULL,NULL),
 (231,74,NULL,NULL,NULL,NULL),
 (232,263,NULL,NULL,NULL,NULL),
 (233,248,NULL,NULL,NULL,NULL),
 (235,119,NULL,NULL,NULL,NULL),
 (236,120,NULL,NULL,NULL,NULL),
 (236,236,NULL,NULL,NULL,NULL),
 (237,260,NULL,NULL,NULL,NULL),
 (239,248,NULL,NULL,NULL,NULL),
 (240,248,NULL,NULL,NULL,NULL),
 (241,2,NULL,NULL,NULL,NULL),
 (242,2,NULL,NULL,NULL,NULL),
 (243,2,NULL,129,NULL,NULL),
 (244,120,NULL,NULL,NULL,NULL),
 (244,236,NULL,NULL,NULL,NULL),
 (245,260,NULL,NULL,NULL,NULL),
 (246,261,NULL,NULL,NULL,NULL),
 (247,248,NULL,NULL,NULL,NULL),
 (248,100,NULL,NULL,NULL,NULL),
 (248,101,NULL,NULL,NULL,NULL),
 (248,229,NULL,NULL,NULL,NULL),
 (248,102,NULL,NULL,NULL,NULL),
 (248,103,NULL,NULL,NULL,NULL),
 (248,104,NULL,NULL,NULL,NULL),
 (248,105,NULL,NULL,NULL,NULL),
 (248,106,NULL,NULL,NULL,NULL),
 (248,107,NULL,NULL,NULL,NULL),
 (248,108,NULL,NULL,NULL,NULL),
 (248,109,NULL,NULL,NULL,NULL),
 (248,56,NULL,NULL,NULL,NULL),
 (248,49,NULL,NULL,NULL,NULL),
 (248,50,NULL,NULL,NULL,NULL),
 (248,51,NULL,NULL,NULL,NULL),
 (248,52,NULL,NULL,NULL,NULL),
 (248,53,NULL,NULL,NULL,NULL),
 (248,91,NULL,NULL,NULL,NULL),
 (248,92,NULL,NULL,NULL,NULL),
 (248,93,NULL,NULL,NULL,NULL),
 (248,94,NULL,NULL,NULL,NULL),
 (248,95,NULL,NULL,NULL,NULL),
 (248,96,NULL,NULL,NULL,NULL),
 (248,97,NULL,NULL,NULL,NULL),
 (248,98,NULL,NULL,NULL,NULL),
 (248,99,NULL,NULL,NULL,NULL),
 (248,251,NULL,NULL,NULL,NULL),
 (248,117,NULL,NULL,NULL,NULL),
 (248,118,NULL,NULL,NULL,NULL),
 (248,54,NULL,NULL,NULL,NULL),
 (248,55,NULL,NULL,NULL,NULL),
 (248,110,NULL,NULL,NULL,NULL),
 (248,111,NULL,NULL,NULL,NULL),
 (248,112,NULL,NULL,NULL,NULL),
 (248,113,NULL,NULL,NULL,NULL),
 (248,114,NULL,NULL,NULL,NULL),
 (248,115,NULL,NULL,NULL,NULL),
 (248,116,NULL,NULL,NULL,NULL),
 (248,71,NULL,NULL,NULL,NULL),
 (248,72,NULL,NULL,NULL,NULL),
 (248,73,NULL,NULL,NULL,NULL),
 (248,74,NULL,NULL,NULL,NULL),
 (248,75,NULL,NULL,NULL,NULL),
 (248,76,NULL,NULL,NULL,NULL),
 (248,77,NULL,NULL,NULL,NULL),
 (248,78,NULL,NULL,NULL,NULL),
 (248,79,NULL,NULL,NULL,NULL),
 (248,225,NULL,NULL,NULL,NULL),
 (248,250,NULL,NULL,NULL,NULL),
 (248,61,NULL,NULL,NULL,NULL),
 (248,62,NULL,NULL,NULL,NULL),
 (248,63,NULL,NULL,NULL,NULL),
 (248,64,NULL,NULL,NULL,NULL),
 (248,65,NULL,NULL,NULL,NULL),
 (248,66,NULL,NULL,NULL,NULL),
 (248,67,NULL,NULL,NULL,NULL),
 (248,68,NULL,NULL,NULL,NULL),
 (248,69,NULL,NULL,NULL,NULL),
 (248,70,NULL,NULL,NULL,NULL),
 (248,212,NULL,NULL,NULL,NULL),
 (249,248,NULL,NULL,NULL,NULL),
 (250,120,NULL,131,NULL,NULL),
 (251,121,NULL,NULL,NULL,NULL),
 (252,243,NULL,NULL,NULL,NULL),
 (253,124,NULL,NULL,NULL,NULL),
 (254,124,NULL,200,NULL,NULL),
 (255,243,NULL,NULL,NULL,NULL),
 (256,248,NULL,NULL,NULL,NULL),
 (257,248,NULL,NULL,NULL,NULL),
 (258,261,NULL,NULL,NULL,NULL),
 (259,120,NULL,131,NULL,NULL),
 (260,121,NULL,199,NULL,NULL),
 (261,248,NULL,NULL,NULL,NULL),
 (262,248,NULL,NULL,NULL,NULL),
 (263,124,NULL,200,NULL,NULL),
 (264,243,NULL,NULL,NULL,NULL),
 (265,2,NULL,NULL,NULL,NULL),
 (266,2,NULL,NULL,NULL,NULL),
 (267,2,NULL,213,NULL,NULL),
 (268,2,NULL,213,NULL,NULL),
 (269,2,NULL,213,NULL,NULL),
 (270,2,NULL,213,NULL,NULL),
 (271,2,NULL,213,NULL,NULL),
 (272,2,NULL,213,NULL,NULL),
 (273,120,NULL,131,NULL,NULL),
 (274,121,NULL,199,NULL,NULL),
 (275,121,NULL,199,NULL,NULL),
 (276,2,NULL,213,NULL,NULL),
 (277,100,NULL,136,NULL,NULL),
 (278,101,NULL,137,NULL,NULL),
 (279,229,NULL,138,NULL,NULL),
 (280,102,NULL,139,NULL,NULL),
 (281,103,NULL,140,NULL,NULL),
 (282,104,NULL,141,NULL,NULL),
 (283,105,NULL,142,NULL,NULL),
 (284,107,NULL,144,NULL,NULL),
 (285,109,NULL,146,NULL,NULL),
 (286,56,NULL,147,NULL,NULL),
 (287,49,NULL,148,NULL,NULL),
 (288,50,NULL,149,NULL,NULL),
 (289,52,NULL,151,NULL,NULL),
 (290,53,NULL,152,NULL,NULL),
 (291,91,NULL,153,NULL,NULL),
 (292,92,NULL,154,NULL,NULL),
 (293,93,NULL,155,NULL,NULL),
 (294,94,NULL,156,NULL,NULL),
 (295,95,NULL,157,NULL,NULL),
 (296,96,NULL,158,NULL,NULL),
 (297,97,NULL,159,NULL,NULL),
 (298,98,NULL,160,NULL,NULL),
 (299,99,NULL,161,NULL,NULL),
 (300,251,NULL,162,NULL,NULL),
 (301,117,NULL,163,NULL,NULL),
 (302,54,NULL,165,NULL,NULL),
 (303,55,NULL,166,NULL,NULL),
 (304,110,NULL,167,NULL,NULL),
 (305,111,NULL,168,NULL,NULL),
 (306,112,NULL,169,NULL,NULL),
 (307,113,NULL,170,NULL,NULL),
 (308,114,NULL,171,NULL,NULL),
 (309,115,NULL,172,NULL,NULL),
 (310,116,NULL,173,NULL,NULL),
 (311,71,NULL,174,NULL,NULL),
 (312,72,NULL,175,NULL,NULL),
 (313,73,NULL,176,NULL,NULL),
 (314,74,NULL,177,NULL,NULL),
 (315,76,NULL,179,NULL,NULL),
 (316,77,NULL,180,NULL,NULL),
 (317,78,NULL,181,NULL,NULL),
 (318,79,NULL,182,NULL,NULL),
 (319,225,NULL,183,NULL,NULL),
 (320,61,NULL,185,NULL,NULL),
 (321,62,NULL,186,NULL,NULL),
 (322,63,NULL,187,NULL,NULL),
 (323,64,NULL,188,NULL,NULL),
 (324,65,NULL,189,NULL,NULL),
 (325,66,NULL,190,NULL,NULL),
 (326,120,NULL,131,NULL,NULL),
 (327,121,NULL,199,NULL,NULL),
 (328,172,NULL,NULL,NULL,NULL),
 (329,171,NULL,NULL,NULL,NULL),
 (330,171,NULL,274,NULL,NULL),
 (331,121,NULL,199,NULL,NULL),
 (332,248,NULL,NULL,NULL,NULL),
 (333,139,NULL,NULL,NULL,NULL),
 (334,139,NULL,278,NULL,NULL),
 (335,139,NULL,278,NULL,NULL),
 (336,11,NULL,NULL,NULL,NULL),
 (337,120,NULL,131,NULL,NULL),
 (338,192,NULL,NULL,NULL,NULL),
 (339,190,NULL,NULL,NULL,NULL),
 (340,190,NULL,284,NULL,NULL),
 (341,2,NULL,129,NULL,NULL),
 (342,2,NULL,129,NULL,NULL),
 (343,2,NULL,129,NULL,NULL),
 (344,2,NULL,129,NULL,NULL),
 (345,2,NULL,129,NULL,NULL),
 (346,2,NULL,129,NULL,NULL),
 (347,2,NULL,129,NULL,NULL),
 (348,39,NULL,NULL,NULL,NULL),
 (349,2,NULL,129,NULL,NULL),
 (350,101,NULL,137,NULL,NULL),
 (351,100,NULL,136,NULL,NULL),
 (352,229,NULL,138,NULL,NULL),
 (353,102,NULL,139,NULL,NULL),
 (354,103,NULL,140,NULL,NULL),
 (355,104,NULL,141,NULL,NULL),
 (356,105,NULL,142,NULL,NULL),
 (357,107,NULL,144,NULL,NULL),
 (358,109,NULL,146,NULL,NULL),
 (359,56,NULL,147,NULL,NULL),
 (360,52,NULL,151,NULL,NULL),
 (361,53,NULL,152,NULL,NULL),
 (362,91,NULL,153,NULL,NULL),
 (363,92,NULL,154,NULL,NULL),
 (364,93,NULL,155,NULL,NULL),
 (365,94,NULL,156,NULL,NULL),
 (366,95,NULL,157,NULL,NULL),
 (367,96,NULL,158,NULL,NULL),
 (368,97,NULL,159,NULL,NULL),
 (369,98,NULL,160,NULL,NULL),
 (370,251,NULL,162,NULL,NULL),
 (371,117,NULL,163,NULL,NULL),
 (372,54,NULL,165,NULL,NULL),
 (373,110,NULL,167,NULL,NULL),
 (374,111,NULL,168,NULL,NULL),
 (375,112,NULL,169,NULL,NULL),
 (376,113,NULL,170,NULL,NULL),
 (377,114,NULL,171,NULL,NULL),
 (378,115,NULL,172,NULL,NULL),
 (379,116,NULL,173,NULL,NULL),
 (380,71,NULL,174,NULL,NULL),
 (381,72,NULL,175,NULL,NULL),
 (382,73,NULL,176,NULL,NULL),
 (383,74,NULL,177,NULL,NULL),
 (384,76,NULL,179,NULL,NULL),
 (385,77,NULL,180,NULL,NULL),
 (386,78,NULL,181,NULL,NULL),
 (387,79,NULL,182,NULL,NULL),
 (388,225,NULL,183,NULL,NULL),
 (389,61,NULL,185,NULL,NULL),
 (390,62,NULL,186,NULL,NULL),
 (391,63,NULL,187,NULL,NULL),
 (392,64,NULL,188,NULL,NULL),
 (393,65,NULL,189,NULL,NULL),
 (394,66,NULL,190,NULL,NULL),
 (395,120,NULL,131,NULL,NULL),
 (396,120,NULL,131,NULL,NULL),
 (397,121,NULL,199,NULL,NULL),
 (398,119,NULL,122,NULL,NULL),
 (399,121,NULL,199,NULL,NULL),
 (400,121,NULL,199,NULL,NULL),
 (401,107,NULL,144,NULL,NULL),
 (402,56,NULL,147,NULL,NULL),
 (403,52,NULL,151,NULL,NULL),
 (404,53,NULL,152,NULL,NULL),
 (405,120,NULL,131,NULL,NULL),
 (406,121,NULL,199,NULL,NULL),
 (407,120,NULL,131,NULL,NULL),
 (408,121,NULL,199,NULL,NULL),
 (409,120,NULL,131,NULL,NULL),
 (410,121,NULL,199,NULL,NULL),
 (411,120,NULL,131,NULL,NULL),
 (412,121,NULL,199,NULL,NULL),
 (413,192,NULL,283,NULL,NULL),
 (414,117,NULL,163,NULL,NULL),
 (415,111,NULL,168,NULL,NULL),
 (417,119,NULL,NULL,NULL,NULL),
 (417,54,NULL,NULL,NULL,NULL),
 (417,55,NULL,NULL,NULL,NULL),
 (417,61,NULL,NULL,NULL,NULL),
 (417,62,NULL,NULL,NULL,NULL),
 (417,63,NULL,NULL,NULL,NULL),
 (417,64,NULL,NULL,NULL,NULL),
 (417,65,NULL,NULL,NULL,NULL),
 (417,66,NULL,NULL,NULL,NULL),
 (417,67,NULL,NULL,NULL,NULL),
 (417,68,NULL,NULL,NULL,NULL),
 (417,69,NULL,NULL,NULL,NULL),
 (417,70,NULL,NULL,NULL,NULL),
 (417,71,NULL,NULL,NULL,NULL),
 (417,72,NULL,NULL,NULL,NULL),
 (417,73,NULL,NULL,NULL,NULL),
 (417,74,NULL,NULL,NULL,NULL),
 (417,75,NULL,NULL,NULL,NULL),
 (417,76,NULL,NULL,NULL,NULL),
 (417,77,NULL,NULL,NULL,NULL),
 (417,78,NULL,NULL,NULL,NULL),
 (417,79,NULL,NULL,NULL,NULL),
 (417,212,NULL,NULL,NULL,NULL),
 (417,91,NULL,NULL,NULL,NULL),
 (417,92,NULL,NULL,NULL,NULL),
 (417,93,NULL,NULL,NULL,NULL),
 (417,94,NULL,NULL,NULL,NULL),
 (417,95,NULL,NULL,NULL,NULL),
 (417,96,NULL,NULL,NULL,NULL),
 (417,97,NULL,NULL,NULL,NULL),
 (417,98,NULL,NULL,NULL,NULL),
 (417,99,NULL,NULL,NULL,NULL),
 (417,100,NULL,NULL,NULL,NULL),
 (417,101,NULL,NULL,NULL,NULL),
 (417,102,NULL,NULL,NULL,NULL),
 (417,103,NULL,NULL,NULL,NULL),
 (417,104,NULL,NULL,NULL,NULL),
 (417,105,NULL,NULL,NULL,NULL),
 (417,225,NULL,NULL,NULL,NULL),
 (417,110,NULL,NULL,NULL,NULL),
 (417,111,NULL,NULL,NULL,NULL),
 (417,112,NULL,NULL,NULL,NULL),
 (417,113,NULL,NULL,NULL,NULL),
 (417,114,NULL,NULL,NULL,NULL),
 (417,115,NULL,NULL,NULL,NULL),
 (417,116,NULL,NULL,NULL,NULL),
 (417,117,NULL,NULL,NULL,NULL),
 (417,118,NULL,NULL,NULL,NULL),
 (417,250,NULL,NULL,NULL,NULL),
 (417,251,NULL,NULL,NULL,NULL),
 (418,258,NULL,NULL,NULL,NULL),
 (419,39,NULL,NULL,NULL,NULL),
 (421,119,NULL,NULL,NULL,NULL),
 (421,54,NULL,NULL,NULL,NULL),
 (421,55,NULL,NULL,NULL,NULL),
 (421,61,NULL,NULL,NULL,NULL),
 (421,62,NULL,NULL,NULL,NULL),
 (421,63,NULL,NULL,NULL,NULL),
 (421,64,NULL,NULL,NULL,NULL),
 (421,65,NULL,NULL,NULL,NULL),
 (421,66,NULL,NULL,NULL,NULL),
 (421,67,NULL,NULL,NULL,NULL),
 (421,68,NULL,NULL,NULL,NULL),
 (421,69,NULL,NULL,NULL,NULL),
 (421,70,NULL,NULL,NULL,NULL),
 (421,71,NULL,NULL,NULL,NULL),
 (421,72,NULL,NULL,NULL,NULL),
 (421,73,NULL,NULL,NULL,NULL),
 (421,74,NULL,NULL,NULL,NULL),
 (421,75,NULL,NULL,NULL,NULL),
 (421,76,NULL,NULL,NULL,NULL),
 (421,77,NULL,NULL,NULL,NULL),
 (421,78,NULL,NULL,NULL,NULL),
 (421,79,NULL,NULL,NULL,NULL),
 (421,212,NULL,NULL,NULL,NULL),
 (421,91,NULL,NULL,NULL,NULL),
 (421,92,NULL,NULL,NULL,NULL),
 (421,93,NULL,NULL,NULL,NULL),
 (421,94,NULL,NULL,NULL,NULL),
 (421,95,NULL,NULL,NULL,NULL),
 (421,96,NULL,NULL,NULL,NULL),
 (421,97,NULL,NULL,NULL,NULL),
 (421,98,NULL,NULL,NULL,NULL),
 (421,99,NULL,NULL,NULL,NULL),
 (421,100,NULL,NULL,NULL,NULL),
 (421,101,NULL,NULL,NULL,NULL),
 (421,102,NULL,NULL,NULL,NULL),
 (421,103,NULL,NULL,NULL,NULL),
 (421,104,NULL,NULL,NULL,NULL),
 (421,105,NULL,NULL,NULL,NULL),
 (421,225,NULL,NULL,NULL,NULL),
 (421,110,NULL,NULL,NULL,NULL),
 (421,111,NULL,NULL,NULL,NULL),
 (421,112,NULL,NULL,NULL,NULL),
 (421,113,NULL,NULL,NULL,NULL),
 (421,114,NULL,NULL,NULL,NULL),
 (421,115,NULL,NULL,NULL,NULL),
 (421,116,NULL,NULL,NULL,NULL),
 (421,117,NULL,NULL,NULL,NULL),
 (421,118,NULL,NULL,NULL,NULL),
 (421,250,NULL,NULL,NULL,NULL),
 (421,251,NULL,NULL,NULL,NULL),
 (422,39,NULL,NULL,NULL,NULL),
 (425,248,NULL,NULL,NULL,NULL),
 (426,248,NULL,NULL,NULL,NULL),
 (427,248,NULL,413,NULL,NULL),
 (428,248,NULL,NULL,NULL,NULL),
 (429,248,NULL,NULL,NULL,NULL),
 (430,248,NULL,NULL,NULL,NULL),
 (431,248,NULL,NULL,NULL,NULL),
 (432,243,NULL,NULL,NULL,NULL),
 (433,120,NULL,NULL,NULL,NULL),
 (434,71,NULL,375,NULL,NULL),
 (435,75,NULL,379,NULL,NULL),
 (436,91,NULL,385,NULL,NULL),
 (437,92,NULL,386,NULL,NULL),
 (438,93,NULL,387,NULL,NULL),
 (439,243,NULL,419,NULL,NULL),
 (440,104,NULL,398,NULL,NULL),
 (441,243,NULL,419,NULL,NULL),
 (443,243,NULL,419,NULL,NULL),
 (445,74,NULL,378,NULL,NULL),
 (446,79,NULL,383,NULL,NULL),
 (447,100,NULL,394,NULL,NULL),
 (448,225,NULL,400,NULL,NULL),
 (449,111,NULL,402,NULL,NULL),
 (450,113,NULL,404,NULL,NULL),
 (451,114,NULL,405,NULL,NULL),
 (452,115,NULL,406,NULL,NULL),
 (453,117,NULL,408,NULL,NULL),
 (454,118,NULL,409,NULL,NULL),
 (455,243,NULL,NULL,NULL,NULL),
 (456,243,NULL,NULL,NULL,NULL),
 (457,248,NULL,NULL,NULL,NULL),
 (460,120,NULL,420,NULL,NULL),
 (461,243,NULL,435,NULL,NULL),
 (462,243,NULL,435,NULL,NULL),
 (463,260,NULL,NULL,NULL,NULL),
 (464,121,NULL,NULL,NULL,NULL),
 (465,243,NULL,NULL,NULL,NULL),
 (468,258,NULL,NULL,NULL,NULL),
 (469,39,NULL,NULL,NULL,NULL),
 (470,119,NULL,NULL,NULL,NULL),
 (470,74,NULL,NULL,NULL,NULL),
 (470,250,NULL,NULL,NULL,NULL),
 (470,100,NULL,NULL,NULL,NULL),
 (472,248,NULL,NULL,NULL,NULL),
 (473,39,NULL,449,NULL,NULL),
 (474,248,NULL,454,NULL,NULL),
 (475,258,NULL,NULL,NULL,NULL),
 (477,258,NULL,NULL,NULL,NULL),
 (478,243,NULL,NULL,NULL,NULL),
 (479,243,NULL,NULL,NULL,NULL),
 (480,120,NULL,NULL,NULL,NULL),
 (481,121,NULL,NULL,NULL,NULL),
 (482,119,NULL,NULL,NULL,NULL),
 (482,54,NULL,NULL,NULL,NULL),
 (482,55,NULL,NULL,NULL,NULL),
 (482,61,NULL,NULL,NULL,NULL),
 (482,62,NULL,NULL,NULL,NULL),
 (482,63,NULL,NULL,NULL,NULL),
 (482,64,NULL,NULL,NULL,NULL),
 (482,65,NULL,NULL,NULL,NULL),
 (482,66,NULL,NULL,NULL,NULL),
 (482,67,NULL,NULL,NULL,NULL),
 (482,68,NULL,NULL,NULL,NULL),
 (482,69,NULL,NULL,NULL,NULL),
 (482,70,NULL,NULL,NULL,NULL),
 (482,71,NULL,NULL,NULL,NULL),
 (482,72,NULL,NULL,NULL,NULL),
 (482,73,NULL,NULL,NULL,NULL),
 (482,74,NULL,NULL,NULL,NULL),
 (482,75,NULL,NULL,NULL,NULL),
 (482,76,NULL,NULL,NULL,NULL),
 (482,77,NULL,NULL,NULL,NULL),
 (482,78,NULL,NULL,NULL,NULL),
 (482,79,NULL,NULL,NULL,NULL),
 (482,212,NULL,NULL,NULL,NULL),
 (482,91,NULL,NULL,NULL,NULL),
 (482,92,NULL,NULL,NULL,NULL),
 (482,93,NULL,NULL,NULL,NULL),
 (482,94,NULL,NULL,NULL,NULL),
 (482,95,NULL,NULL,NULL,NULL),
 (482,96,NULL,NULL,NULL,NULL),
 (482,97,NULL,NULL,NULL,NULL),
 (482,98,NULL,NULL,NULL,NULL),
 (482,99,NULL,NULL,NULL,NULL),
 (482,100,NULL,NULL,NULL,NULL),
 (482,101,NULL,NULL,NULL,NULL),
 (482,102,NULL,NULL,NULL,NULL),
 (482,104,NULL,NULL,NULL,NULL),
 (482,105,NULL,NULL,NULL,NULL),
 (482,225,NULL,NULL,NULL,NULL),
 (482,110,NULL,NULL,NULL,NULL),
 (482,111,NULL,NULL,NULL,NULL),
 (482,112,NULL,NULL,NULL,NULL),
 (482,113,NULL,NULL,NULL,NULL),
 (482,114,NULL,NULL,NULL,NULL),
 (482,115,NULL,NULL,NULL,NULL),
 (482,116,NULL,NULL,NULL,NULL),
 (482,117,NULL,NULL,NULL,NULL),
 (482,118,NULL,NULL,NULL,NULL),
 (482,250,NULL,NULL,NULL,NULL),
 (482,251,NULL,NULL,NULL,NULL),
 (483,71,NULL,475,NULL,NULL),
 (484,75,NULL,479,NULL,NULL),
 (485,120,NULL,460,NULL,NULL),
 (486,121,NULL,461,NULL,NULL),
 (487,120,NULL,460,NULL,NULL),
 (488,121,NULL,461,NULL,NULL),
 (489,220,NULL,NULL,NULL,NULL),
 (489,223,NULL,NULL,NULL,NULL),
 (489,221,NULL,NULL,NULL,NULL),
 (489,222,NULL,NULL,NULL,NULL),
 (489,224,NULL,NULL,NULL,NULL),
 (490,120,NULL,NULL,NULL,NULL),
 (490,121,NULL,NULL,NULL,NULL),
 (491,220,NULL,NULL,NULL,NULL),
 (491,223,NULL,NULL,NULL,NULL),
 (491,221,NULL,NULL,NULL,NULL),
 (491,222,NULL,NULL,NULL,NULL),
 (491,224,NULL,NULL,NULL,NULL),
 (492,100,NULL,453,NULL,NULL),
 (493,74,NULL,451,NULL,NULL),
 (494,220,NULL,NULL,NULL,NULL),
 (494,223,NULL,NULL,NULL,NULL),
 (494,221,NULL,NULL,NULL,NULL),
 (494,222,NULL,NULL,NULL,NULL),
 (494,224,NULL,NULL,NULL,NULL),
 (495,243,NULL,459,NULL,NULL),
 (501,11,NULL,NULL,NULL,NULL),
 (502,243,NULL,459,NULL,NULL),
 (503,120,NULL,NULL,NULL,NULL),
 (503,121,NULL,NULL,NULL,NULL),
 (504,243,NULL,459,NULL,NULL),
 (510,243,NULL,459,NULL,NULL),
 (511,243,NULL,459,NULL,NULL),
 (512,243,NULL,459,NULL,NULL),
 (513,259,NULL,NULL,NULL,NULL),
 (514,259,NULL,NULL,NULL,NULL),
 (515,259,NULL,NULL,NULL,NULL),
 (516,259,NULL,NULL,NULL,NULL),
 (517,259,NULL,NULL,NULL,NULL),
 (518,259,NULL,NULL,NULL,NULL),
 (519,259,NULL,NULL,NULL,NULL),
 (520,259,NULL,NULL,NULL,NULL),
 (521,259,NULL,NULL,NULL,NULL),
 (522,260,NULL,NULL,NULL,NULL),
 (523,243,NULL,NULL,NULL,NULL),
 (524,243,NULL,NULL,NULL,NULL),
 (525,248,NULL,NULL,NULL,NULL),
 (526,120,NULL,537,NULL,NULL),
 (527,121,NULL,538,NULL,NULL),
 (528,248,NULL,555,NULL,NULL),
 (529,248,NULL,NULL,NULL,NULL),
 (530,248,NULL,NULL,NULL,NULL),
 (531,259,NULL,NULL,NULL,NULL),
 (532,259,NULL,NULL,NULL,NULL),
 (533,259,NULL,NULL,NULL,NULL),
 (534,259,NULL,NULL,NULL,NULL),
 (535,259,NULL,NULL,NULL,NULL),
 (536,2,NULL,NULL,NULL,NULL),
 (537,259,NULL,NULL,NULL,NULL),
 (538,259,NULL,NULL,NULL,NULL),
 (539,259,NULL,NULL,NULL,NULL),
 (540,259,NULL,NULL,NULL,NULL),
 (541,248,NULL,560,NULL,NULL),
 (542,248,NULL,NULL,NULL,NULL),
 (543,248,NULL,NULL,NULL,NULL),
 (544,261,NULL,NULL,NULL,NULL),
 (545,248,NULL,NULL,NULL,NULL),
 (546,248,NULL,560,NULL,NULL),
 (548,243,NULL,NULL,NULL,NULL),
 (549,120,NULL,537,NULL,NULL),
 (550,121,NULL,538,NULL,NULL),
 (551,266,NULL,NULL,NULL,NULL),
 (552,266,NULL,572,NULL,NULL),
 (553,266,NULL,572,NULL,NULL),
 (554,243,NULL,553,NULL,NULL),
 (557,266,NULL,572,NULL,NULL),
 (558,268,NULL,NULL,NULL,NULL),
 (559,268,NULL,577,NULL,NULL),
 (560,268,NULL,577,NULL,NULL),
 (561,268,NULL,577,NULL,NULL),
 (562,268,NULL,577,NULL,NULL),
 (563,268,NULL,577,NULL,NULL),
 (564,243,NULL,NULL,NULL,NULL),
 (565,2,NULL,107,NULL,NULL),
 (566,243,NULL,583,NULL,NULL),
 (568,258,NULL,NULL,NULL,NULL),
 (571,119,NULL,NULL,NULL,NULL),
 (572,243,NULL,583,NULL,NULL),
 (573,269,NULL,NULL,NULL,NULL),
 (574,121,NULL,538,NULL,NULL),
 (575,243,NULL,583,NULL,NULL),
 (577,119,NULL,NULL,NULL,NULL),
 (579,268,NULL,NULL,NULL,NULL),
 (580,248,NULL,NULL,NULL,NULL),
 (581,124,NULL,NULL,NULL,NULL),
 (582,11,NULL,NULL,NULL,NULL),
 (583,268,NULL,NULL,NULL,NULL),
 (584,2,NULL,NULL,NULL,NULL),
 (585,2,NULL,NULL,NULL,NULL),
 (586,2,NULL,NULL,NULL,NULL),
 (587,2,NULL,NULL,NULL,NULL),
 (589,119,NULL,NULL,NULL,NULL),
 (590,259,NULL,NULL,NULL,NULL),
 (590,124,NULL,NULL,NULL,NULL),
 (591,259,NULL,NULL,NULL,NULL),
 (592,259,NULL,NULL,NULL,NULL),
 (594,119,NULL,NULL,NULL,NULL),
 (595,259,NULL,NULL,NULL,NULL),
 (595,124,NULL,NULL,NULL,NULL),
 (596,259,NULL,NULL,NULL,NULL),
 (597,259,NULL,NULL,NULL,NULL),
 (598,120,NULL,NULL,NULL,NULL),
 (598,121,NULL,NULL,NULL,NULL),
 (599,54,NULL,NULL,NULL,NULL),
 (599,55,NULL,NULL,NULL,NULL),
 (599,61,NULL,NULL,NULL,NULL),
 (599,62,NULL,NULL,NULL,NULL),
 (599,63,NULL,NULL,NULL,NULL),
 (599,64,NULL,NULL,NULL,NULL),
 (599,65,NULL,NULL,NULL,NULL),
 (599,66,NULL,NULL,NULL,NULL),
 (599,67,NULL,NULL,NULL,NULL),
 (599,68,NULL,NULL,NULL,NULL),
 (599,69,NULL,NULL,NULL,NULL),
 (599,70,NULL,NULL,NULL,NULL),
 (600,72,NULL,NULL,NULL,NULL),
 (600,73,NULL,NULL,NULL,NULL),
 (600,74,NULL,NULL,NULL,NULL),
 (600,76,NULL,NULL,NULL,NULL),
 (600,77,NULL,NULL,NULL,NULL),
 (600,78,NULL,NULL,NULL,NULL),
 (600,79,NULL,NULL,NULL,NULL),
 (600,212,NULL,NULL,NULL,NULL),
 (601,91,NULL,NULL,NULL,NULL),
 (601,92,NULL,NULL,NULL,NULL),
 (601,93,NULL,NULL,NULL,NULL),
 (601,94,NULL,NULL,NULL,NULL),
 (601,95,NULL,NULL,NULL,NULL),
 (601,96,NULL,NULL,NULL,NULL),
 (601,97,NULL,NULL,NULL,NULL),
 (601,98,NULL,NULL,NULL,NULL),
 (601,99,NULL,NULL,NULL,NULL),
 (601,100,NULL,NULL,NULL,NULL),
 (601,101,NULL,NULL,NULL,NULL),
 (601,102,NULL,NULL,NULL,NULL),
 (601,104,NULL,NULL,NULL,NULL),
 (601,105,NULL,NULL,NULL,NULL),
 (601,225,NULL,NULL,NULL,NULL),
 (602,110,NULL,NULL,NULL,NULL),
 (602,111,NULL,NULL,NULL,NULL),
 (602,112,NULL,NULL,NULL,NULL),
 (602,113,NULL,NULL,NULL,NULL),
 (602,114,NULL,NULL,NULL,NULL),
 (602,115,NULL,NULL,NULL,NULL),
 (602,116,NULL,NULL,NULL,NULL),
 (602,117,NULL,NULL,NULL,NULL),
 (602,118,NULL,NULL,NULL,NULL),
 (602,250,NULL,NULL,NULL,NULL),
 (602,251,NULL,NULL,NULL,NULL),
 (602,71,NULL,NULL,NULL,NULL),
 (602,75,NULL,NULL,NULL,NULL),
 (603,120,NULL,NULL,NULL,NULL),
 (604,72,NULL,618,NULL,NULL),
 (605,100,NULL,635,NULL,NULL),
 (606,110,NULL,641,NULL,NULL),
 (607,111,NULL,642,NULL,NULL),
 (608,112,NULL,643,NULL,NULL),
 (609,117,NULL,648,NULL,NULL),
 (610,57,NULL,NULL,NULL,NULL),
 (613,57,NULL,NULL,NULL,NULL),
 (614,119,NULL,NULL,NULL,NULL),
 (617,120,NULL,654,NULL,NULL),
 (618,120,NULL,654,NULL,NULL),
 (619,120,NULL,654,NULL,NULL),
 (620,120,NULL,NULL,NULL,NULL),
 (621,120,NULL,654,NULL,NULL),
 (622,121,NULL,605,NULL,NULL),
 (623,268,NULL,NULL,NULL,NULL),
 (624,243,NULL,NULL,NULL,NULL),
 (625,259,NULL,NULL,NULL,NULL),
 (625,124,NULL,NULL,NULL,NULL),
 (626,259,NULL,NULL,NULL,NULL),
 (627,259,NULL,NULL,NULL,NULL),
 (628,259,NULL,NULL,NULL,NULL),
 (628,124,NULL,NULL,NULL,NULL),
 (629,259,NULL,NULL,NULL,NULL),
 (630,259,NULL,NULL,NULL,NULL),
 (1,124,NULL,593,NULL,NULL),
 (2,124,NULL,593,NULL,NULL),
 (631,124,NULL,593,NULL,NULL),
 (632,259,NULL,NULL,NULL,NULL),
 (632,124,NULL,NULL,NULL,NULL),
 (633,259,NULL,NULL,NULL,NULL),
 (634,259,NULL,NULL,NULL,NULL),
 (635,259,NULL,NULL,NULL,NULL),
 (636,259,NULL,NULL,NULL,NULL),
 (636,124,NULL,NULL,NULL,NULL),
 (637,259,NULL,NULL,NULL,NULL),
 (638,259,NULL,NULL,NULL,NULL),
 (639,259,NULL,NULL,NULL,NULL),
 (640,259,NULL,NULL,NULL,NULL),
 (640,124,NULL,NULL,NULL,NULL),
 (641,259,NULL,NULL,NULL,NULL),
 (642,259,NULL,NULL,NULL,NULL),
 (643,259,NULL,NULL,NULL,NULL),
 (644,259,NULL,NULL,NULL,NULL),
 (644,124,NULL,NULL,NULL,NULL),
 (645,259,NULL,NULL,NULL,NULL),
 (646,259,NULL,NULL,NULL,NULL),
 (647,259,NULL,NULL,NULL,NULL),
 (648,220,NULL,NULL,NULL,NULL),
 (648,223,NULL,NULL,NULL,NULL),
 (648,221,NULL,NULL,NULL,NULL),
 (648,222,NULL,NULL,NULL,NULL),
 (648,224,NULL,NULL,NULL,NULL),
 (649,220,NULL,675,NULL,NULL),
 (650,223,NULL,676,NULL,NULL),
 (651,221,NULL,677,NULL,NULL),
 (652,222,NULL,678,NULL,NULL),
 (653,224,NULL,679,NULL,NULL),
 (654,220,NULL,675,NULL,NULL),
 (655,223,NULL,676,NULL,NULL),
 (656,221,NULL,677,NULL,NULL),
 (657,222,NULL,678,NULL,NULL),
 (658,224,NULL,679,NULL,NULL),
 (661,120,NULL,NULL,NULL,NULL),
 (663,223,NULL,676,NULL,NULL),
 (664,222,NULL,678,NULL,NULL),
 (665,223,NULL,676,NULL,NULL),
 (666,259,NULL,NULL,NULL,NULL),
 (667,259,NULL,NULL,NULL,NULL),
 (668,223,NULL,676,NULL,NULL),
 (669,120,NULL,654,NULL,NULL),
 (670,121,NULL,605,NULL,NULL),
 (671,248,NULL,NULL,NULL,NULL),
 (672,192,NULL,NULL,NULL,NULL),
 (673,259,NULL,NULL,NULL,NULL),
 (673,124,NULL,NULL,NULL,NULL),
 (674,259,NULL,NULL,NULL,NULL),
 (675,259,NULL,NULL,NULL,NULL),
 (676,259,NULL,NULL,NULL,NULL),
 (677,259,NULL,NULL,NULL,NULL),
 (678,259,NULL,NULL,NULL,NULL),
 (679,259,NULL,NULL,NULL,NULL),
 (680,259,NULL,NULL,NULL,NULL),
 (681,259,NULL,NULL,NULL,NULL),
 (682,259,NULL,NULL,NULL,NULL),
 (683,259,NULL,NULL,NULL,NULL),
 (684,259,NULL,NULL,NULL,NULL),
 (685,259,NULL,NULL,NULL,NULL),
 (686,259,NULL,NULL,NULL,NULL),
 (687,259,NULL,NULL,NULL,NULL),
 (688,259,NULL,NULL,NULL,NULL),
 (689,259,NULL,NULL,NULL,NULL),
 (690,248,NULL,NULL,NULL,NULL),
 (691,248,NULL,NULL,NULL,NULL),
 (692,192,NULL,700,NULL,NULL),
 (693,243,NULL,NULL,NULL,NULL),
 (694,268,NULL,NULL,NULL,NULL),
 (695,268,NULL,NULL,NULL,NULL),
 (696,248,NULL,NULL,NULL,NULL),
 (698,120,NULL,654,NULL,NULL),
 (699,121,NULL,605,NULL,NULL),
 (700,248,NULL,NULL,NULL,NULL),
 (701,248,NULL,727,NULL,NULL),
 (702,248,NULL,727,NULL,NULL),
 (703,259,NULL,NULL,NULL,NULL),
 (704,259,NULL,NULL,NULL,NULL),
 (704,119,NULL,NULL,NULL,NULL),
 (705,58,NULL,NULL,NULL,NULL),
 (706,58,NULL,NULL,NULL,NULL),
 (707,58,NULL,NULL,NULL,NULL),
 (709,248,NULL,727,NULL,NULL),
 (710,248,NULL,727,NULL,NULL),
 (712,120,NULL,NULL,NULL,NULL),
 (713,54,NULL,NULL,NULL,NULL),
 (713,55,NULL,NULL,NULL,NULL),
 (713,61,NULL,NULL,NULL,NULL),
 (713,62,NULL,NULL,NULL,NULL),
 (713,63,NULL,NULL,NULL,NULL),
 (713,64,NULL,NULL,NULL,NULL),
 (713,65,NULL,NULL,NULL,NULL),
 (713,66,NULL,NULL,NULL,NULL),
 (713,67,NULL,NULL,NULL,NULL),
 (713,68,NULL,NULL,NULL,NULL),
 (713,69,NULL,NULL,NULL,NULL),
 (713,70,NULL,NULL,NULL,NULL),
 (713,71,NULL,NULL,NULL,NULL),
 (713,72,NULL,NULL,NULL,NULL),
 (713,73,NULL,NULL,NULL,NULL),
 (713,74,NULL,NULL,NULL,NULL),
 (713,75,NULL,NULL,NULL,NULL),
 (713,76,NULL,NULL,NULL,NULL),
 (713,77,NULL,NULL,NULL,NULL),
 (713,78,NULL,NULL,NULL,NULL),
 (713,79,NULL,NULL,NULL,NULL),
 (713,212,NULL,NULL,NULL,NULL),
 (713,91,NULL,NULL,NULL,NULL),
 (713,92,NULL,NULL,NULL,NULL),
 (713,93,NULL,NULL,NULL,NULL),
 (713,94,NULL,NULL,NULL,NULL),
 (713,95,NULL,NULL,NULL,NULL),
 (713,96,NULL,NULL,NULL,NULL),
 (713,97,NULL,NULL,NULL,NULL),
 (713,98,NULL,NULL,NULL,NULL),
 (713,99,NULL,NULL,NULL,NULL),
 (713,100,NULL,NULL,NULL,NULL),
 (713,101,NULL,NULL,NULL,NULL),
 (713,102,NULL,NULL,NULL,NULL),
 (713,104,NULL,NULL,NULL,NULL),
 (713,105,NULL,NULL,NULL,NULL),
 (713,225,NULL,NULL,NULL,NULL),
 (713,110,NULL,NULL,NULL,NULL),
 (713,111,NULL,NULL,NULL,NULL),
 (713,112,NULL,NULL,NULL,NULL),
 (713,113,NULL,NULL,NULL,NULL),
 (713,114,NULL,NULL,NULL,NULL),
 (713,115,NULL,NULL,NULL,NULL),
 (713,116,NULL,NULL,NULL,NULL),
 (713,117,NULL,NULL,NULL,NULL),
 (713,118,NULL,NULL,NULL,NULL),
 (713,250,NULL,NULL,NULL,NULL),
 (713,251,NULL,NULL,NULL,NULL),
 (714,120,NULL,738,NULL,NULL),
 (715,121,NULL,NULL,NULL,NULL),
 (716,54,NULL,739,NULL,NULL),
 (717,55,NULL,740,NULL,NULL),
 (718,63,NULL,743,NULL,NULL),
 (719,71,NULL,751,NULL,NULL),
 (720,100,NULL,770,NULL,NULL),
 (721,110,NULL,776,NULL,NULL),
 (722,111,NULL,777,NULL,NULL),
 (723,112,NULL,778,NULL,NULL),
 (724,113,NULL,779,NULL,NULL),
 (725,114,NULL,780,NULL,NULL),
 (726,115,NULL,781,NULL,NULL),
 (727,116,NULL,782,NULL,NULL),
 (728,58,NULL,NULL,NULL,NULL),
 (729,58,NULL,NULL,NULL,NULL),
 (730,243,NULL,NULL,NULL,NULL),
 (731,120,NULL,738,NULL,NULL),
 (732,243,NULL,803,NULL,NULL),
 (733,268,NULL,NULL,NULL,NULL),
 (734,243,NULL,NULL,NULL,NULL),
 (735,39,NULL,NULL,NULL,NULL),
 (736,268,NULL,NULL,NULL,NULL),
 (737,192,NULL,NULL,NULL,NULL),
 (738,110,NULL,776,NULL,NULL),
 (739,248,NULL,NULL,NULL,NULL),
 (740,111,NULL,777,NULL,NULL),
 (741,112,NULL,778,NULL,NULL),
 (742,113,NULL,779,NULL,NULL),
 (743,243,NULL,NULL,NULL,NULL),
 (744,248,NULL,NULL,NULL,NULL),
 (745,55,NULL,740,NULL,NULL),
 (746,114,NULL,780,NULL,NULL),
 (747,115,NULL,781,NULL,NULL),
 (748,248,NULL,815,NULL,NULL),
 (749,63,NULL,743,NULL,NULL),
 (750,116,NULL,782,NULL,NULL),
 (751,63,NULL,743,NULL,NULL),
 (752,248,NULL,815,NULL,NULL),
 (753,120,NULL,738,NULL,NULL),
 (754,121,NULL,788,NULL,NULL),
 (755,271,NULL,NULL,NULL,NULL),
 (756,271,NULL,826,NULL,NULL),
 (757,271,NULL,826,NULL,NULL),
 (758,271,NULL,826,NULL,NULL),
 (759,243,NULL,NULL,NULL,NULL),
 (760,260,NULL,NULL,NULL,NULL),
 (761,261,NULL,NULL,NULL,NULL),
 (762,269,NULL,NULL,NULL,NULL),
 (763,248,NULL,NULL,NULL,NULL),
 (764,248,NULL,834,NULL,NULL),
 (765,248,NULL,NULL,NULL,NULL),
 (766,248,NULL,836,NULL,NULL),
 (767,259,NULL,NULL,NULL,NULL),
 (768,259,NULL,NULL,NULL,NULL),
 (769,259,NULL,NULL,NULL,NULL),
 (770,259,NULL,NULL,NULL,NULL),
 (771,120,NULL,738,NULL,NULL),
 (772,121,NULL,788,NULL,NULL),
 (773,52,NULL,NULL,NULL,NULL),
 (774,271,NULL,826,NULL,NULL),
 (775,271,NULL,826,NULL,NULL),
 (776,259,NULL,NULL,NULL,NULL),
 (777,58,NULL,NULL,NULL,NULL),
 (778,256,NULL,NULL,NULL,NULL),
 (779,41,NULL,NULL,NULL,NULL),
 (780,270,NULL,NULL,NULL,NULL),
 (781,270,NULL,847,NULL,NULL),
 (782,270,NULL,847,NULL,NULL),
 (783,270,NULL,847,NULL,NULL),
 (784,271,NULL,826,NULL,NULL),
 (785,270,NULL,847,NULL,NULL),
 (786,270,NULL,847,NULL,NULL),
 (787,120,NULL,738,NULL,NULL),
 (788,121,NULL,788,NULL,NULL),
 (789,270,NULL,847,NULL,NULL),
 (790,72,NULL,752,NULL,NULL),
 (791,270,NULL,847,NULL,NULL),
 (792,270,NULL,847,NULL,NULL),
 (793,270,NULL,NULL,NULL,NULL),
 (794,120,NULL,738,NULL,NULL),
 (795,121,NULL,788,NULL,NULL),
 (796,271,NULL,NULL,NULL,NULL),
 (797,243,NULL,NULL,NULL,NULL),
 (798,248,NULL,NULL,NULL,NULL),
 (799,243,NULL,864,NULL,NULL),
 (800,248,NULL,865,NULL,NULL),
 (801,243,NULL,864,NULL,NULL),
 (802,248,NULL,865,NULL,NULL),
 (803,120,NULL,738,NULL,NULL),
 (804,121,NULL,788,NULL,NULL),
 (805,271,NULL,826,NULL,NULL),
 (806,248,NULL,865,NULL,NULL),
 (807,248,NULL,865,NULL,NULL),
 (808,2,NULL,NULL,NULL,NULL),
 (809,270,NULL,NULL,NULL,NULL),
 (810,248,NULL,NULL,NULL,NULL),
 (811,270,NULL,NULL,NULL,NULL),
 (812,270,NULL,NULL,NULL,NULL),
 (813,120,NULL,738,NULL,NULL),
 (814,121,NULL,788,NULL,NULL),
 (815,58,NULL,844,NULL,NULL),
 (816,248,NULL,NULL,NULL,NULL),
 (817,248,NULL,882,NULL,NULL),
 (818,248,NULL,NULL,NULL,NULL),
 (819,248,NULL,885,NULL,NULL),
 (820,120,NULL,738,NULL,NULL),
 (821,121,NULL,788,NULL,NULL),
 (822,248,NULL,NULL,NULL,NULL),
 (823,58,NULL,844,NULL,NULL),
 (824,248,NULL,889,NULL,NULL),
 (825,248,NULL,889,NULL,NULL),
 (826,248,NULL,889,NULL,NULL),
 (827,2,NULL,875,NULL,NULL),
 (828,120,NULL,738,NULL,NULL),
 (829,121,NULL,788,NULL,NULL),
 (830,271,NULL,NULL,NULL,NULL),
 (831,271,NULL,896,NULL,NULL),
 (832,271,NULL,896,NULL,NULL),
 (833,271,NULL,896,NULL,NULL),
 (834,248,NULL,NULL,NULL,NULL),
 (835,120,NULL,738,NULL,NULL),
 (836,121,NULL,788,NULL,NULL),
 (837,171,NULL,NULL,NULL,NULL),
 (837,28,NULL,NULL,NULL,NULL),
 (837,172,NULL,NULL,NULL,NULL),
 (837,71,NULL,NULL,NULL,NULL),
 (837,73,NULL,NULL,NULL,NULL),
 (837,72,NULL,NULL,NULL,NULL),
 (837,75,NULL,NULL,NULL,NULL),
 (837,74,NULL,NULL,NULL,NULL),
 (837,76,NULL,NULL,NULL,NULL),
 (838,248,NULL,NULL,NULL,NULL),
 (839,248,NULL,904,NULL,NULL),
 (840,248,NULL,904,NULL,NULL),
 (841,120,NULL,738,NULL,NULL),
 (842,121,NULL,788,NULL,NULL),
 (843,58,NULL,NULL,NULL,NULL),
 (844,268,NULL,NULL,NULL,NULL),
 (845,268,NULL,917,NULL,NULL),
 (846,243,NULL,NULL,NULL,NULL),
 (847,271,NULL,896,NULL,NULL),
 (848,120,NULL,738,NULL,NULL),
 (849,121,NULL,788,NULL,NULL),
 (854,120,NULL,738,NULL,NULL),
 (855,121,NULL,788,NULL,NULL),
 (856,120,NULL,738,NULL,NULL),
 (857,121,NULL,788,NULL,NULL),
 (858,120,NULL,738,NULL,NULL),
 (859,121,NULL,788,NULL,NULL),
 (860,2,NULL,NULL,72,NULL),
 (861,2,NULL,NULL,72,4),
 (862,273,NULL,NULL,70,4),
 (862,274,NULL,NULL,70,4),
 (863,120,NULL,738,70,4),
 (864,121,NULL,788,70,4),
 (865,121,NULL,788,70,4),
 (866,273,NULL,932,70,4),
 (867,274,NULL,933,70,4),
 (868,273,NULL,932,70,4),
 (869,274,NULL,933,70,4),
 (870,259,NULL,NULL,73,2),
 (871,259,NULL,NULL,73,4),
 (871,119,NULL,NULL,73,4),
 (872,248,NULL,NULL,73,3),
 (873,273,NULL,NULL,73,4),
 (873,274,NULL,NULL,73,4),
 (874,248,NULL,NULL,73,3),
 (875,248,NULL,944,73,3),
 (876,273,NULL,945,73,4),
 (877,274,NULL,946,73,4),
 (878,248,NULL,NULL,73,3),
 (879,248,NULL,NULL,73,3),
 (881,274,NULL,946,73,4),
 (882,120,NULL,NULL,73,4),
 (882,121,NULL,NULL,73,4),
 (883,259,NULL,NULL,72,2),
 (885,61,NULL,NULL,72,4),
 (885,62,NULL,NULL,72,4),
 (885,63,NULL,NULL,72,4),
 (885,64,NULL,NULL,72,4),
 (885,65,NULL,NULL,72,4),
 (885,66,NULL,NULL,72,4),
 (885,67,NULL,NULL,72,4),
 (885,68,NULL,NULL,72,4),
 (885,69,NULL,NULL,72,4),
 (885,70,NULL,NULL,72,4),
 (885,71,NULL,NULL,72,4),
 (885,72,NULL,NULL,72,4),
 (885,73,NULL,NULL,72,4),
 (885,74,NULL,NULL,72,4),
 (885,76,NULL,NULL,72,4),
 (885,77,NULL,NULL,72,4),
 (885,78,NULL,NULL,72,4),
 (885,79,NULL,NULL,72,4),
 (885,212,NULL,NULL,72,4),
 (885,91,NULL,NULL,72,4),
 (885,92,NULL,NULL,72,4),
 (885,93,NULL,NULL,72,4),
 (885,94,NULL,NULL,72,4),
 (885,95,NULL,NULL,72,4),
 (885,96,NULL,NULL,72,4),
 (885,225,NULL,NULL,72,4),
 (885,100,NULL,NULL,72,4),
 (885,101,NULL,NULL,72,4),
 (885,102,NULL,NULL,72,4),
 (885,104,NULL,NULL,72,4),
 (885,105,NULL,NULL,72,4),
 (885,250,NULL,NULL,72,4),
 (885,251,NULL,NULL,72,4),
 (885,97,NULL,NULL,72,4),
 (885,98,NULL,NULL,72,4),
 (885,99,NULL,NULL,72,4),
 (885,118,NULL,NULL,72,4),
 (885,110,NULL,NULL,72,4),
 (885,111,NULL,NULL,72,4),
 (885,112,NULL,NULL,72,4),
 (885,113,NULL,NULL,72,4),
 (885,114,NULL,NULL,72,4),
 (885,115,NULL,NULL,72,4),
 (885,116,NULL,NULL,72,4),
 (885,117,NULL,NULL,72,4),
 (885,54,NULL,NULL,72,4),
 (885,55,NULL,NULL,72,4),
 (885,75,NULL,NULL,72,4),
 (886,248,NULL,NULL,72,3),
 (887,248,NULL,NULL,73,3),
 (888,272,NULL,NULL,73,3),
 (889,272,NULL,1005,73,3),
 (890,248,NULL,1004,73,3),
 (892,248,NULL,NULL,73,3),
 (893,248,NULL,NULL,73,3),
 (894,248,NULL,NULL,73,3),
 (895,272,NULL,NULL,73,3),
 (896,272,NULL,NULL,73,3),
 (897,272,NULL,NULL,73,3),
 (898,270,NULL,NULL,73,3),
 (899,272,NULL,NULL,73,3),
 (900,272,NULL,1015,73,3),
 (901,120,NULL,NULL,72,4),
 (901,121,NULL,NULL,72,4),
 (902,120,NULL,1017,72,4),
 (903,248,NULL,NULL,73,3),
 (904,248,NULL,1020,73,3),
 (905,272,NULL,NULL,73,3),
 (906,61,NULL,956,72,4),
 (907,62,NULL,957,72,4),
 (908,63,NULL,958,72,4),
 (909,64,NULL,959,72,4),
 (910,248,NULL,NULL,73,3),
 (911,65,NULL,960,72,4),
 (912,66,NULL,961,72,4),
 (913,67,NULL,962,72,4),
 (914,68,NULL,963,72,4),
 (915,69,NULL,964,72,4),
 (916,70,NULL,965,72,4),
 (917,71,NULL,966,72,4),
 (918,72,NULL,967,72,4),
 (919,73,NULL,968,72,4),
 (920,74,NULL,969,72,4),
 (921,76,NULL,970,72,4),
 (922,77,NULL,971,72,4),
 (923,78,NULL,972,72,4),
 (924,79,NULL,973,72,4),
 (925,212,NULL,974,72,4),
 (926,248,NULL,NULL,73,3),
 (927,120,NULL,1017,72,4),
 (928,121,NULL,1018,72,4),
 (929,91,NULL,975,72,4),
 (930,92,NULL,976,72,4),
 (931,93,NULL,977,72,4),
 (932,94,NULL,978,72,4),
 (933,95,NULL,979,72,4),
 (934,96,NULL,980,72,4),
 (935,225,NULL,981,72,4),
 (936,100,NULL,982,72,4),
 (937,101,NULL,983,72,4),
 (938,104,NULL,985,72,4),
 (939,250,NULL,987,72,4),
 (940,251,NULL,988,72,4),
 (941,97,NULL,989,72,4),
 (942,98,NULL,990,72,4),
 (943,99,NULL,991,72,4),
 (944,118,NULL,992,72,4),
 (945,110,NULL,993,72,4),
 (946,111,NULL,994,72,4),
 (947,112,NULL,995,72,4),
 (948,113,NULL,996,72,4),
 (949,114,NULL,997,72,4),
 (950,115,NULL,998,72,4),
 (951,116,NULL,999,72,4),
 (952,117,NULL,1000,72,4),
 (953,54,NULL,1001,72,4),
 (954,55,NULL,1002,72,4),
 (955,75,NULL,1003,72,4),
 (956,248,NULL,NULL,73,3),
 (957,58,NULL,NULL,73,3),
 (958,272,NULL,NULL,73,3),
 (959,259,NULL,NULL,74,2),
 (960,119,NULL,NULL,74,4),
 (960,61,NULL,NULL,74,4),
 (960,62,NULL,NULL,74,4),
 (960,63,NULL,NULL,74,4),
 (960,64,NULL,NULL,74,4),
 (960,65,NULL,NULL,74,4),
 (960,66,NULL,NULL,74,4),
 (960,67,NULL,NULL,74,4),
 (960,68,NULL,NULL,74,4),
 (960,69,NULL,NULL,74,4),
 (960,70,NULL,NULL,74,4),
 (960,71,NULL,NULL,74,4),
 (960,72,NULL,NULL,74,4),
 (960,73,NULL,NULL,74,4),
 (960,74,NULL,NULL,74,4),
 (960,75,NULL,NULL,74,4),
 (960,76,NULL,NULL,74,4),
 (960,77,NULL,NULL,74,4),
 (960,78,NULL,NULL,74,4),
 (960,79,NULL,NULL,74,4),
 (960,212,NULL,NULL,74,4),
 (960,225,NULL,NULL,74,4),
 (960,250,NULL,NULL,74,4),
 (960,54,NULL,NULL,74,4),
 (960,55,NULL,NULL,74,4),
 (960,91,NULL,NULL,74,4),
 (960,92,NULL,NULL,74,4),
 (960,93,NULL,NULL,74,4),
 (960,94,NULL,NULL,74,4),
 (960,95,NULL,NULL,74,4),
 (960,96,NULL,NULL,74,4),
 (960,97,NULL,NULL,74,4),
 (960,98,NULL,NULL,74,4),
 (960,99,NULL,NULL,74,4),
 (960,100,NULL,NULL,74,4),
 (960,101,NULL,NULL,74,4),
 (960,102,NULL,NULL,74,4),
 (960,104,NULL,NULL,74,4),
 (960,105,NULL,NULL,74,4),
 (960,110,NULL,NULL,74,4),
 (960,111,NULL,NULL,74,4),
 (960,112,NULL,NULL,74,4),
 (960,113,NULL,NULL,74,4),
 (960,114,NULL,NULL,74,4),
 (960,115,NULL,NULL,74,4),
 (960,116,NULL,NULL,74,4),
 (960,117,NULL,NULL,74,4),
 (960,118,NULL,NULL,74,4),
 (960,251,NULL,NULL,74,4),
 (962,58,NULL,NULL,73,3),
 (963,120,NULL,NULL,74,4),
 (963,121,NULL,NULL,74,4),
 (964,259,NULL,NULL,74,2),
 (965,119,NULL,NULL,74,4),
 (965,61,NULL,NULL,74,4),
 (965,62,NULL,NULL,74,4),
 (965,63,NULL,NULL,74,4),
 (965,64,NULL,NULL,74,4),
 (965,65,NULL,NULL,74,4),
 (965,66,NULL,NULL,74,4),
 (965,67,NULL,NULL,74,4),
 (965,68,NULL,NULL,74,4),
 (965,69,NULL,NULL,74,4),
 (965,70,NULL,NULL,74,4),
 (965,71,NULL,NULL,74,4),
 (965,72,NULL,NULL,74,4),
 (965,73,NULL,NULL,74,4),
 (965,74,NULL,NULL,74,4),
 (965,75,NULL,NULL,74,4),
 (965,76,NULL,NULL,74,4),
 (965,77,NULL,NULL,74,4),
 (965,78,NULL,NULL,74,4),
 (965,79,NULL,NULL,74,4),
 (965,212,NULL,NULL,74,4),
 (965,225,NULL,NULL,74,4),
 (965,250,NULL,NULL,74,4),
 (965,54,NULL,NULL,74,4),
 (965,55,NULL,NULL,74,4),
 (965,91,NULL,NULL,74,4),
 (965,92,NULL,NULL,74,4),
 (965,93,NULL,NULL,74,4),
 (965,94,NULL,NULL,74,4),
 (965,95,NULL,NULL,74,4),
 (965,96,NULL,NULL,74,4),
 (965,97,NULL,NULL,74,4),
 (965,98,NULL,NULL,74,4),
 (965,99,NULL,NULL,74,4),
 (965,100,NULL,NULL,74,4),
 (965,101,NULL,NULL,74,4),
 (965,102,NULL,NULL,74,4),
 (965,104,NULL,NULL,74,4),
 (965,105,NULL,NULL,74,4),
 (965,110,NULL,NULL,74,4),
 (965,111,NULL,NULL,74,4),
 (965,112,NULL,NULL,74,4),
 (965,113,NULL,NULL,74,4),
 (965,114,NULL,NULL,74,4),
 (965,115,NULL,NULL,74,4),
 (965,116,NULL,NULL,74,4),
 (965,117,NULL,NULL,74,4),
 (965,118,NULL,NULL,74,4),
 (965,251,NULL,NULL,74,4),
 (967,259,NULL,NULL,74,4),
 (969,259,NULL,1130,74,4),
 (970,120,NULL,1127,74,4),
 (971,121,NULL,1128,74,4),
 (972,259,NULL,NULL,74,2),
 (974,259,NULL,NULL,74,4),
 (976,71,NULL,1088,74,4),
 (977,117,NULL,1123,74,4),
 (978,100,NULL,1111,74,4),
 (979,259,NULL,NULL,74,2),
 (981,259,NULL,NULL,74,4),
 (983,225,NULL,1098,74,4),
 (984,119,NULL,NULL,74,4),
 (984,61,NULL,NULL,74,4),
 (984,62,NULL,NULL,74,4),
 (984,63,NULL,NULL,74,4),
 (984,64,NULL,NULL,74,4),
 (984,65,NULL,NULL,74,4),
 (984,66,NULL,NULL,74,4),
 (984,67,NULL,NULL,74,4),
 (984,68,NULL,NULL,74,4),
 (984,69,NULL,NULL,74,4),
 (984,70,NULL,NULL,74,4),
 (984,71,NULL,NULL,74,4),
 (984,72,NULL,NULL,74,4),
 (984,73,NULL,NULL,74,4),
 (984,74,NULL,NULL,74,4),
 (984,75,NULL,NULL,74,4),
 (984,76,NULL,NULL,74,4),
 (984,77,NULL,NULL,74,4),
 (984,78,NULL,NULL,74,4),
 (984,79,NULL,NULL,74,4),
 (984,212,NULL,NULL,74,4),
 (984,225,NULL,NULL,74,4),
 (984,250,NULL,NULL,74,4),
 (984,54,NULL,NULL,74,4),
 (984,55,NULL,NULL,74,4),
 (984,91,NULL,NULL,74,4),
 (984,92,NULL,NULL,74,4),
 (984,93,NULL,NULL,74,4),
 (984,94,NULL,NULL,74,4),
 (984,95,NULL,NULL,74,4),
 (984,96,NULL,NULL,74,4),
 (984,97,NULL,NULL,74,4),
 (984,98,NULL,NULL,74,4),
 (984,99,NULL,NULL,74,4),
 (984,100,NULL,NULL,74,4),
 (984,101,NULL,NULL,74,4),
 (984,102,NULL,NULL,74,4),
 (984,104,NULL,NULL,74,4),
 (984,105,NULL,NULL,74,4),
 (984,110,NULL,NULL,74,4),
 (984,111,NULL,NULL,74,4),
 (984,112,NULL,NULL,74,4),
 (984,113,NULL,NULL,74,4),
 (984,114,NULL,NULL,74,4),
 (984,115,NULL,NULL,74,4),
 (984,116,NULL,NULL,74,4),
 (984,117,NULL,NULL,74,4),
 (984,118,NULL,NULL,74,4),
 (984,251,NULL,NULL,74,4),
 (985,225,NULL,1098,74,4),
 (986,58,NULL,NULL,73,3),
 (987,225,NULL,1098,74,4),
 (988,225,NULL,1098,74,4),
 (989,225,NULL,1098,74,4),
 (990,120,NULL,1127,74,4),
 (991,77,NULL,1094,74,4),
 (992,77,NULL,1094,74,4),
 (993,77,NULL,1094,74,4),
 (994,248,NULL,NULL,73,3),
 (995,243,NULL,NULL,73,3),
 (996,243,NULL,NULL,73,3),
 (997,243,NULL,1153,73,3),
 (998,243,NULL,1153,73,3),
 (999,120,NULL,1127,74,4),
 (1000,121,NULL,1128,74,4),
 (1001,77,NULL,1094,74,4),
 (1002,243,NULL,1153,73,3),
 (1003,77,NULL,1094,74,4),
 (1004,77,NULL,1094,74,4),
 (1005,119,NULL,NULL,71,4),
 (1006,77,NULL,1094,74,4),
 (1007,279,NULL,NULL,74,4),
 (1008,279,NULL,NULL,74,4),
 (1009,77,NULL,1094,74,4),
 (1010,279,NULL,1165,74,4),
 (1011,77,NULL,1094,74,4),
 (1012,243,NULL,1153,73,3),
 (1013,120,NULL,1127,74,4),
 (1014,121,NULL,1128,74,4),
 (1015,225,NULL,1098,74,4),
 (1016,28,NULL,NULL,74,4),
 (1016,172,NULL,NULL,74,4),
 (1016,71,NULL,NULL,74,4),
 (1017,77,NULL,1094,74,4),
 (1018,279,NULL,1165,74,4),
 (1019,225,NULL,1098,74,4),
 (1020,280,NULL,NULL,74,4),
 (1021,280,NULL,1174,74,4),
 (1022,225,NULL,1098,74,4),
 (1023,280,NULL,1174,74,4),
 (1024,280,NULL,1174,74,4),
 (1025,58,NULL,NULL,73,3),
 (1026,77,NULL,1094,74,4),
 (1027,77,NULL,1094,74,4),
 (1028,77,NULL,1094,74,4),
 (1029,225,NULL,1098,74,4),
 (1030,243,NULL,NULL,73,3),
 (1031,225,NULL,1098,74,4),
 (1032,280,NULL,1174,74,4),
 (1033,121,NULL,1128,74,4),
 (1034,266,NULL,NULL,74,4),
 (1034,267,NULL,NULL,74,4),
 (1034,282,NULL,NULL,74,4),
 (1035,243,NULL,1153,73,3),
 (1036,175,NULL,NULL,74,4),
 (1037,243,NULL,1183,73,3),
 (1038,248,NULL,NULL,73,3),
 (1039,266,NULL,NULL,74,4),
 (1040,266,NULL,1193,74,4),
 (1041,267,NULL,NULL,74,4),
 (1042,267,NULL,1196,74,4),
 (1043,267,NULL,1196,74,4),
 (1044,248,NULL,NULL,73,3),
 (1045,248,NULL,1199,73,3),
 (1046,280,NULL,1174,74,4),
 (1047,121,NULL,1128,74,4),
 (1048,267,NULL,1196,74,4),
 (1049,267,NULL,1196,74,4),
 (1050,267,NULL,1196,74,4),
 (1051,267,NULL,1196,74,4),
 (1053,248,NULL,1199,73,3),
 (1054,280,NULL,1174,74,4),
 (1055,121,NULL,1128,74,4),
 (1056,269,NULL,NULL,73,3),
 (1057,280,NULL,1174,74,4),
 (1058,121,NULL,1128,74,4),
 (1059,269,NULL,1208,73,3),
 (1060,259,NULL,NULL,75,2),
 (1061,259,NULL,NULL,75,4),
 (1064,120,NULL,NULL,75,4),
 (1065,270,NULL,NULL,75,3),
 (1066,270,NULL,NULL,75,3),
 (1067,120,NULL,1215,75,4),
 (1068,120,NULL,1215,75,4),
 (1069,280,NULL,NULL,75,4),
 (1070,166,NULL,NULL,73,3),
 (1072,166,NULL,1222,73,3),
 (1073,166,NULL,1222,73,3),
 (1074,2,NULL,NULL,75,4),
 (1075,2,NULL,1225,75,4),
 (1076,2,NULL,1225,75,4),
 (1077,2,NULL,1225,75,4),
 (1078,2,NULL,1225,75,4),
 (1079,259,NULL,NULL,75,2),
 (1080,259,NULL,NULL,75,2),
 (1081,248,NULL,NULL,73,3),
 (1082,2,NULL,1225,75,4),
 (1083,2,NULL,NULL,75,4),
 (1084,272,NULL,NULL,73,3),
 (1085,272,NULL,NULL,73,3),
 (1086,58,NULL,NULL,73,3),
 (1088,280,NULL,1221,75,4),
 (1093,259,NULL,NULL,75,2),
 (1094,259,NULL,NULL,75,2),
 (1095,280,NULL,1221,75,4),
 (1096,259,NULL,NULL,63,4),
 (1097,259,NULL,NULL,63,10),
 (1098,259,NULL,NULL,63,2),
 (1099,259,NULL,NULL,63,9),
 (1100,259,NULL,NULL,63,5),
 (1101,259,NULL,NULL,63,6),
 (1102,259,NULL,NULL,63,7),
 (1103,259,NULL,NULL,63,3),
 (1104,259,NULL,1238,63,4),
 (1105,259,NULL,1238,63,4),
 (1106,259,NULL,1238,63,4),
 (1107,259,NULL,NULL,63,4),
 (1108,259,NULL,NULL,63,10),
 (1109,259,NULL,NULL,63,2),
 (1110,259,NULL,NULL,63,9),
 (1111,259,NULL,NULL,63,5),
 (1112,259,NULL,NULL,63,6),
 (1113,259,NULL,NULL,63,7),
 (1114,259,NULL,NULL,63,3),
 (1115,259,NULL,NULL,63,10),
 (1116,248,NULL,NULL,73,3),
 (1117,248,NULL,1244,73,3),
 (1118,280,NULL,1221,75,4),
 (1119,248,NULL,1244,73,3),
 (1120,248,NULL,1244,73,3),
 (1121,248,NULL,1244,73,3),
 (1122,58,NULL,NULL,73,3),
 (1123,58,NULL,1250,73,3),
 (1124,58,NULL,1250,73,3),
 (1125,58,NULL,1250,73,3),
 (1126,248,NULL,NULL,71,3),
 (1127,280,NULL,1221,75,4),
 (1128,259,NULL,NULL,70,2),
 (1129,259,NULL,NULL,75,2),
 (1130,280,NULL,1221,75,4),
 (1131,58,NULL,NULL,71,3),
 (1132,248,NULL,1254,71,3),
 (1133,248,NULL,1254,71,3),
 (1134,248,NULL,1254,71,3),
 (1135,248,NULL,1254,71,3),
 (1136,77,NULL,NULL,75,4),
 (1137,248,NULL,1254,71,3),
 (1138,77,NULL,1262,75,4),
 (1139,248,NULL,1254,71,3),
 (1140,77,NULL,1262,75,4),
 (1141,248,NULL,NULL,75,3),
 (1142,2,NULL,1225,75,4),
 (1143,259,NULL,NULL,75,4),
 (1144,259,NULL,NULL,75,4),
 (1145,259,NULL,NULL,75,4),
 (1146,280,NULL,1221,75,4),
 (1147,121,NULL,NULL,75,4),
 (1148,248,NULL,NULL,75,3),
 (1149,259,NULL,NULL,63,4),
 (1150,259,NULL,NULL,63,10),
 (1151,259,NULL,NULL,63,2),
 (1152,259,NULL,NULL,63,9),
 (1153,259,NULL,NULL,63,5),
 (1154,259,NULL,NULL,63,6),
 (1155,259,NULL,NULL,63,7),
 (1156,259,NULL,NULL,63,3),
 (1157,259,NULL,NULL,63,10),
 (1158,259,NULL,NULL,63,4),
 (1159,259,NULL,NULL,63,10),
 (1160,259,NULL,NULL,63,2),
 (1161,259,NULL,NULL,63,9),
 (1162,259,NULL,NULL,63,5),
 (1163,259,NULL,NULL,63,6),
 (1164,259,NULL,NULL,63,7),
 (1165,259,NULL,NULL,63,3),
 (1166,259,NULL,NULL,63,10),
 (1167,258,NULL,NULL,75,1),
 (1168,248,NULL,1271,75,3),
 (1169,248,NULL,1271,75,3),
 (1170,259,NULL,NULL,75,4),
 (1171,119,NULL,NULL,75,4),
 (1172,280,NULL,1221,75,4),
 (1173,58,NULL,NULL,75,3),
 (1174,248,NULL,NULL,75,3),
 (1175,248,NULL,NULL,75,3),
 (1176,248,NULL,1280,75,3),
 (1177,248,NULL,1280,75,3),
 (1178,248,NULL,1280,75,3),
 (1179,272,NULL,NULL,75,3),
 (1180,248,NULL,1280,75,3),
 (1181,280,NULL,1221,75,4),
 (1182,248,NULL,NULL,75,3),
 (1184,272,NULL,NULL,75,3),
 (1185,272,NULL,NULL,75,3),
 (1186,39,NULL,NULL,75,3),
 (1187,248,NULL,NULL,75,3),
 (1188,272,NULL,NULL,75,3),
 (1189,248,NULL,NULL,75,3),
 (1190,248,NULL,NULL,75,3),
 (1191,2,NULL,1225,75,4),
 (1,280,NULL,1221,75,4),
 (2,280,NULL,1221,75,4),
 (1192,280,NULL,1221,75,4),
 (1193,280,NULL,1221,75,4),
 (1194,248,NULL,1294,75,3),
 (1195,280,NULL,1221,75,4),
 (1196,280,NULL,1221,75,4),
 (1197,248,NULL,NULL,75,3),
 (1198,272,NULL,NULL,75,3),
 (1200,248,NULL,NULL,75,3),
 (1201,272,NULL,NULL,75,3),
 (1202,248,NULL,1299,75,3),
 (1203,2,NULL,1225,75,4),
 (1204,259,NULL,NULL,75,2),
 (1205,248,NULL,NULL,75,3),
 (1206,280,NULL,1221,75,4),
 (1207,248,NULL,NULL,75,3),
 (1208,248,NULL,NULL,75,3),
 (1209,248,NULL,NULL,75,3),
 (1210,248,NULL,NULL,75,3),
 (1211,248,NULL,NULL,75,3),
 (1212,248,NULL,NULL,75,3),
 (1213,248,NULL,NULL,75,3),
 (1214,243,NULL,NULL,75,3),
 (1215,268,NULL,NULL,75,3),
 (1217,259,NULL,NULL,76,2),
 (1219,258,NULL,NULL,76,1),
 (1220,248,NULL,NULL,73,3),
 (1221,272,NULL,NULL,73,3),
 (1222,272,NULL,1316,73,3),
 (1223,248,NULL,1315,73,3),
 (1224,248,NULL,1315,73,3),
 (1225,248,NULL,1315,73,3),
 (1226,248,NULL,1315,73,3),
 (1227,248,NULL,1315,73,3),
 (1228,248,NULL,1315,73,3),
 (1229,248,NULL,1315,73,3),
 (1230,248,NULL,1315,73,3),
 (1231,280,NULL,1221,75,4),
 (1232,58,NULL,NULL,73,3),
 (1233,248,NULL,NULL,73,3),
 (1234,248,NULL,NULL,73,3),
 (1235,248,NULL,NULL,73,3),
 (1236,121,NULL,1270,75,4),
 (1237,248,NULL,1315,73,3),
 (1238,2,NULL,1225,75,4),
 (1239,167,NULL,NULL,73,3),
 (1240,124,NULL,NULL,75,4),
 (1241,58,NULL,NULL,73,3),
 (1242,58,NULL,NULL,73,3),
 (1243,58,NULL,NULL,73,3),
 (1244,248,NULL,NULL,73,3),
 (1245,248,NULL,NULL,75,3),
 (1246,259,NULL,NULL,76,4),
 (1247,259,NULL,NULL,76,4),
 (1248,248,NULL,NULL,73,3),
 (1249,248,NULL,1337,73,3),
 (1250,248,NULL,1337,73,3),
 (1251,248,NULL,1337,73,3),
 (1252,248,NULL,1337,73,3),
 (1253,248,NULL,1337,73,3),
 (1254,248,NULL,1337,73,3),
 (1255,248,NULL,1337,73,3),
 (1256,248,NULL,1337,73,3),
 (1257,248,NULL,1337,73,3),
 (1258,248,NULL,1337,73,3),
 (1259,248,NULL,1337,73,3),
 (1260,248,NULL,1337,73,3),
 (1261,248,NULL,1337,73,3),
 (1262,248,NULL,1337,73,3),
 (1263,248,NULL,1337,73,3),
 (1264,248,NULL,1337,73,3),
 (1265,248,NULL,1337,73,3),
 (1266,2,NULL,NULL,76,4),
 (1267,259,NULL,NULL,76,2),
 (1268,280,NULL,NULL,76,4),
 (1269,248,NULL,NULL,73,3),
 (1270,248,NULL,1337,73,3),
 (1271,248,NULL,1337,73,3),
 (1272,248,NULL,1337,73,3),
 (1273,248,NULL,1337,73,3),
 (1274,248,NULL,1337,73,3),
 (1275,280,NULL,NULL,76,4),
 (1276,280,NULL,NULL,76,4),
 (1277,248,NULL,1337,73,3),
 (1278,248,NULL,1337,73,3),
 (1279,248,NULL,1337,73,3),
 (1280,248,NULL,1337,73,3),
 (1281,248,NULL,1337,73,3),
 (1282,259,NULL,NULL,77,2),
 (1283,119,NULL,NULL,77,4),
 (1283,61,NULL,NULL,77,4),
 (1283,62,NULL,NULL,77,4),
 (1283,63,NULL,NULL,77,4),
 (1283,64,NULL,NULL,77,4),
 (1283,65,NULL,NULL,77,4),
 (1283,66,NULL,NULL,77,4),
 (1283,67,NULL,NULL,77,4),
 (1283,68,NULL,NULL,77,4),
 (1283,69,NULL,NULL,77,4),
 (1283,70,NULL,NULL,77,4),
 (1283,71,NULL,NULL,77,4),
 (1283,72,NULL,NULL,77,4),
 (1283,73,NULL,NULL,77,4),
 (1283,74,NULL,NULL,77,4),
 (1283,75,NULL,NULL,77,4),
 (1283,76,NULL,NULL,77,4),
 (1283,77,NULL,NULL,77,4),
 (1283,78,NULL,NULL,77,4),
 (1283,79,NULL,NULL,77,4),
 (1283,212,NULL,NULL,77,4),
 (1283,225,NULL,NULL,77,4),
 (1283,250,NULL,NULL,77,4),
 (1283,54,NULL,NULL,77,4),
 (1283,55,NULL,NULL,77,4),
 (1283,91,NULL,NULL,77,4),
 (1283,92,NULL,NULL,77,4),
 (1283,93,NULL,NULL,77,4),
 (1283,94,NULL,NULL,77,4),
 (1283,95,NULL,NULL,77,4),
 (1283,96,NULL,NULL,77,4),
 (1283,97,NULL,NULL,77,4),
 (1283,98,NULL,NULL,77,4),
 (1283,99,NULL,NULL,77,4),
 (1283,100,NULL,NULL,77,4),
 (1283,101,NULL,NULL,77,4),
 (1283,102,NULL,NULL,77,4),
 (1283,104,NULL,NULL,77,4),
 (1283,105,NULL,NULL,77,4),
 (1283,110,NULL,NULL,77,4),
 (1283,111,NULL,NULL,77,4),
 (1283,112,NULL,NULL,77,4),
 (1283,113,NULL,NULL,77,4),
 (1283,114,NULL,NULL,77,4),
 (1283,115,NULL,NULL,77,4),
 (1283,116,NULL,NULL,77,4),
 (1283,117,NULL,NULL,77,4),
 (1283,118,NULL,NULL,77,4),
 (1283,251,NULL,NULL,77,4),
 (1285,248,NULL,1337,73,3),
 (1286,248,NULL,1337,73,3),
 (1288,248,NULL,NULL,73,3),
 (1290,248,NULL,1424,73,3),
 (1291,248,NULL,1424,73,3),
 (1292,248,NULL,1424,73,3),
 (1293,248,NULL,1424,73,3),
 (1295,248,NULL,1424,73,3),
 (1296,272,NULL,NULL,73,3),
 (1297,248,NULL,NULL,73,3);
/*!40000 ALTER TABLE `task_to_test` ENABLE KEYS */;


--
-- Definition of table `template`
--

DROP TABLE IF EXISTS `template`;
CREATE TABLE `template` (
  `template_id` int(11) NOT NULL AUTO_INCREMENT,
  `template_name` varchar(50) NOT NULL,
  `template_status` int(11) NOT NULL DEFAULT '0' COMMENT '0:normal, 2:suspended',
  `status_reason` varchar(144) DEFAULT NULL,
  PRIMARY KEY (`template_id`)
) ENGINE=InnoDB AUTO_INCREMENT=13 DEFAULT CHARSET=latin1;

--
-- Dumping data for table `template`
--

/*!40000 ALTER TABLE `template` DISABLE KEYS */;
INSERT INTO `template` (`template_id`,`template_name`,`template_status`,`status_reason`) VALUES 
 (1,'SIT',2,'NULL'),
 (2,'BDT-AT',0,'NULL'),
 (3,'PAT',0,'NULL'),
 (4,'OAT',0,'NULL'),
 (5,'BAT1',0,'NULL'),
 (6,'BAT2',2,'NULL'),
 (7,'BAT3',0,'NULL'),
 (8,'WSS',2,'NULL'),
 (9,'LSS1',2,'NULL'),
 (10,'LSS2',2,'NULL'),
 (11,'SAE',2,NULL),
 (12,'MT1',2,'NULL');
/*!40000 ALTER TABLE `template` ENABLE KEYS */;


--
-- Definition of table `template_instance`
--

DROP TABLE IF EXISTS `template_instance`;
CREATE TABLE `template_instance` (
  `template_id` int(11) NOT NULL,
  `instance_id` int(11) NOT NULL AUTO_INCREMENT,
  `status` int(11) NOT NULL COMMENT '0-available, 1-in_use, 2-suspended, 3-unavailable',
  `status_reason` varchar(144) DEFAULT NULL,
  PRIMARY KEY (`instance_id`)
) ENGINE=MyISAM AUTO_INCREMENT=21 DEFAULT CHARSET=latin1;

--
-- Dumping data for table `template_instance`
--

/*!40000 ALTER TABLE `template_instance` DISABLE KEYS */;
INSERT INTO `template_instance` (`template_id`,`instance_id`,`status`,`status_reason`) VALUES 
 (2,1,0,'NULL'),
 (1,2,2,'NULL'),
 (3,3,1,'NULL'),
 (4,4,0,'NULL'),
 (7,7,0,'NULL'),
 (10,18,2,'NULL'),
 (10,17,2,'NULL'),
 (10,16,2,'NULL'),
 (9,15,2,'NULL'),
 (9,14,2,'NULL'),
 (8,13,2,'NULL'),
 (8,12,2,'NULL'),
 (8,11,2,'NULL'),
 (8,10,2,'NULL'),
 (8,9,2,'NULL'),
 (8,8,2,'NULL'),
 (6,6,2,'NULL'),
 (5,5,0,'NULL'),
 (12,19,2,'NULL');
/*!40000 ALTER TABLE `template_instance` ENABLE KEYS */;


--
-- Definition of table `test_case`
--

DROP TABLE IF EXISTS `test_case`;
CREATE TABLE `test_case` (
  `test_id` int(11) NOT NULL AUTO_INCREMENT,
  `app` varchar(50) NOT NULL,
  `template_id` int(11) NOT NULL,
  `name` varchar(250) NOT NULL,
  `description` varchar(255) NOT NULL,
  `execution_type` varchar(20) NOT NULL,
  `status` varchar(20) NOT NULL,
  PRIMARY KEY (`test_id`)
) ENGINE=MyISAM AUTO_INCREMENT=283 DEFAULT CHARSET=latin1;

--
-- Dumping data for table `test_case`
--

/*!40000 ALTER TABLE `test_case` DISABLE KEYS */;
INSERT INTO `test_case` (`test_id`,`app`,`template_id`,`name`,`description`,`execution_type`,`status`) VALUES 
 (1,'Core',0,'Demo Core Test','Test for demo purposes','sequential','active'),
 (2,'',4,'OAT Troubleshooting 1','Troubleshooting test','sequential','active'),
 (3,'',3,'PAT Troubleshooting 1','Troubleshooting test','sequential','active'),
 (4,'',4,'OAT Troubleshooting 2','Troubleshooting Test','sequential','active'),
 (5,'',3,'16 Adapter 20 TPS Mod Del','This test will feed a mix of Order deletions/Modifications as well as New Order Singles for 16 adapters on 1 IORS BSI at 25 TPS - PAT','sequential','active'),
 (6,'',3,'16 Adapter 40tps Prod Throttle','This test will feed New Order Singles for 16 adapters on 1 IORS BSI at a rate of 40 TPS with Production Gateway Throttling - PAT','sequential','active'),
 (7,'',3,'16 Adapter Rampup No Throttle 1000tps','This test will feed New Order Singles on 16 adapter for 1 IORS BSI at a rate of 25 tps ramping up every 20 seconds until 1000 tps is reached - PAT','sequential','active'),
 (8,'',3,'16 Adapter Steady 40tps','This test will feed New Order Singles for 16 Adapters on 1 IORS BSI at a rate of 40 TPS with No Gateway Throttling - PAT','sequential','active'),
 (9,'',3,'16 IOC Adapter Rampup No Throttle 1000tps','This test will feed IOC Orders on 16 adapter for 1 IORS BSI at a rate of 25 tps ramping up every 20 seconds until 1000 tps is reached - PAT','sequential','active'),
 (10,'',3,'18 Adapter 3 BSI Rampup No Throttle 1000tps','This test will feed New Order Singles on 18 adapter for 3 BSI IORS at a rate of 25 tps ramping up every 20 seconds until 1000 tps is reached - PAT','sequential','active'),
 (11,'',3,'1 Adapter RampUp 1000tps','This test will feed New Order Singles on 1 adapter for 1 IORS BSI at a rate of 25 tps ramping up every 20 seconds until 1000 tps is reached - PAT.','sequential','active'),
 (12,'',3,'1 Adapter Rampup 100tps','This test will feed New Order Singles on 1 adapter for 1 IORS BSI at a rate of 25 tps ramping up every 20 seconds until 100 tps is reached - PAT.','sequential','active'),
 (13,'',3,'8 Adapter Rampup No Throttle 1000tps','This test will feed New Order Singles on 1 adapter for 1 IORS BSI at a rate of 25 tps ramping up every 20 seconds until 100 tps is reached - PAT','sequential','active'),
 (14,'',3,'GEMINI PT101','Intraday IOC TPS for the Gemini Market - PAT Core','sequential','active'),
 (15,'',3,'GEMINI PT102','Intraday Quote TPS for the Gemini market - PAT Core','sequential','active'),
 (16,'',3,'GEMINI PT103','Intraday EFI ABBO for the Gemini market - PAT Core','sequential','active'),
 (17,'',3,'GEMINI PT104','Intraday EFI UBBO for the Gemini market - PAT Core','sequential','active'),
 (18,'',3,'GEMINI PT105','Intraday Ramp-up, Mixed TPS for the Gemini market - PAT Core','sequential','active'),
 (19,'',3,'GEMINI PT106','Intraday ISE BBO for the Gemini market - PAT Core','sequential','active'),
 (20,'',3,'GEMINI PT107','Intraday Trade bdx for the Gemini market - PAT Core','sequential','active'),
 (21,'',3,'GEMINI PT111','Market Open IOC TPS for the Gemini market - PAT Core','sequential','active'),
 (22,'',3,'GEMINI PT112','Market Open Quote TPS for the Gemini market - PAT Core','sequential','active'),
 (23,'',3,'GEMINI PT113','Market Open EFI ABBO for the Gemini market - PAT Core','sequential','active'),
 (24,'',3,'GEMINI PT114','Market Open EFI UBBO for the Gemini market - PAT Core','sequential','active'),
 (25,'',3,'GEMINI PT115','Market Open Mixed TPS for the Gemini market - PAT Core','sequential','active'),
 (26,'',3,'GEMINI PT116','Market Open ISE BBO for the Gemini market - PAT Core','sequential','active'),
 (27,'',3,'GEMINI PT117','Market Open Trade bdx for the Gemini market - PAT Core','sequential','active'),
 (28,'',4,'Clean Disk Space','None','sequential','active'),
 (29,'',4,'OAT ISE Apps Delete Logs','Delete all logs on Windows servers in D:iselog and some other directories','sequential','active'),
 (30,'',3,'ISE AON ABBORampup','ABBO ramp-up across 7 feeders ramping up from 25 tps to 775 tps - PAT Core','sequential','active'),
 (31,'',3,'ISE AON MEQS Crossed With IBBO','This test creates 40k AON Buy orders and then runs an ABBO ramp-up - PAT Core','sequential','active'),
 (32,'',3,'ISE AON MEQS Crossed with MEQS','This test creates 40k AON Buy orders, 40k AON Sell orders and then runs an ABBO ramp-up - PAT Core','sequential','active'),
 (33,'',3,'ISE AON MEQS Not Crossed With IBBO','This test creates 40k AON Buy orders and then runs an ABBO ramp-up greater than the Buy price - PAT Core','sequential','active'),
 (34,'',3,'ISE AON MEQs with IBBO and MEQ','Enters quotes at prices 57x62 | 57.50x61.50 | 58x61 | 58.50x60.50 | 59x60. Enter 40k AON Buy orders between 57-62, 40K AON Sell orders between 57-62. Afterwards run an ABBO ramp-up. - PAT Core','sequential','active'),
 (35,'',3,'ISE PT101','Intraday IOC TPS for the ISE Market - PAT Core','sequential','active'),
 (36,'',3,'ISE PT102','Intraday Quote TPS for the ISE market - PAT Core','sequential','active'),
 (37,'',3,'ISE PT103','Intraday EFI ABBO for the ISE market - PAT Core','sequential','active'),
 (38,'',3,'ISE PT104','Intraday EFI UBBO for the ISE market - PAT Core','sequential','active'),
 (39,'',3,'ISE PT105','Intraday Ramp-up, Mixed TPS for the ISE market - PAT Core','sequential','active'),
 (40,'',3,'ISE PT106','Intraday ISE BBO for the ISE market - PAT Core','sequential','active'),
 (41,'',3,'ISE PT107','Intraday Trade bdx for the ISE market - PAT Core','sequential','active'),
 (42,'',3,'ISE PT111','Market Open IOC TPS for the ISE market - PAT Core','sequential','active'),
 (43,'',3,'ISE PT112','Market Open Quote TPS for the ISE market - PAT Core','sequential','active'),
 (44,'',3,'ISE PT113','Market Open EFI ABBO for the ISE market - PAT Core','sequential','active'),
 (45,'',3,'ISE PT114','Market Open EFI UBBO for the ISE market - PAT Core','sequential','active'),
 (46,'',3,'ISE PT115','Market Open Mixed TPS for the ISE market - PAT Core','sequential','active'),
 (47,'',3,'ISE PT116','Market Open ISE BBO for the ISE market - PAT Core','sequential','active'),
 (48,'',3,'ISE PT117','Market Open Trade bdx for the ISE market - PAT Core','sequential','active'),
 (49,'',4,'OAT 11 IORS BSI Failover Cluster','Failure and recovery of IORS BSI Service. Order entry, via IORS Feeder, should only be temporarily impacted while BSI is recovered.','sequential','active'),
 (50,'',4,'OAT 13 IORS RegularBSI Adapter Failure','This test stops the BSI adapter, via a Tibco message, verifies inability to connect to BSI, starts up the adapter and finally verifies order entry, via IORS Feeder.','sequential','active'),
 (51,'',4,'OAT 14 IORS Svc Bureau BSI Adapter Failure','This test stops the Service Bureau BSI adapter, via a Tibco message, verifies inability to connect to BSI, starts up the service bureau adapter and finally verifies order entry, via IORS Feeder.','sequential','active'),
 (52,'',4,'OAT 22 Pope Leader to Member Failover','This test verifies that a Pope leader to member failover has minimal impact on order entry. Order entry should work as soon as member Pope is started.','sequential','active'),
 (53,'',4,'OAT 23 Trade Manager Leader to Member Failover','This test verifies that a Trade Manager leader to member failover has no impact on order entry. Order entry should work as soon as member Trade Manager is started.','sequential','active'),
 (54,'',4,'OAT 81 RefData ME Failure','This test verifies that a Matcher Engine failure prevents complex instrument additions, product state changes and it verifies that events can still be created.','sequential','active'),
 (55,'',4,'OAT 82 RefData Gateway Failure','This test verifies that if a Gateway is down user logins will not be successful.','sequential','active'),
 (56,'',4,'OAT 8 Baseline Order Management','IORS order submission via IORS Feeder and verification of order fills in TradeDB.','sequential','active'),
 (57,'',3,'Rotate IORS No Throttle','This test will prepare the environment, disable gateway throttling and restart IORS - PAT','sequential','active'),
 (58,'',3,'Rotate PAT','This test will prepare the environment for testing and then execute the desired performance tests.','sequential','active'),
 (59,'',3,'RTP Ramp Up Binary Mode','While RTP is running, run an intraday Ramp-up, Mixed TPS with FastEncode False - PAT','sequential','active'),
 (60,'',3,'RTP Spike Test FE True','While RTP is running, run a feed which spikes from 5k TPS to 30K tps with FastEncode True - PAT','sequential','active'),
 (61,'',4,'Core 431 Matcher Leader Failover','This test verifies that when the leader Matcher fails, the member becomes the leader. The following is also verified: instruments are HALTED when the leader goes down; after the failover, the products can be rotated to OPEN and the instruments rotated to ','sequential','active'),
 (62,'',4,'Core 432 Pope Leader Failover','This test verifies that when the leader Pope processes go down the member processes take over without affecting order submission.','sequential','active'),
 (63,'',4,'Core 433 RIB Leader Failover','This test verifies that when the leader RdaInboundBridge fails the secondary takes over. Complex instruments are created and verified after the failover.','sequential','active'),
 (64,'',4,'Core 434 MDD Leader Failover','Verification of MDD member taking over when MDD leader fails.','sequential','active'),
 (65,'',4,'Core 435 Audit Trail Leader Failover','Verification of AuditTrail member takeover when leader fails. Check is performed by comparing AT file sizes before and after the failover.','sequential','active'),
 (66,'',4,'Core 436 TM Failover','Verification of Trade Manager member takeover when leader fails. Order submission and trade verification is performed soon after the failover to check for minimal impact to trading.','sequential','active'),
 (67,'',4,'Core 438 System Monitor Failover','Verification of member takeover when leader System Monitor process fails. After the failover, another core process is killed and opcon gtsstatus is run to verify that the process that was just killed is shown as down - this verifies that the secondary Sys','sequential','active'),
 (68,'',4,'Core 439 System Controller Failover','This test verifies that the secondary System Controller takes over when the leader fails.','sequential','active'),
 (69,'',4,'Core 440 Session Manager Failover','This test verifies that when the leader Session Manager fails, the secondary takes over.','sequential','active'),
 (70,'',4,'Core 457 Status Manager Failover','This test verifies that the secondary Status Manager takes over when the leader fails. First, partition 2 processes are killed as well as RdaOutboundBridge and the leader StatusManager. Then, once the secondary status manager has taken over, partition 2 i','sequential','active'),
 (71,'',4,'Core 415 Change Product State Script','This test verifies products can be rotated to Start Of Day','sequential','active'),
 (72,'',4,'Core 416 DB Cleanups','This test runs through all of the databases that the opcon command \'dbclean\' accepts. It verifies that the commands result in some basic output such as \'Task Completed\'','sequential','active'),
 (73,'',4,'Core 417 SetPartitionSync Wait and Release','This test verifies that when a partition is put into a WAIT state by the setpartitionsync command, the Matcher\'s state is \'W_SYNC\'. Then after a \'release\' command, the Matchers\' state is RUNNING.','sequential','active'),
 (74,'',4,'Core 418 Gateway Authentication','This test simply verifies that a user can log in to any Gateway.','sequential','active'),
 (75,'',4,'Core 419 Scheduler Event Pause Resume','This test does the following: creates an event with a trigger time 2 minutes in the futures, checks RDB for that created event, checks the event exists using eventCheck.py, stop Jboss, verifies the created event is now marked as failed, starts Jboss, and ','sequential','active'),
 (76,'',4,'Core 424 System Startup Shutdown','This test verifies that \'gtsCtrl stop\' and \'gtsCtrl start\' can successfully stop and start the core.','sequential','active'),
 (77,'',4,'Core 426 dbsync dbcheck Local DBs','This test runs through the available databases for the \'dbsync\' and \'dbcheck\' opcon commands. It checks the output for some basic strings such as \'Task Completed\' and \'in sync\'.','sequential','active'),
 (78,'',4,'Core 427 uCheck Functionality','This test runs through the various options available for uCheck.py. It searches the output of the commands for expected results.','sequential','active'),
 (79,'',4,'Core 500 MG Session Manager Load Balancing','This test verifies gateway load balancing. When multiple user log in to a connection gateway they\'re routed to separate gateways to balance the load on each gateway.','sequential','active'),
 (80,'',4,'ISE 186 IORS Primary IRC Failure','This test verifies that when the primary IRS IRC fails, the secondary takes over and processes data.','sequential','active'),
 (81,'',4,'ISE 222 LOR Primary LOR Failure','This test does the following: performs a baseline LOR traffic test (submits order that is routed to LOR), then fails the primary LOR, verifies the primary is down and the secondary is still running, checks the LOR logs for any errors, and finally submits ','sequential','active'),
 (82,'',4,'ISE 224 OCCTR Failover','This test verifies that the secondary OCCTR processes data after the primary has failed. It does this by comparing file sizes.','sequential','active'),
 (83,'',4,'ISE 225 LOR UME Failover','This test verifies that the UMEs can failover from primary to backup and that the failover does not affect LOR.','sequential','active'),
 (84,'',4,'ISE 226 LOR Startup Without UME','This test verifies that if UME is down, LOR will not start up.','sequential','active'),
 (85,'',4,'ISE 227 LOR Startup Without Exegy','This test verifies that if Exegy cannot be reached, LOR does not start.','sequential','active'),
 (86,'',4,'ISE 228 LOR Intra Day Loss Of All UME','This test verifies that when LOR loses all of UME LOR continues to run until an order it routed through LOR at which point LOR will crash because it cannot write to UME.','sequential','active'),
 (87,'',4,'ISE 230 LOR Gateway Failure','This test verifies that when LOR loses connection with its primary gateway it writes an error to the log and then connects to the back gateway.','sequential','active'),
 (88,'',4,'ISE 232 LOR Loss Of Fix','This test verifies that when LOR loses its connection to the linkage handler it breaks its gateway connection. Then when the LH is restarted, LOR connects automatically to the LH and the gateway.','sequential','active'),
 (89,'',4,'ISE 241 RTP Baseline','This test verifies that when an order is submitted, RTP stores the order into the Market Place DB.','sequential','active'),
 (90,'',4,'ISE 257 LOR Baseline','This test verifies that orders can be routed and traded using LOR.','sequential','active'),
 (91,'',4,'OAT 55 24h Cycle BC Trade Open Failure','This test verifies that if a BC Trade Open fails, the core processes do not crash.','sequential','active'),
 (92,'',4,'OAT 56 24h Cycle BC Order Open Failure','This test verifies that if a BC Order Open fails, the core processes do not crash.','sequential','active'),
 (93,'',4,'OAT 57 24h Cycle Matcher Release Failure','This test verifies that when the Matcher\'s are in W_SYNC, because the release failed, products cannot be rotated to SOD.','sequential','active'),
 (94,'',4,'OAT 58 24h Cycle Trading Start of Day Failure','This test verifies that when Start of Day fails, RDD and TM can still go to Open','sequential','active'),
 (95,'',4,'OAT 62 24h Cycle Trading Open Failure','This test verifies that processes should not be impacted if products fail to go to Open.','sequential','active'),
 (96,'',4,'OAT 63 24h Cycle Trading Open Failure','This test verifies if products fail to rotate to Open the processes do not crash.','sequential','active'),
 (97,'',4,'OAT 68 24h Cycle Trading Post End of Day Failure','This test verifies that processes do not crash if products fail to move to post end of day.','sequential','active'),
 (98,'',4,'OAT 77 24h Cycle System Monitor Failure','This test verifies that core functionality such as order submission is not impacted if all system monitor processes fail.','sequential','active'),
 (99,'',4,'OAT 79 24h Cycle Cross DBs Failure','This test verifies if the cross partition databases are down nothing is accessible.','sequential','active'),
 (100,'',4,'OAT 20 Gateway Failure','This test verifies if the gateways are down, users cannot log in to the core.','sequential','active'),
 (101,'',4,'OAT 21 ME Failover','This test verifies that if the leader Matcher fails the secondary takes over.','sequential','active'),
 (102,'',4,'OAT 30 Mdd Failover','This test verifies that if the leader MDD fails the secondary still provides data to MDS. This check is performed by using Windows PerfMon to see data going into MDS.','sequential','active'),
 (103,'',4,'OAT 33 MDS LVC Failover','This test verifies that if the primary MDS fails the secondary is still processing data from the core.','sequential','active'),
 (104,'',4,'OAT 38 ME Failure','This test verifies that if both Matcher tiers fail, products cannot be rotated.','sequential','active'),
 (105,'',4,'OAT 39 Mdd Failure','This test verifies that if both MDD processes are down, MDS does not get any data.','sequential','active'),
 (106,'',4,'OAT 41 MDS LVC Failure','This test verifies that if both MDS services are down, PerfMon sees no activity.','sequential','active'),
 (107,'',4,'OAT 2 Matcher Leader to Member Failover','This test verifies IORS is still able to process orders after a matcher leader to member failover.','sequential','active'),
 (108,'',4,'OAT 3 Precise BSI Failover','This test verifies that if the Precise BSI is killed on one clustered node, it starts up on the backup clustered node.','sequential','active'),
 (109,'',4,'OAT 6 Precise Ports Failover','This test verifies that if the primary Precise Ports service is killed the secondary is still running.','sequential','active'),
 (110,'',4,'OAT 83 RefData Base Line','This test verifies complex instruments can be created and verified in the database.','sequential','active'),
 (111,'',4,'OAT 84 RefData Pope Failure','This test verifies that if both Pope processes fail: complex instruments cannot be created and events can still be created.','sequential','active'),
 (112,'',4,'OAT 85 RefData RdaIB Failure','This test verifies that if both RIB processes are down complex instrument creation will fail.','sequential','active'),
 (113,'',4,'OAT 86 RefData ActiveMQ Failure','This test verifies that if the core\'s ActiveMQ is down, complex instruments cannot be created, products will not rotate and events cannot be created.','sequential','active'),
 (114,'',4,'OAT 87 RefData Jboss Failure','This test verifies that if JBoss is down, complex instruments cannot be created, events cannot be created, and products changes will not make it to ViewDB.','sequential','active'),
 (115,'',4,'OAT 88 RefData RdaOB Failure','This test verifies that if both ROB processes are down, complex instruments cannot be created, events and product state changes will not make it to ViewDB.','sequential','active'),
 (116,'',4,'OAT 89 RefData Rdd Failure','This test verifies that if both RDD processes are down, complex instruments and events can still be created, and product state changes are not impacted.','sequential','active'),
 (117,'',4,'OAT 93 eventCheck Functionality','This test runs through all of the options available to eventCheck.py and verifies that the script produces expected and valid output.','sequential','active'),
 (118,'',4,'OAT 94 piCheck Functionality','This test runs through all of the options available to piCheck.py and verifies that the script produces expected and valid output.','sequential','active'),
 (119,'',4,'OAT Full Core Rotation','Shut down and restart of OAT\'s Core.','sequential','active'),
 (120,'',4,'OAT Morning Rotation','Complete shut down and start up of OAT\'s Core. Events are run, databases are cleaned, etc.','sequential','active'),
 (121,'',4,'OAT ISE Apps Rotate All','Complete shutdown and restart of all ISE Apps in OAT, including configuration services and ActiveMQ. All files in D:\\ise\\log are deleted. IISReset is performed on each server.','sequential','active'),
 (122,'',3,'24 Adapter 3 BSI Rampup No Throttle 1000tps','This test will ramp-up to 1000 tps for 24 adapters spread across 3 BSIs with no gateway throttling - PAT','sequential','active'),
 (123,'',3,'24 Adapter 3 BSI Steady No Throttle 40tps','This test will run a steady feed of Order Adds for 24 Adapters across 3 BSI at a rate of 40 tps per adapter - PAT','sequential','active'),
 (124,'',4,'Core Health Check','Run a health check on the environment.','sequential','active'),
 (125,'',3,'IORS Partial Fill Latency Test','This test will feed a steady rate of 4 Market Makers quoting with 1 IORS adapter sending in orders creating Partial Fills - PAT','sequential','active'),
 (126,'',3,'ISE BAITS1','This test will prepare the environment for testing and then execute the desired performance tests.','sequential','active'),
 (127,'',3,'ISE BAITS2','This test will prepare the environment for testing and then execute the desired performance tests.','sequential','active'),
 (128,'',3,'ISE BAITS3','This test will prepare the environment for testing and then execute the desired performance tests.','sequential','active'),
 (129,'',3,'ISE BAITS4','This test will prepare the environment for testing and then execute the desired performance tests.','sequential','active'),
 (130,'',3,'ISE BAITS5','This test will prepare the environment for testing and then execute the desired performance tests.','sequential','active'),
 (131,'',3,'ISE BAITS6','This test will prepare the environment for testing and then execute the desired performance tests.','sequential','active'),
 (132,'',3,'RTP Market Open FE True','While RTP is running, simulate market open with FastEncode True - PAT','sequential','active'),
 (133,'',3,'IORS 16 Adapter 1 BSI Fill Latency Test','This test will feed Trades through IORS using 16 Adapters on 1 BSI whilst recording the Request/Ack/POB latency for the PAT environment - PAT','sequential','active'),
 (134,'',3,'IORS 24 Adapter 3 BSI 2LegCI Steady','This test will feed 2 Leg Complex Instruments at a steady rate through 24 adapters spread across 3 BSI for the PAT environment - PAT','sequential','active'),
 (135,'',3,'IORS 1 Adapter 1 BSI Fill Latency Test','This test will feed Trades through IORS using 1 Adapter on 1 BSI whilst recording the Request/Ack/POB latency for the PAT environment - PAT','sequential','active'),
 (136,'',3,'IORS 8 Adapter 1 BSI Fill Latency Test','This test will feed Trades through IORS using 8 Adapters on 1 BSI whilst recording the Request/Ack/POB latency for the PAT environment - PAT','sequential','active'),
 (137,'',3,'IORS 16 Adapter 1 BSI 4HR Steady Fill Latency Test','This test will feed Trades through IORS using 16 Adapters on 1 BSI for 4 hours whilst recording the Request/Ack/POB latency for the PAT environment - PAT','sequential','active'),
 (138,'',3,'IORS 24 Adapter 3 BSI Rampup Fill Latency Test','This test will feed Trades through IORS using 24 Adapter spread across 3 BSIs whilst recording the Request/Ack/POB latency for the PAT environment - PAT','sequential','active'),
 (139,'',3,'LVC PT105 Ramp up','This test will feed a mixed intraday ramp-up through the core while LVC is running for the PAT environment - PAT','sequential','active'),
 (140,'',3,'IORS 24 Adapter 3 BSI 50K 2LegCI Orders','This test will create 50,000 2 Leg Combo Orders through IORS - PAT','sequential','active'),
 (141,'',3,'RTP Spike Test Binary Mode','While RTP is running, run a feed which spikes from 5k TPS to 30K tps with FastEncode False - PAT','sequential','active'),
 (142,'',3,'RTP Market Open Binary Mode','While RTP is running, simulate Market Open with FastEncode False - PAT','sequential','active'),
 (143,'',3,'PAT Steady 20k Quote With Recycle','Recycles the PAT environment and then feeds a steady rate of 20.7K quote transactions per second for 10 minutes.','sequential','active'),
 (144,'',3,'PAT Steady 20k Quote No Recycle','Feeds a steady rate of 20.7K quote transactions per second for 10 minutes.','sequential','active'),
 (145,'',5,'BAT1 Rotate All Products To SOD','This test will rotate all products to Start of Day','sequential','active'),
 (146,'',6,'BAT2 Rotate All Products To SOD','This test will rotate all products to Start of Day','sequential','active'),
 (147,'',0,'MAT1 Rotate All Products To SOD','This test will rotate all products to Start of Day','sequential','active'),
 (148,'',0,'MAT2 Rotate All Products To SOD','This test will rotate all products to Start of Day','sequential','active'),
 (149,'',5,'BAT1 Rotate All Products To Open','This test will rotate all products to Open','sequential','active'),
 (150,'',5,'BAT1 Rotate All Products To EOD','This test will rotate all products to End of Day','sequential','active'),
 (151,'',5,'BAT1 Rotate All Products To PEOD','This test will rotate all products to Post End of Day','sequential','active'),
 (152,'',6,'BAT2 Rotate All Products To Open','This test will rotate all products to Open','sequential','active'),
 (153,'',6,'BAT2 Rotate All Products To EOD','This test will rotate all products to End of Day','sequential','active'),
 (154,'',6,'BAT2 Rotate All Products To PEOD','This test will rotate all products to Post End of Day','sequential','active'),
 (155,'',0,'MAT1 Rotate All Products To Open','This test will rotate all products to Open','sequential','active'),
 (156,'',0,'MAT1 Rotate All Products To EOD','This test will rotate all products to End of Day','sequential','active'),
 (157,'',0,'MAT1 Rotate All Products To PEOD','This test will rotate all products to Post End of Day','sequential','active'),
 (158,'',0,'MAT2 Rotate All Products To Open','This test will rotate all products to Open','sequential','active'),
 (159,'',0,'MAT2 Rotate All Products To EOD','This test will rotate all products to End of Day','sequential','active'),
 (160,'',0,'MAT2 Rotate All Products To PEOD','This test will rotate all products to Post End of Day','sequential','active'),
 (161,'',3,'MDD Pre Open Burst','This test rotate products from Post End Of Day to Pre Open using createdevents - PAT','sequential','active'),
 (162,'',3,'MDD Open Burst on Depth Feeds','This test will mimic the Opening instrument rotation burst.  Products will be rotated from Pre Open to Open while quoting at a steady rate of 20k quotes per second.  Afterwards, products will be rotated to Post Open.  All rotations are done through create','sequential','active'),
 (163,'',3,'Steady 25tps Local Non DNTT Combo Orders All Trade','This test will submit and trade Local Non DNTT Combo Orders','sequential','active'),
 (164,'',3,'Steady 25tps National DNTT Combo Orders All Trade','This test will submit and trade National DNTT Combo orders','sequential','active'),
 (165,'',3,'Steady 25tps National DNTT Combo Orders Half Trade','This test will submit and trade National DNTT Combo orders causing some trades and some resting on the book','sequential','active'),
 (166,'',3,'IORS 1 Adapter Steady 40tps No Throttle','This test will feed New Order Singles for 1 Adapter on 1 IORS BSI at a rate of 40 TPS with No Gateway Throttling - PAT','sequential','active'),
 (167,'',3,'PAT Troubleshooting 2','Troubleshooting test','sequential','active'),
 (168,'',3,'PAT Troubleshooting 3','Troubleshooting test','sequential','active'),
 (169,'',5,'ASET Billing Tests','Gemini Select Tests','sequential','active'),
 (170,'',5,'SQM IORS Regression','IORS Regression','sequential','active'),
 (171,'',4,'Audit Trail Cleaning','Clean all audit trail files','sequential','active'),
 (172,'',4,'Clean Everything','Clean all the databases, audit trail files and various log directories. Does not use \'Clean Everything\' high level keyword.','sequential','active'),
 (173,'',4,'Restart IORS No Throttle Without Core Rotate','This test will remove Gateway throttling and then restart IORS services.','sequential','active'),
 (174,'',3,'PAT Restart ORA 20 Times','This test will restart IORS ORAs 20 times','sequential','active'),
 (175,'',4,'OAT Restart IORS','Restart all IORS related services in OAT. Archives log files as well.','sequential','active'),
 (176,'',4,'OAT Bounce IORS ORA','Stops and starts the IORS ORA many times in attempt to reproduce an error.','sequential','active'),
 (177,'',4,'OAT Rotate Start Of Day','Rotates all active products to OPEN and all active instruments to REGULAR.','sequential','active'),
 (178,'',5,'Billing ISE RS','ISE  Regular Select Tests','sequential','active'),
 (179,'',4,'OAT Submit Order For All Partitions','Perform an order submition for all partitions.','sequential','active'),
 (180,'',4,'ISE 186 IORS Primary IRC Failure Enhanced Manual','Manual Test: This test verifies that when the primary IRS IRC fails, the secondary takes over and processes data.','sequential','active'),
 (181,'',5,'ASET Billing Tests S101','Gemini Select Tests','sequential','active'),
 (182,'',5,'ASET Billing Tests S631','ISE  Regular Select Tests','sequential','active'),
 (183,'',4,'OAT ISE Apps IIS Reset','IIS Reset all Windows Servers','sequential','active'),
 (184,'',4,'OAT ISE Apps MDS Rotate All','Stop and Start MDS ISE Apps Services','sequential','active'),
 (185,'',4,'OAT ISE Apps Query All','Query all ISE Apps Services','sequential','active'),
 (186,'',4,'OAT ISE Apps Start All','Start all ISE Apps Services','sequential','active'),
 (187,'',4,'OAT ISE Apps Stop All','Stop all ISE Apps Services','sequential','active'),
 (188,'',4,'OAT Conditional Core Rotation','This test will perform a full core health check and rotate core only if check failed.','sequential','active'),
 (189,'',4,'OAT Rotate Everything Except Products','Rotate the core and then instruments to REGULAR. No cleanup or product rotation.','sequential','active'),
 (190,'',4,'OAT Rotate Instruments Quote','Rotate and Quote instruments','sequential','active'),
 (191,'',4,'OAT Rotate Products','Rotate all products to OPEN','sequential','active'),
 (192,'',4,'OAT Rotate Products Instruments Quote','Rotate products and instruments and quote instruments','sequential','active'),
 (193,'',0,'Rerun checks','ISE  Regular Select Tests','sequential','active'),
 (194,'',5,'Billing ISE CS','ISE  Combo Select Tests','sequential','active'),
 (195,'',4,'OAT ISE Apps Start Required','Start only those services that are required by ISE Apps: ActiveMQ, ConfigurationService, RefData Manager and Service','sequential','active'),
 (196,'',4,'ISE 281 IORS Primary Connection Gateway Failure','This test verifies that once the IORS adapters have connected to a gateway via the Connection Gateway, the failure of the primary connection gateway process does not impact operation.','sequential','active'),
 (197,'',4,'ISE 282 IORS Complete Connection Gateway Failure','This test verifies that once the IORS adapters have connected to a gateway via the Connection Gateway, the failure of the both the primary and backup connection gateway processes does not impact operation.','sequential','active'),
 (198,'',5,'Billing ISE DLI','ISE  DLI Tests','sequential','active'),
 (199,'',5,'Billing GEM RS','GEMINI  Regular Select Tests','sequential','active'),
 (200,'',5,'Billing ISE CMNX','ISE  Combo MNX Tests','sequential','active'),
 (201,'',5,'Billing ISE CNP','ISE  Combo Select Tests','sequential','active'),
 (202,'',5,'Billing ISE CSPY','ISE  Combo SPY Tests','sequential','active'),
 (203,'',5,'Billing ISE Mini','ISE  Mini Tests','sequential','active'),
 (204,'',5,'Billing ISE RMNX','ISE  Regular MNX Tests','sequential','active'),
 (205,'',5,'Billing ISE RNS','ISE  Regular Non Select Tests','sequential','active'),
 (206,'',5,'Billing DLI GEM RS ISE CSPY','ISE  DLI Tests','sequential','active'),
 (207,'',5,'Billing ISE DLI Mini','ISE  DLI Tests','sequential','active'),
 (208,'',5,'Billing ISE DLI RMNX CMNX','ISE  DLI Tests','sequential','active'),
 (209,'',5,'Billing ISE DLI RNS CNP','ISE  DLI Tests','sequential','active'),
 (210,'',5,'Billing GEM RNS','GEMINI  Regular Select Tests','sequential','active'),
 (211,'',4,'ISE 283 IORS Connection Gateway GW Failure','This test verifies that if the gateway goes down (the one the Connection Gateway chose) the ORA will connect to the backup Gateway','sequential','active'),
 (212,'',4,'Core 606 LLO Connecting to LLO via Non CGW','This test verifies that you cannot connect to an LLO gateway as a non-LLO connection.','sequential','active'),
 (213,'',4,'OAT ISE Apps Run Only IORS','Stops all ISE Apps and then only starts up the apps required for IORS and IORS itself.','sequential','active'),
 (214,'',3,'Opening Orders Cross with IBBO','This test will simulate the opening event while sending customer orders on Instruments that cross with the IBBO.','sequential','active'),
 (215,'',3,'Opening Multi Iteration Trades','This test will simulate the opening event while sending customer orders that trade at 4 different prices.','sequential','active'),
 (216,'',4,'ISE 284 IORS Invalid Password With Connection Gateway','This test verifies that if the IORS ORA adapter has a bad password, the GTSAPI will not continue to log in indefinitely','sequential','active'),
 (217,'',3,'Opening Orders Do Not Cross with ABBO or IBBO','This test will simulate the opening event while sending customer orders on Instruments that do NOT cross with ABBO nor causing any trades','sequential','active'),
 (218,'',3,'Opening Orders Cross with ABBO','This test will simulate the opening event while sending customer orders on Instruments that are not better than the ABBO price. No Trading will happen.','sequential','active'),
 (219,'',3,'IORS 1 Adapter Steady 50tps No Throttle','This test will feed New Order Singles for 1 Adapter on 1 IORS BSI at a rate of 50 TPS with No Gateway Throttling - PAT','sequential','active'),
 (220,'',4,'ISE 295 Config Client Cmd Line Export Instance','Perform export, modification and import using Config Client\'s command line tool','sequential','active'),
 (221,'',4,'ISE 298 Config Client Cmd Line Export All','Perform export, modification and import using Config Client\'s command line tool','sequential','active'),
 (222,'',4,'ISE 299 Config Client Cmd Line Negative Tags','Perform export, modification and import using Config Client\'s command line tool','sequential','active'),
 (223,'',4,'ISE 297 Config Client Cmd Line Negative Type','Perform export, modification and import using Config Client\'s command line tool','sequential','active'),
 (224,'',4,'ISE 300 Config Client Cmd Line Negative TagName','Perform export, modification and import using Config Client\'s command line tool','sequential','active'),
 (225,'',4,'Core 607 MDMDB Cleanup','Verify that MDMDB cleanup works per SIR 270424.','sequential','active'),
 (226,'',4,'OAT 36 Precise WebSvc Failure','Base line for order management via Precise','sequential','inactive'),
 (227,'',3,'Create 100k Complex Instruments','This test will create 100,000 complex instruments.  The timestamp of the first and last complex instrument created will be reported.','sequential','active'),
 (228,'',4,'OAT 4 Precise WebSvc Failure','Base line for order management via Precise','sequential','inactive'),
 (229,'',4,'OAT 29 Baseline','Base line test case to ascertain that the ISE Market Data flow is functional.','sequential','active'),
 (230,'',4,'ISE 291 Config Client Instance Backup Restore Sikuli','Perform an instance backup and restore in Config Client','sequential','active'),
 (231,'',4,'ISE 287 Config Client Copy Delete Instance Sikuli','Perform copies and deletes of instances in Config Client','sequential','active'),
 (232,'',4,'ISE 289 Config Client Copy Config Sikuli','Perform a copy of a configuration tab from one instance to another in Config Client','sequential','active'),
 (233,'',4,'ISE 290 Config Client Modify Groups Sikuli','Perform a group modification in Config Client and verify that proper instances are affected.','sequential','active'),
 (234,'',4,'OAT 12 Precise BSI Adapter Failure Sikuli','Test to verify that Precise adapter can be stopped through SDA and that orders cannot be submitted while adapter is down. Once the adapter is back up orders should be handled properly.','sequential','active'),
 (235,'',4,'ISE 150 LOR Control FIX Dashboard Sikuli','Test to verify that Ops Dashboard can show all markets, only ISE or only Gemini','sequential','active'),
 (236,'',4,'OAT Morning Core ISE Apps Rotation','Complete shutdown and restart of all ISE Apps in OAT, including configuration services and ActiveMQ. All files in D:\\ise\\log are deleted. IISReset is performed on each server.','sequential','active'),
 (237,'',4,'ISE 292 Config Client All Backup Restore Sikuli','Perform a full backup and restore in Config Client','sequential','active'),
 (238,'',4,'OAT 4 Precise WebSvc Failure Sikuli','Test to verify that if Precise loses web service connection (via iisreset), the user is logged out and is prompted to retry loggin in. After the user logins, previously open orders should be able to be canceled and new orders should be able to be submitte','sequential','active'),
 (239,'',4,'ISE 155 Ops Dashboard Discern Markets Sikuli','Test to verify that Ops Dashboard can show all markets, only ISE or only Gemini','sequential','active'),
 (240,'',4,'OAT 36 Precise WebSvc Failure Sikuli','If Precise loses connection to web service (iisreset), market data should still be visible upon relogin.','sequential','active'),
 (241,'',4,'ISE 286 Config Client Import DLL Sikuli','Performs a DLL import and verifies that proper fields are imported.','sequential','active'),
 (242,'',4,'ISE 301 Config Client Baseline Sikuli','Baseline for Config Client. Simply verifies that various tabs can be opened.','sequential','active'),
 (243,'',3,'ISE Intraday Mixed Steady 15k','Intraday Ramp-up, Steady 15k Mixed TPS for the ISE market - PAT Core','sequential','active'),
 (244,'',5,'Billing ISE RS env','ISE  Regular Select Tests','sequential','active'),
 (245,'',3,'ISE PT105 With No Checks','Intraday Ramp-up, Mixed TPS for the ISE market - PAT Core','sequential','active'),
 (246,'',3,'Quote Then Inactivate Delete','Sends quotes for 1 BU at 20k while sending an Inactivate with Delete message (QuoteActionRequest).','sequential','active'),
 (247,'',3,'8 Feeder Order Rampup','Sends orders at a ramp-up of a 20 tps increase every 20 seconds until the system breaks.','sequential','active'),
 (248,'',3,'ISE PT105 with BAITS','Intraday Ramp-up, Mixed TPS for the ISE market - PAT Core','sequential','active'),
 (249,'',4,'ISE 181 Precise Core Gateway Failure Sikuli','TTest to verify that Precise can handle the failure of it primary gateway gracefully. It should seamlessly connect to the backup gateway.','sequential','active'),
 (250,'',4,'Core 634 Gateway Reject NonPersistent GTCD','This test verifies that GTC orders marked as non-persistent are rejected.','sequential','active'),
 (251,'',4,'OAT 104 sendcreatedevent Functionality','This test runs through various options available to sendcreatedevent.py and verifies that the script produces expected and valid output. This test does not yet test all command line options, but it does test the new product list functionality','sequential','active'),
 (252,'',4,'ISE 214 IORS Core Gateway Failure','This test verifies that if the primary gateway for an IORS ORA goes down, the ORA will connect to its backup gateway and continue to function properly without affecting users.','sequential','active'),
 (253,'',4,'ISE 190 IORS UME Primary Failure','This test verifies that if the primary UME for an IORS ORA goes down, the backup UME acts as the primary. Order entry and execution should not be impacted.','sequential','active'),
 (254,'',3,'LOR Steady 20 TPS Orders','This test will feed (1 adapter) 20 orders per second for 5 minutes.','sequential','active'),
 (255,'',3,'LOR Ramup Orders','This test will feed (1 adapter) 20 orders per second for 5 minutes.','sequential','active'),
 (256,'',3,'Create 200k Complex Instruments','This test will create 200,000 complex instruments.  The timestamp of the first and last complex instrument created will be reported.','sequential','active'),
 (257,'',3,'15k Steady Quote with Matcher Failover','This test will Quote at a steady 15,000 TPS and then perform a Matcher failover.','sequential','active'),
 (258,'Core',1,'Call Jenkins Functional Regression','Calls Jenkins Full Functional Regression Suite','sequential','active'),
 (259,'',9,'Git Branch Checkout','Performs a checkout after system deployment. DO NOT RUN THIS AS AN ADHOC TEST REQUEST. ONLY RUN IT WITH A TRIGGER!','sequential','active'),
 (260,'',3,'ISE Intraday Mixed Steady 15k Only GW3','Intraday Ramp-up, Steady 15k Mixed TPS for the ISE market using only Gateway 3 - PAT Core','sequential','active'),
 (261,'',3,'ISE PT105 with BAITS Only GW3','Intraday Ramp-up, Mixed TPS for the ISE market using only Gateway 3 - PAT Core','sequential','active'),
 (262,'',7,'BAT3 Rotate All Products To EOD','This test will rotate all products to End of Day','sequential','active'),
 (263,'',7,'BAT3 Rotate All Products To Open','This test will rotate all products to Open','sequential','active'),
 (264,'',7,'BAT3 Rotate All Products To PEOD','This test will rotate all products to Post End of Day','sequential','active'),
 (265,'',7,'BAT3 Rotate All Products To SOD','This test will rotate all products to Start of Day','sequential','active'),
 (266,'',4,'ISE 343 IORS DCA Core Gateway Failure','This test verifies that if the primary gateway for an IORS DCA goes down, the DCA will connect to its backup gateway and continue to function properly without affecting users.','sequential','active'),
 (267,'',4,'ISE 344 IORS DCA UME Primary Failure','This test verifies that if the primary UME for an IORS DCA goes down, the backup UME acts as the primary. Order capture should not be impacted.','sequential','active'),
 (268,'',3,'ISE Intraday Mixed Steady 15k No Restart','Without restarting the environment, Intraday Ramp-up, Steady 15k Mixed TPS for the ISE market - PAT Core','sequential','active'),
 (269,'',3,'ISE Intraday Mixed Steady 15k Only GW1 and GW2','Intraday Ramp-up, Steady 15k Mixed TPS for the ISE market using only Gateways 1 and 2 - PAT Core','sequential','active'),
 (270,'',3,'ISE PT105 with BAITS Only GW1 and GW2','Intraday Ramp-up, Mixed TPS for the ISE market using only Gateway 1 and 2 - PAT Core','sequential','active'),
 (271,'',3,'Start of Day Rotation','This test will rotate all products to Start of Day','sequential','active'),
 (272,'',3,'ISE PT105 with BAITS No Restart','Intraday Ramp-up, Mixed TPS for the ISE market.  No Core restart will be performed at the beginning of this test. - PAT Core','sequential','active'),
 (273,'',4,'OAT 110 ViewDB Refresh BCEvent MPSP','This test verifies that refreshViewDB works correctly for the BCEvent and MatcherProductStateParameters tables','sequential','active'),
 (274,'',4,'OAT 111 ViewDB Refresh Product Instrument RDCXSecurity','This test verifies that refreshViewDB works correctly for the MatcherProductParameters, MatcherInstrumentParameters and RDCXSecurity tables','sequential','active'),
 (275,'',4,'Core 658 ROB State Checks With setrobstate','Verify the functionality of the setrobstate opcon','sequential','active'),
 (276,'',4,'Core 659 ROB refreshviewdb','Verify the functionality of the refreshviewdb command','sequential','active'),
 (277,'',4,'Core 660 ROB NO UPD State App Restart','Verify core apps start up between state changes','sequential','active'),
 (278,'',3,'ISE Intraday Mixed Steady 50tps','Intraday Ramp-up, Steady 50 Mixed TPS for the ISE market - PAT Core','sequential','active'),
 (279,'',4,'OAT Full Core Rotation Without Disk Clean','Full Core Rotation Without Disk Clean','sequential','active'),
 (280,'',4,'OAT Morning Rotation Gts Stop','Regular morning rotation but also performs a gtsctrl stop and start','sequential','active'),
 (281,'',4,'OAT Morning Rotation Without Disk Clean','Regular morning rotation but does not remove files from tmp, var log, etc','sequential','active'),
 (282,'',4,'OAT 105 IORS BSI DCA Failover','Failure and recovery of IORS BSI DCA Service. Order entry, via IORS Feeder, should only be temporarily impacted while BSI is recovered.','sequential','active');
/*!40000 ALTER TABLE `test_case` ENABLE KEYS */;


--
-- Definition of table `test_execution`
--

DROP TABLE IF EXISTS `test_execution`;
CREATE TABLE `test_execution` (
  `id` int(11) NOT NULL AUTO_INCREMENT,
  `task_id` int(11) NOT NULL COMMENT 'task id that this test belongs to',
  `status` int(11) NOT NULL COMMENT '0-queued,1-running,2-completed-pass,3-completed-fail,4-killed,5-sys error, 6-test cancelled',
  `test_id` int(11) NOT NULL,
  `suite_id` int(11) DEFAULT NULL,
  `start_time` datetime DEFAULT NULL,
  `end_time` datetime DEFAULT NULL,
  `request_time` timestamp NOT NULL DEFAULT CURRENT_TIMESTAMP,
  `report` varchar(200) DEFAULT NULL,
  `test_folder_path` varchar(1024) DEFAULT NULL,
  `test_folder_name` varchar(100) DEFAULT NULL,
  `label` varchar(200) DEFAULT NULL,
  `user_id` int(11) NOT NULL,
  `approval_status` int(11) NOT NULL DEFAULT '0' COMMENT '$approval_array = array(0=>''Pending Approval'',1=>''Approved'',2=>''Not Approved'',3=>''Approval Not Required'');',
  `approved_by` int(11) DEFAULT NULL,
  `group_id` int(11) DEFAULT NULL COMMENT 'group id to group reruns',
  `release_id` int(11) NOT NULL,
  `template_id` int(11) NOT NULL,
  PRIMARY KEY (`id`)
) ENGINE=MyISAM AUTO_INCREMENT=1432 DEFAULT CHARSET=latin1;

--
-- Dumping data for table `test_execution`
--

/*!40000 ALTER TABLE `test_execution` DISABLE KEYS */;
INSERT INTO `test_execution` (`id`,`task_id`,`status`,`test_id`,`suite_id`,`start_time`,`end_time`,`request_time`,`report`,`test_folder_path`,`test_folder_name`,`label`,`user_id`,`approval_status`,`approved_by`,`group_id`,`release_id`,`template_id`) VALUES 
 (1,1,2,2,0,'2014-12-08 11:37:19','2014-12-08 11:37:50','0000-00-00 00:00:00','OAT_Troubleshooting_1_report_20141208_113719.html',NULL,'test_folder_name','Auto Trigger Test',0,0,NULL,1,12,2),
 (2,2,2,2,0,'2014-12-08 11:39:46','2014-12-08 11:40:16','0000-00-00 00:00:00','OAT_Troubleshooting_1_report_20141208_113946.html',NULL,NULL,'Auto Trigger Test',0,0,NULL,1,12,2),
 (3,3,3,248,0,'2014-12-08 18:27:30','2014-12-08 18:27:32','0000-00-00 00:00:00','ISE_PT105_with_BAITS_report_20141208_182730.html',NULL,NULL,'FTP Testing',0,0,NULL,3,12,3),
 (4,4,3,248,0,'2014-12-08 18:31:24','2014-12-08 18:31:26','0000-00-00 00:00:00','ISE_PT105_with_BAITS_report_20141208_183124.html',NULL,NULL,'FTP - Removed LocalHost Calls',0,0,NULL,4,12,3),
 (5,5,3,248,0,'2014-12-08 18:38:19','2014-12-08 18:38:20','0000-00-00 00:00:00','ISE_PT105_with_BAITS_report_20141208_183819.html',NULL,NULL,'FTP - Temp Current Test Dir',0,0,NULL,5,12,3),
 (6,6,3,248,0,'2014-12-08 18:40:33','2014-12-08 19:12:36','0000-00-00 00:00:00','ISE_PT105_with_BAITS_report_20141208_184033.html',NULL,NULL,'FTP - Restart Remote',0,0,NULL,6,12,3),
 (7,7,3,245,0,'2014-12-08 19:14:56','2014-12-08 19:31:34','0000-00-00 00:00:00','ISE_PT105_With_No_Checks_report_20141208_191456.html',NULL,NULL,'Update FTP Connection',0,0,NULL,7,12,3),
 (8,8,3,245,0,'2014-12-08 22:59:36','2014-12-08 23:20:17','0000-00-00 00:00:00','ISE_PT105_With_No_Checks_report_20141208_225936.html',NULL,NULL,'Fixed FTP Server Name',0,0,NULL,8,0,0),
 (9,9,3,248,0,'2014-12-08 23:06:03','2014-12-08 23:29:59','0000-00-00 00:00:00','ISE_PT105_with_BAITS_report_20141208_230603.html',NULL,NULL,'Fixed FTP Server Name',0,0,NULL,9,12,3),
 (10,10,2,2,0,'2014-12-09 13:43:19','2014-12-09 13:43:50','0000-00-00 00:00:00','OAT_Troubleshooting_1_report_20141209_134320.html',NULL,NULL,'Test Folder Path Test',0,0,NULL,10,12,4),
 (11,11,5,2,0,'2014-12-09 13:47:28','0000-00-00 00:00:00','0000-00-00 00:00:00','None',NULL,NULL,'Test Folder',0,0,NULL,11,0,0),
 (12,12,5,2,0,'2014-12-09 13:48:56','0000-00-00 00:00:00','0000-00-00 00:00:00','None',NULL,NULL,'Folder Test',0,0,NULL,12,0,0),
 (13,13,2,2,0,'2014-12-09 13:49:38','2014-12-09 13:50:09','0000-00-00 00:00:00','OAT_Troubleshooting_1_report_20141209_134939.html',NULL,'8_Adapter_Rampup_No_Throttle_1000tps','Folder Test',0,0,NULL,13,12,4),
 (14,14,2,2,0,'2014-12-09 13:52:15','2014-12-09 13:52:45','0000-00-00 00:00:00','OAT_Troubleshooting_1_report_20141209_135215.html',NULL,'OAT_Troubleshooting_1','Folder Test',0,0,NULL,14,12,4),
 (15,15,2,2,0,'2014-12-09 13:53:54','2014-12-09 13:54:24','0000-00-00 00:00:00','OAT_Troubleshooting_1_report_20141209_135354.html',NULL,'OAT_Troubleshooting_1_15_20141209_135354','added exec id and ts',0,0,NULL,15,12,4),
 (16,16,2,2,0,'2014-12-09 14:12:31','2014-12-09 14:13:02','0000-00-00 00:00:00','OAT_Troubleshooting_1_report_20141209_141231.html',NULL,'OAT_Troubleshooting_1_16_20141209_141231','Path Results',0,0,NULL,16,12,4),
 (17,17,2,2,0,'2014-12-09 14:18:20','2014-12-09 14:18:50','0000-00-00 00:00:00','OAT_Troubleshooting_1_report_20141209_141820.html',NULL,'OAT_Troubleshooting_1_17_20141209_141820','Added Logging',0,0,NULL,17,12,4),
 (18,18,5,2,0,'2014-12-09 14:21:40','0000-00-00 00:00:00','0000-00-00 00:00:00','None',NULL,'OAT_Troubleshooting_1_18_20141209_142140','Fixed Folder Name REturn',0,0,NULL,18,0,0),
 (19,20,5,2,0,'2014-12-09 14:24:45','0000-00-00 00:00:00','0000-00-00 00:00:00','None',NULL,'OAT_Troubleshooting_1_19_20141209_142445','Fixed Folder Name Return',0,0,NULL,19,0,0),
 (20,21,3,2,0,'2014-12-09 14:27:44','2014-12-09 14:28:01','0000-00-00 00:00:00','OAT_Troubleshooting_1_report_20141209_142744.html',NULL,'OAT_Troubleshooting_1_20_20141209_142744','Update Path Function',0,0,NULL,20,12,4),
 (21,22,2,2,0,'2014-12-09 14:29:36','2014-12-09 14:30:06','0000-00-00 00:00:00','OAT_Troubleshooting_1_report_20141209_142936.html',NULL,NULL,'Update Function Fix',0,0,NULL,21,12,4),
 (22,23,2,2,0,'2014-12-09 14:31:21','2014-12-09 14:31:52','0000-00-00 00:00:00','OAT_Troubleshooting_1_report_20141209_143121.html',NULL,'OAT_Troubleshooting_1_22_20141209_143121','Update Fix',0,0,NULL,22,12,4),
 (23,24,5,2,0,'2014-12-09 14:32:46','0000-00-00 00:00:00','0000-00-00 00:00:00','None','uploads/home/Gts_Tests/PAT/Core/ISE_regression/OAT_Troubleshooting_1_23_20141209_143246','OAT_Troubleshooting_1_23_20141209_143246','Update fix',0,0,NULL,23,0,0),
 (24,26,2,2,0,'2014-12-09 14:35:05','2014-12-09 14:35:35','0000-00-00 00:00:00','OAT_Troubleshooting_1_report_20141209_143505.html',NULL,'OAT_Troubleshooting_1_24_20141209_143505','update func fix',0,0,NULL,24,12,4),
 (25,27,2,2,0,'2014-12-09 14:36:14','2014-12-09 14:36:44','0000-00-00 00:00:00','OAT_Troubleshooting_1_report_20141209_143614.html','uploads/home/Gts_Tests/PAT/Core/ISE_regression/OAT_Troubleshooting_1_25_20141209_143614','OAT_Troubleshooting_1_25_20141209_143614','Path test',0,0,NULL,25,12,4),
 (26,28,2,2,0,'2014-12-09 14:54:33','2014-12-09 14:55:03','0000-00-00 00:00:00','OAT_Troubleshooting_1_report_20141209_145433.html','uploads/home/Gts_Tests/PAT/Core/ISE_regression/OAT_Troubleshooting_1_26_20141209_145433','OAT_Troubleshooting_1_26_20141209_145433','chmod',0,0,NULL,26,12,4),
 (27,29,2,2,0,'2014-12-09 14:55:28','2014-12-09 14:55:59','0000-00-00 00:00:00','OAT_Troubleshooting_1_report_20141209_145528.html','uploads/home/Gts_Tests/PAT/Core/ISE_regression/OAT_Troubleshooting_1_27_20141209_145528','OAT_Troubleshooting_1_27_20141209_145528','chmod',0,0,NULL,27,12,4),
 (28,42,3,258,0,'2014-12-10 13:10:42','2014-12-10 13:10:42','0000-00-00 00:00:00','Call_Jenkins_Functional_Regression_report_20141210_131042.html',NULL,'Call_Jenkins_Functional_Regression_28_20141210_131042','Auto Trigger Test',0,0,NULL,28,12,1),
 (29,43,3,258,0,'2014-12-10 13:13:02','2014-12-10 13:13:02','0000-00-00 00:00:00','Call_Jenkins_Functional_Regression_report_20141210_131302.html',NULL,'Call_Jenkins_Functional_Regression_29_20141210_131302','Auto Trigger Test',0,0,NULL,29,12,1),
 (30,44,3,258,0,'2014-12-10 13:14:17','2014-12-10 13:15:31','0000-00-00 00:00:00','Call_Jenkins_Functional_Regression_report_20141210_131418.html',NULL,'Call_Jenkins_Functional_Regression_30_20141210_131417','Auto Trigger Test',0,0,NULL,30,12,1),
 (31,45,5,258,0,'2014-12-10 13:23:05','2014-12-10 13:27:06','0000-00-00 00:00:00','None',NULL,'Call_Jenkins_Functional_Regression_31_20141210_132305','Auto Trigger Test',0,0,NULL,31,12,1),
 (32,46,3,258,0,'2014-12-10 13:28:55','2014-12-10 13:29:26','0000-00-00 00:00:00','Call_Jenkins_Functional_Regression_report_20141210_132855.html',NULL,'Call_Jenkins_Functional_Regression_32_20141210_132855','Auto Trigger Test',0,0,NULL,32,12,1),
 (33,47,3,258,0,'2014-12-10 13:38:24','2014-12-10 13:38:57','0000-00-00 00:00:00','Call_Jenkins_Functional_Regression_report_20141210_133824.html',NULL,'Call_Jenkins_Functional_Regression_33_20141210_133824','Auto Trigger Test',0,0,NULL,33,12,1),
 (34,48,3,258,0,'2014-12-10 14:07:01','2014-12-10 14:07:32','0000-00-00 00:00:00','Call_Jenkins_Functional_Regression_report_20141210_140701.html',NULL,'Call_Jenkins_Functional_Regression_34_20141210_140701','Auto Trigger Test',0,0,NULL,34,12,1),
 (35,49,3,258,0,'2014-12-10 14:11:00','2014-12-10 14:11:32','0000-00-00 00:00:00','Call_Jenkins_Functional_Regression_report_20141210_141100.html',NULL,'Call_Jenkins_Functional_Regression_35_20141210_141100','Auto Trigger Test',0,0,NULL,35,12,1),
 (36,50,2,258,0,'2014-12-10 14:13:00','2014-12-10 14:13:32','0000-00-00 00:00:00','Call_Jenkins_Functional_Regression_report_20141210_141300.html',NULL,'Call_Jenkins_Functional_Regression_36_20141210_141300','Auto Trigger Test',0,0,NULL,36,12,1),
 (37,51,2,258,0,'2014-12-10 14:31:37','2014-12-10 14:32:08','0000-00-00 00:00:00','Call_Jenkins_Functional_Regression_report_20141210_143137.html',NULL,'Call_Jenkins_Functional_Regression_37_20141210_143137','Auto Trigger Test',0,0,NULL,37,12,1),
 (38,52,2,258,0,'2014-12-10 14:41:00','2014-12-10 14:41:33','0000-00-00 00:00:00','Call_Jenkins_Functional_Regression_report_20141210_144100.html',NULL,'Call_Jenkins_Functional_Regression_38_20141210_144100','Auto Trigger Test',0,0,NULL,38,12,1),
 (39,53,2,258,0,'2014-12-10 15:17:54','2014-12-10 15:18:29','0000-00-00 00:00:00','Call_Jenkins_Functional_Regression_report_20141210_151754.html',NULL,'Call_Jenkins_Functional_Regression_39_20141210_151754','Auto Trigger Test',0,0,NULL,39,12,1),
 (40,54,2,258,0,'2014-12-10 15:28:50','2014-12-10 15:29:29','0000-00-00 00:00:00','Call_Jenkins_Functional_Regression_report_20141210_152850.html','http://dd-ap09.test.ise.com/TRFRS?%2fTestReports%2fDirectReferenceReport&JobNumber=97&SuiteGroup=SUITE-MASTER&rc:Toolbar=false&rs:Command=Render&rc:OutputFormat=HTML','Call_Jenkins_Functional_Regression_40_20141210_152850','Auto Trigger Test',0,0,NULL,40,12,1),
 (41,55,3,258,0,'2014-12-12 12:16:32','2014-12-12 12:16:33','0000-00-00 00:00:00','Call_Jenkins_Functional_Regression_report_20141212_121632.html',NULL,'Call_Jenkins_Functional_Regression_41_20141212_121632','Testing for presentation',0,0,NULL,41,13,1),
 (42,56,3,258,0,'2014-12-12 12:19:02','2014-12-12 12:19:02','0000-00-00 00:00:00','Call_Jenkins_Functional_Regression_report_20141212_121902.html',NULL,'Call_Jenkins_Functional_Regression_42_20141212_121902','Testing',0,0,NULL,42,12,1),
 (43,57,2,258,0,'2014-12-12 12:20:38','2014-12-12 12:21:12','0000-00-00 00:00:00','Call_Jenkins_Functional_Regression_report_20141212_122039.html',NULL,'Call_Jenkins_Functional_Regression_43_20141212_122038','Testing',0,0,NULL,43,12,1),
 (44,58,2,258,0,'2014-12-12 12:32:36','2014-12-12 12:36:37','0000-00-00 00:00:00','Call_Jenkins_Functional_Regression_report_20141212_123236.html',NULL,'Call_Jenkins_Functional_Regression_44_20141212_123236','Auto Trigger Test',0,0,NULL,44,12,1),
 (45,59,2,258,0,'2014-12-12 12:47:01','2014-12-12 12:54:33','0000-00-00 00:00:00','Call_Jenkins_Functional_Regression_report_20141212_124701.html',NULL,'Call_Jenkins_Functional_Regression_45_20141212_124701','Testing',0,0,NULL,45,12,1),
 (46,81,3,258,0,'2014-12-13 23:02:39','2014-12-13 23:07:17','0000-00-00 00:00:00','Call_Jenkins_Functional_Regression_report_20141213_230239.html',NULL,'Call_Jenkins_Functional_Regression_46_20141213_230239','Auto Trigger Test',0,0,NULL,46,12,1),
 (47,84,3,258,0,'2014-12-13 23:44:34','2014-12-13 23:52:07','0000-00-00 00:00:00','Call_Jenkins_Functional_Regression_report_20141213_234434.html',NULL,'Call_Jenkins_Functional_Regression_47_20141213_234434','Auto Trigger Test',0,0,NULL,47,12,1),
 (48,107,5,2,0,'2014-12-14 14:51:44','0000-00-00 00:00:00','0000-00-00 00:00:00','None',NULL,NULL,'testing',0,0,NULL,48,12,4),
 (49,108,2,2,0,'2014-12-14 15:01:08','2014-12-14 15:01:38','0000-00-00 00:00:00','OAT_Troubleshooting_1_report_20141214_150108.html',NULL,'OAT_Troubleshooting_1_49_20141214_150108','asdf',0,0,NULL,49,12,4),
 (50,109,2,2,0,'2014-12-14 15:13:35','2014-12-14 15:14:35','0000-00-00 00:00:00','OAT_Troubleshooting_1_report_20141214_151335.html',NULL,'OAT_Troubleshooting_1_50_20141214_151335','testing',0,0,NULL,50,12,4),
 (51,110,2,2,0,'2014-12-14 15:16:09','2014-12-14 15:17:09','0000-00-00 00:00:00','OAT_Troubleshooting_1_report_20141214_151609.html',NULL,'OAT_Troubleshooting_1_51_20141214_151609','testing',0,0,NULL,51,12,4),
 (52,111,2,2,0,'2014-12-14 15:20:22','2014-12-14 15:21:23','0000-00-00 00:00:00','OAT_Troubleshooting_1_report_20141214_152022.html',NULL,'OAT_Troubleshooting_1_52_20141214_152022','testing',0,0,NULL,52,28,4),
 (53,112,2,2,0,'2014-12-14 15:22:41','2014-12-14 15:23:41','0000-00-00 00:00:00','OAT_Troubleshooting_1_report_20141214_152241.html',NULL,'OAT_Troubleshooting_1_53_20141214_152241','testing',0,0,NULL,53,12,4),
 (54,113,2,2,0,'2014-12-14 15:25:32','2014-12-14 15:26:32','0000-00-00 00:00:00','OAT_Troubleshooting_1_report_20141214_152532.html',NULL,'OAT_Troubleshooting_1_54_20141214_152532','testing',0,0,NULL,54,12,4),
 (55,114,2,2,0,'2014-12-14 15:28:07','2014-12-14 15:29:07','0000-00-00 00:00:00','OAT_Troubleshooting_1_report_20141214_152807.html',NULL,'OAT_Troubleshooting_1_55_20141214_152807','testing',0,0,NULL,55,12,4),
 (56,115,2,2,0,'2014-12-14 15:29:49','2014-12-14 15:39:50','0000-00-00 00:00:00','OAT_Troubleshooting_1_report_20141214_152950.html',NULL,'OAT_Troubleshooting_1_56_20141214_152949','testing',0,0,NULL,56,12,4),
 (57,116,2,259,0,'2014-12-14 16:08:54','2014-12-14 16:08:55','0000-00-00 00:00:00','Git_Branch_Checkout_report_20141214_160854.html',NULL,'Git_Branch_Checkout_57_20141214_160854','testing git test',0,0,NULL,57,12,4),
 (58,117,5,2,0,'2014-12-14 16:33:39','2014-12-14 16:35:00','0000-00-00 00:00:00','None',NULL,'OAT_Troubleshooting_1_58_20141214_163339','testing',0,0,NULL,58,12,2),
 (59,118,2,2,0,'2014-12-14 16:37:11','2014-12-14 16:37:11','0000-00-00 00:00:00','OAT_Troubleshooting_1_report_20141214_163711.html',NULL,'OAT_Troubleshooting_1_59_20141214_163711','testing',0,0,NULL,59,12,2),
 (60,119,2,259,0,'2014-12-14 17:14:09','2014-12-14 17:14:10','0000-00-00 00:00:00','Git_Branch_Checkout_report_20141214_171409.html',NULL,'Git_Branch_Checkout_60_20141214_171409','testing git test',0,0,NULL,57,12,4),
 (61,125,3,259,0,'2014-12-14 17:17:58','2014-12-14 17:17:59','0000-00-00 00:00:00','Git_Branch_Checkout_report_20141214_171758.html',NULL,'Git_Branch_Checkout_61_20141214_171758','testing git test',0,0,NULL,57,12,4),
 (62,126,2,259,0,'2014-12-14 17:18:41','2014-12-14 17:18:41','0000-00-00 00:00:00','Git_Branch_Checkout_report_20141214_171841.html',NULL,'Git_Branch_Checkout_62_20141214_171841','testing git test',0,0,NULL,57,12,4),
 (63,127,2,259,0,'2014-12-14 17:20:01','2014-12-14 17:20:02','0000-00-00 00:00:00','Git_Branch_Checkout_report_20141214_172001.html',NULL,'Git_Branch_Checkout_63_20141214_172001','testing git test',0,0,NULL,57,12,4),
 (64,128,2,259,0,'2014-12-14 17:22:38','2014-12-14 17:22:39','0000-00-00 00:00:00','Git_Branch_Checkout_report_20141214_172238.html',NULL,'Git_Branch_Checkout_64_20141214_172238','testing git test',0,0,NULL,57,12,4),
 (65,129,2,259,0,'2014-12-14 17:24:18','2014-12-14 17:25:30','0000-00-00 00:00:00','Git_Branch_Checkout_report_20141214_172418.html',NULL,'Git_Branch_Checkout_65_20141214_172418','testing git test',0,0,NULL,57,12,4),
 (66,130,2,259,0,'2014-12-14 17:26:07','2014-12-14 17:26:08','0000-00-00 00:00:00','Git_Branch_Checkout_report_20141214_172607.html',NULL,'Git_Branch_Checkout_66_20141214_172607','testing git test',0,0,NULL,57,12,4),
 (67,131,3,259,0,'2014-12-14 17:33:01','2014-12-14 17:33:02','0000-00-00 00:00:00','Git_Branch_Checkout_report_20141214_173301.html',NULL,'Git_Branch_Checkout_67_20141214_173301','testing git test',0,0,NULL,57,12,4),
 (68,132,3,259,0,'2014-12-14 17:36:38','2014-12-14 17:36:38','0000-00-00 00:00:00','Git_Branch_Checkout_report_20141214_173638.html',NULL,'Git_Branch_Checkout_68_20141214_173638','testing git test',0,0,NULL,57,12,4),
 (69,133,3,259,0,'2014-12-14 17:38:09','2014-12-14 17:38:11','0000-00-00 00:00:00','Git_Branch_Checkout_report_20141214_173809.html',NULL,'Git_Branch_Checkout_69_20141214_173809','testing git test',0,0,NULL,57,12,4),
 (70,134,2,259,0,'2014-12-14 17:41:01','2014-12-14 17:41:03','0000-00-00 00:00:00','Git_Branch_Checkout_report_20141214_174101.html',NULL,'Git_Branch_Checkout_70_20141214_174101','testing git test',0,0,NULL,57,12,4),
 (71,135,2,258,0,'2014-12-14 18:44:51','2014-12-14 18:45:29','0000-00-00 00:00:00','Call_Jenkins_Functional_Regression_report_20141214_184451.html',NULL,'Call_Jenkins_Functional_Regression_71_20141214_184451','testing auto results link',0,0,NULL,71,12,1),
 (72,136,2,258,0,'2014-12-14 18:49:26','2014-12-14 18:49:59','0000-00-00 00:00:00','Call_Jenkins_Functional_Regression_report_20141214_184926.html',NULL,'Call_Jenkins_Functional_Regression_72_20141214_184926','testing auto results link',0,0,NULL,71,12,1),
 (73,137,3,258,0,'2014-12-14 18:50:52','2014-12-14 18:50:52','0000-00-00 00:00:00','Call_Jenkins_Functional_Regression_report_20141214_185052.html',NULL,'Call_Jenkins_Functional_Regression_73_20141214_185052','testing auto results link',0,0,NULL,71,12,1),
 (74,138,5,258,0,'2014-12-14 18:53:42','0000-00-00 00:00:00','0000-00-00 00:00:00','None',NULL,'Call_Jenkins_Functional_Regression_74_20141214_185342','testing auto results link',0,0,NULL,71,12,1),
 (75,139,2,258,0,'2014-12-14 18:59:54','2014-12-14 19:00:29','0000-00-00 00:00:00','Call_Jenkins_Functional_Regression_report_20141214_185954.html',NULL,'Call_Jenkins_Functional_Regression_75_20141214_185954','testing auto results link',0,0,NULL,71,12,1),
 (76,140,3,258,0,'2014-12-14 19:15:47','2014-12-14 19:16:19','0000-00-00 00:00:00','Call_Jenkins_Functional_Regression_report_20141214_191547.html',NULL,'Call_Jenkins_Functional_Regression_76_20141214_191547','testing auto results link',0,0,NULL,71,12,1),
 (77,141,2,258,0,'2014-12-14 19:17:06','2014-12-14 19:17:39','0000-00-00 00:00:00','Call_Jenkins_Functional_Regression_report_20141214_191706.html','http://dd-ap09.test.ise.com/TRFRS?%2fTestReports%2fDirectReferenceReport&JobNumber=97&SuiteGroup=SUITE-MASTER&rc:Toolbar=false&rs:Command=Render&rc:OutputFormat=HTML<h1>','Call_Jenkins_Functional_Regression_77_20141214_191706','testing auto results link',0,0,NULL,71,12,1),
 (78,142,2,258,0,'2014-12-14 19:20:06','2014-12-14 19:20:40','0000-00-00 00:00:00','Call_Jenkins_Functional_Regression_report_20141214_192007.html','http://dd-ap09.test.ise.com/TRFRS?%2fTestReports%2fDirectReferenceReport&JobNumber=97&SuiteGroup=SUITE-MASTER&rc:Toolbar=false&rs:Command=Render&rc:OutputFormat=HTML','Call_Jenkins_Functional_Regression_78_20141214_192006','testing auto results link',0,0,NULL,71,12,1),
 (585,565,2,2,0,'2015-01-15 17:05:55','2015-01-15 17:06:25','0000-00-00 00:00:00','OAT_Troubleshooting_1_report_20150115_170555.html',NULL,'OAT_Troubleshooting_1_585_20150115_170555','10.1.40 yaml was created',0,0,NULL,107,37,2),
 (80,158,3,217,0,'2014-12-15 16:39:09','2014-12-15 16:41:46','0000-00-00 00:00:00','Opening_Orders_Do_Not_Cross_with_ABBO_or_IBBO_report_20141215_163909.html',NULL,'Opening_Orders_Do_Not_Cross_with_ABBO_or_IBBO_80_20141215_163909','Auto Trigger Test',0,0,NULL,80,32,2),
 (81,167,3,245,0,'2014-12-15 21:40:33','2014-12-15 21:49:43','0000-00-00 00:00:00','ISE_PT105_With_No_Checks_report_20141215_214033.html',NULL,'ISE_PT105_With_No_Checks_81_20141215_214033','FTP Test',0,0,NULL,81,12,3),
 (82,168,3,248,0,'2014-12-15 21:54:01','2014-12-15 21:55:33','0000-00-00 00:00:00','ISE_PT105_with_BAITS_report_20141215_215401.html',NULL,'ISE_PT105_with_BAITS_82_20141215_215401','FTP Upload',0,0,NULL,82,35,3),
 (83,169,3,248,0,'2014-12-15 21:55:56','2014-12-15 21:57:18','0000-00-00 00:00:00','ISE_PT105_with_BAITS_report_20141215_215556.html',NULL,'ISE_PT105_with_BAITS_83_20141215_215556','FTP Upload',0,0,NULL,83,35,3),
 (84,170,3,248,0,'2014-12-15 21:57:49','2014-12-15 22:11:34','0000-00-00 00:00:00','ISE_PT105_with_BAITS_report_20141215_215749.html',NULL,'ISE_PT105_with_BAITS_84_20141215_215749','FTP Upload',0,0,NULL,84,35,3),
 (85,171,3,248,0,'2014-12-15 22:23:21','2014-12-15 22:23:22','0000-00-00 00:00:00','ISE_PT105_with_BAITS_report_20141215_222321.html',NULL,'ISE_PT105_with_BAITS_85_20141215_222321','ftp upload',0,0,NULL,85,12,3),
 (86,172,3,248,0,'2014-12-15 22:25:04','2014-12-15 22:25:05','0000-00-00 00:00:00','ISE_PT105_with_BAITS_report_20141215_222504.html',NULL,'ISE_PT105_with_BAITS_86_20141215_222504','FTP Upload',0,0,NULL,86,12,3),
 (87,173,3,248,0,'2014-12-15 22:27:23','2014-12-15 22:36:25','0000-00-00 00:00:00','ISE_PT105_with_BAITS_report_20141215_222723.html','uploads/home/Gts_Tests/PAT/Core/ISE_regression/ISE_PT105_with_BAITS_87_20141215_222723','ISE_PT105_with_BAITS_87_20141215_222723','ftp upload',0,0,NULL,87,12,3),
 (88,186,2,2,0,'2014-12-16 22:38:06','2014-12-16 22:38:36','0000-00-00 00:00:00','OAT_Troubleshooting_1_report_20141216_223806.html',NULL,'OAT_Troubleshooting_1_88_20141216_223806','Parallel Deploy',0,0,NULL,88,12,4),
 (89,189,2,2,0,'2014-12-16 23:10:41','2014-12-16 23:11:11','0000-00-00 00:00:00','OAT_Troubleshooting_1_report_20141216_231041.html',NULL,'OAT_Troubleshooting_1_89_20141216_231041','parallel downgrade',0,0,NULL,89,11,4),
 (90,194,2,2,0,'2014-12-16 23:28:17','2014-12-16 23:28:47','0000-00-00 00:00:00','OAT_Troubleshooting_1_report_20141216_232817.html',NULL,'OAT_Troubleshooting_1_90_20141216_232817','Auto Trigger Test',0,0,NULL,90,12,2),
 (91,193,2,2,0,'2014-12-16 23:29:46','2014-12-16 23:30:16','0000-00-00 00:00:00','OAT_Troubleshooting_1_report_20141216_232946.html',NULL,'OAT_Troubleshooting_1_91_20141216_232946','Auto Trigger Test',0,0,NULL,91,12,4),
 (92,195,2,258,0,'2014-12-16 23:43:04','2014-12-17 11:36:57','0000-00-00 00:00:00','Call_Jenkins_Functional_Regression_report_20141216_234304.html','http://dd-ap09.test.ise.com/TRFRS?%2fTestReports%2fDirectReferenceReport&JobNumber=104&SuiteGroup=SUITE-MASTER&rc:Toolbar=false&rs:Command=Render&rc:OutputFormat=HTML','Call_Jenkins_Functional_Regression_92_20141216_234304','Auto Trigger Test',0,0,NULL,92,37,1),
 (93,196,2,2,0,'2014-12-17 00:25:47','2014-12-17 00:26:17','0000-00-00 00:00:00','OAT_Troubleshooting_1_report_20141217_002547.html',NULL,'OAT_Troubleshooting_1_93_20141217_002547','testing',0,0,NULL,93,0,0),
 (94,197,2,2,0,'2014-12-17 00:31:51','2014-12-17 00:32:21','0000-00-00 00:00:00','OAT_Troubleshooting_1_report_20141217_003151.html',NULL,'OAT_Troubleshooting_1_94_20141217_003151','testing',0,0,NULL,94,12,4),
 (95,198,3,248,0,'2014-12-17 00:33:53','2014-12-17 00:35:50','0000-00-00 00:00:00','ISE_PT105_with_BAITS_report_20141217_003353.html',NULL,'ISE_PT105_with_BAITS_95_20141217_003353','Baseline Test',0,0,NULL,95,12,3),
 (96,199,3,248,0,'2014-12-17 00:35:50','2014-12-17 07:11:28','0000-00-00 00:00:00','ISE_PT105_with_BAITS_report_20141217_003550.html','uploads/home/Gts_Tests/PAT/Core/ISE_regression/ISE_PT105_with_BAITS_96_20141217_003550','ISE_PT105_with_BAITS_96_20141217_003550','Baseline Test',0,0,NULL,96,12,3),
 (97,200,3,243,0,'2014-12-17 07:11:28','2014-12-17 07:35:40','0000-00-00 00:00:00','ISE_Intraday_Mixed_Steady_15k_report_20141217_071128.html','uploads/home/Gts_Tests/PAT/Core/ISE_regression/ISE_Intraday_Mixed_Steady_15k_97_20141217_071128','ISE_Intraday_Mixed_Steady_15k_97_20141217_071128','Baseline Test',0,0,NULL,97,12,3),
 (98,201,2,58,0,'2014-12-17 07:35:41','2014-12-17 07:47:01','0000-00-00 00:00:00','Rotate_PAT_report_20141217_073541.html',NULL,'Rotate_PAT_98_20141217_073541','Testing Prep',0,0,NULL,98,12,3),
 (99,202,3,248,0,'2014-12-17 07:47:01','2014-12-17 08:23:14','0000-00-00 00:00:00','ISE_PT105_with_BAITS_report_20141217_074701.html','uploads/home/Gts_Tests/PAT/Core/ISE_regression/ISE_PT105_with_BAITS_99_20141217_074701','ISE_PT105_with_BAITS_99_20141217_074701','Baseline Re-run (after TC-PAT214 restart)',0,0,NULL,99,12,3),
 (100,203,3,243,0,'2014-12-17 08:23:15','2014-12-17 08:44:41','0000-00-00 00:00:00','ISE_Intraday_Mixed_Steady_15k_report_20141217_082315.html','uploads/home/Gts_Tests/PAT/Core/ISE_regression/ISE_Intraday_Mixed_Steady_15k_100_20141217_082315','ISE_Intraday_Mixed_Steady_15k_100_20141217_082315','GW Lat Test - Only Gateway 3, stop Gateway 4',0,0,NULL,100,12,3),
 (102,206,3,260,0,'2014-12-17 08:58:33','2014-12-17 09:20:06','0000-00-00 00:00:00','ISE_Intraday_Mixed_Steady_15k_Only_GW3_report_20141217_085833.html','uploads/home/Gts_Tests/PAT/Core/ISE_regression/ISE_Intraday_Mixed_Steady_15k_Only_GW3_102_20141217_085833','ISE_Intraday_Mixed_Steady_15k_Only_GW3_102_20141217_085833','New baseline ',0,0,NULL,102,12,3),
 (103,208,2,261,0,'2014-12-17 09:33:42','2014-12-17 10:12:08','0000-00-00 00:00:00','ISE_PT105_with_BAITS_Only_GW3_report_20141217_093342.html','uploads/home/Gts_Tests/PAT/Core/ISE_regression/ISE_PT105_with_BAITS_Only_GW3_103_20141217_093342','ISE_PT105_with_BAITS_Only_GW3_103_20141217_093342','Baseline',0,0,NULL,103,12,3),
 (104,209,3,124,0,'2014-12-17 10:10:07','2014-12-17 10:10:14','0000-00-00 00:00:00','Core_Health_Check_report_20141217_101007.html',NULL,'Core_Health_Check_104_20141217_101007','Testing',0,0,NULL,104,12,4),
 (105,209,2,74,0,'2014-12-17 10:10:14','2014-12-17 10:10:29','0000-00-00 00:00:00','Core_418_Gateway_Authentication_report_20141217_101015.html',NULL,'Core_418_Gateway_Authentication_105_20141217_101014','Testing',0,0,NULL,105,12,4),
 (106,210,2,248,0,'2014-12-17 10:35:29','2014-12-17 10:56:09','0000-00-00 00:00:00','ISE_PT105_with_BAITS_report_20141217_103529.html','uploads/home/Gts_Tests/PAT/Core/ISE_regression/ISE_PT105_with_BAITS_106_20141217_103529','ISE_PT105_with_BAITS_106_20141217_103529','Regular baseline',0,0,NULL,106,12,3),
 (107,211,2,2,0,'2014-12-17 10:48:41','2014-12-17 10:49:11','0000-00-00 00:00:00','OAT_Troubleshooting_1_report_20141217_104841.html',NULL,'OAT_Troubleshooting_1_107_20141217_104841','10.1.40 yaml was created',0,0,NULL,107,37,2),
 (108,212,3,124,0,'2014-12-17 11:05:58','2014-12-17 11:06:06','0000-00-00 00:00:00','Core_Health_Check_report_20141217_110558.html',NULL,'Core_Health_Check_108_20141217_110558','Deploying 10.1.40 into OAT',0,0,NULL,108,37,4),
 (109,216,2,258,0,'2014-12-17 12:08:47','2014-12-17 12:16:56','0000-00-00 00:00:00','Call_Jenkins_Functional_Regression_report_20141217_120847.html','http://dd-ap09.test.ise.com/TRFRS?%2fTestReports%2fDirectReferenceReport&JobNumber=97&SuiteGroup=SUITE-MASTER&rc:Toolbar=false&rs:Command=Render&rc:OutputFormat=HTML','Call_Jenkins_Functional_Regression_109_20141217_120847','Auto Trigger Test',0,0,NULL,109,12,1),
 (110,217,3,263,0,'2014-12-17 12:38:39','2014-12-17 12:38:56','0000-00-00 00:00:00','BAT3_Rotate_All_Products_To_Open_report_20141217_123839.html',NULL,'BAT3_Rotate_All_Products_To_Open_110_20141217_123839','upgrade to 10.001.040',0,0,NULL,110,37,7),
 (111,218,3,263,0,'2014-12-17 12:51:28','2014-12-17 12:51:29','0000-00-00 00:00:00','BAT3_Rotate_All_Products_To_Open_report_20141217_125128.html',NULL,'BAT3_Rotate_All_Products_To_Open_111_20141217_125128','Using MOPS_MM_U1, nomatter',0,0,NULL,111,37,7),
 (112,219,3,263,0,'2014-12-17 12:53:33','2014-12-17 12:54:18','0000-00-00 00:00:00','BAT3_Rotate_All_Products_To_Open_report_20141217_125333.html',NULL,'BAT3_Rotate_All_Products_To_Open_112_20141217_125333','Using MOPS_MM_U1,nomatter',0,0,NULL,112,37,7),
 (113,220,3,263,0,'2014-12-17 12:55:03','2014-12-17 12:55:33','0000-00-00 00:00:00','BAT3_Rotate_All_Products_To_Open_report_20141217_125504.html',NULL,'BAT3_Rotate_All_Products_To_Open_113_20141217_125503','script,script',0,0,NULL,113,37,7),
 (114,221,2,263,0,'2014-12-17 13:05:27','2014-12-17 13:08:37','0000-00-00 00:00:00','BAT3_Rotate_All_Products_To_Open_report_20141217_130527.html',NULL,'BAT3_Rotate_All_Products_To_Open_114_20141217_130527','MOPS_BUSINESSUNIT-MOPS_MM_U1,script',0,0,NULL,114,37,7),
 (115,226,2,263,0,'2014-12-17 13:45:41','2014-12-17 13:46:25','0000-00-00 00:00:00','BAT3_Rotate_All_Products_To_Open_report_20141217_134542.html',NULL,'BAT3_Rotate_All_Products_To_Open_115_20141217_134541','Auto Trigger Test',0,0,NULL,115,37,7),
 (116,225,2,2,0,'2014-12-17 13:46:36','2014-12-17 13:47:06','0000-00-00 00:00:00','OAT_Troubleshooting_1_report_20141217_134636.html',NULL,'OAT_Troubleshooting_1_116_20141217_134636','Auto Trigger Test',0,0,NULL,116,37,4),
 (117,229,3,243,0,'2014-12-17 14:17:32','2014-12-17 14:39:01','0000-00-00 00:00:00','ISE_Intraday_Mixed_Steady_15k_report_20141217_141733.html','uploads/home/Gts_Tests/PAT/Core/ISE_regression/ISE_Intraday_Mixed_Steady_15k_117_20141217_141732','ISE_Intraday_Mixed_Steady_15k_117_20141217_141732','Mixed 15k Standard Baseline',0,0,NULL,117,12,3),
 (118,230,2,258,0,'2014-12-17 14:55:58','2014-12-17 15:05:08','0000-00-00 00:00:00','Call_Jenkins_Functional_Regression_report_20141217_145558.html','http://dd-ap09.test.ise.com/TRFRS?%2fTestReports%2fDirectReferenceReport&JobNumber=104&SuiteGroup=SUITE-MASTER&rc:Toolbar=false&rs:Command=Render&rc:OutputFormat=HTML','Call_Jenkins_Functional_Regression_118_20141217_145558','Auto Trigger Test',0,0,NULL,118,37,1),
 (119,232,2,263,0,'2014-12-17 15:10:20','2014-12-17 15:11:06','0000-00-00 00:00:00','BAT3_Rotate_All_Products_To_Open_report_20141217_151020.html',NULL,'BAT3_Rotate_All_Products_To_Open_119_20141217_151020','Auto Trigger Test',0,0,NULL,119,37,7),
 (120,231,2,74,0,'2014-12-17 15:10:46','2014-12-17 15:11:00','0000-00-00 00:00:00','Core_418_Gateway_Authentication_report_20141217_151046.html',NULL,'Core_418_Gateway_Authentication_120_20141217_151046','Auto Trigger Test',0,0,NULL,120,37,4),
 (121,233,2,248,0,'2014-12-17 15:41:05','2014-12-17 16:01:24','0000-00-00 00:00:00','ISE_PT105_with_BAITS_report_20141217_154105.html','uploads/home/Gts_Tests/PAT/Core/ISE_regression/ISE_PT105_with_BAITS_121_20141217_154105','ISE_PT105_with_BAITS_121_20141217_154105','Config Change',0,0,NULL,121,37,3),
 (122,235,3,119,0,'2014-12-17 20:22:50','2014-12-17 20:47:34','0000-00-00 00:00:00','OAT_Full_Core_Rotation_report_20141217_202250.html',NULL,'OAT_Full_Core_Rotation_122_20141217_202250','OAT Rotation',0,0,NULL,122,37,4),
 (123,236,3,120,0,'2014-12-18 08:48:15','2014-12-18 10:04:20','0000-00-00 00:00:00','OAT_Morning_Rotation_report_20141218_084815.html',NULL,'OAT_Morning_Rotation_123_20141218_084815','Morning Rotation',0,0,NULL,123,37,4),
 (124,236,3,236,0,'2014-12-18 10:04:20','2014-12-18 11:25:09','0000-00-00 00:00:00','OAT_Morning_Core_ISE_Apps_Rotation_report_20141218_100420.html',NULL,'OAT_Morning_Core_ISE_Apps_Rotation_124_20141218_100420','Morning Rotation',0,0,NULL,124,37,4),
 (125,237,2,260,0,'2014-12-18 08:59:37','2014-12-18 09:23:25','0000-00-00 00:00:00','ISE_Intraday_Mixed_Steady_15k_Only_GW3_report_20141218_085937.html','uploads/home/Gts_Tests/PAT/Core/ISE_regression/ISE_Intraday_Mixed_Steady_15k_Only_GW3_125_20141218_085937','ISE_Intraday_Mixed_Steady_15k_Only_GW3_125_20141218_085937','Baseline GW3 Mixed 15k',0,0,NULL,125,12,3),
 (126,239,5,248,0,'2014-12-18 10:51:26','2014-12-18 10:56:20','0000-00-00 00:00:00','None',NULL,'ISE_PT105_with_BAITS_126_20141218_105126','Suspension Testing',0,0,NULL,126,37,3),
 (127,240,3,248,0,'2014-12-18 11:02:51','2014-12-18 11:22:51','0000-00-00 00:00:00','ISE_PT105_with_BAITS_report_20141218_110251.html','uploads/home/Gts_Tests/PAT/Core/ISE_regression/ISE_PT105_with_BAITS_127_20141218_110251','ISE_PT105_with_BAITS_127_20141218_110251','Regression upgrade',0,0,NULL,127,37,3),
 (128,241,2,2,0,'2014-12-18 15:52:01','2014-12-18 15:52:31','0000-00-00 00:00:00','OAT_Troubleshooting_1_report_20141218_155201.html',NULL,'OAT_Troubleshooting_1_128_20141218_155201','testing',0,0,NULL,128,37,4),
 (129,242,2,2,0,'2014-12-18 15:53:25','2014-12-18 15:53:55','0000-00-00 00:00:00','OAT_Troubleshooting_1_report_20141218_155325.html',NULL,'OAT_Troubleshooting_1_129_20141218_155325','testing',0,0,NULL,129,37,4),
 (130,243,2,2,0,'2014-12-18 16:08:49','2014-12-18 16:09:19','0000-00-00 00:00:00','OAT_Troubleshooting_1_report_20141218_160849.html',NULL,'OAT_Troubleshooting_1_130_20141218_160849','testing',0,0,NULL,129,37,4),
 (131,244,3,120,0,'2014-12-19 09:08:04','2014-12-19 10:23:02','0000-00-00 00:00:00','OAT_Morning_Rotation_report_20141219_090804.html',NULL,'OAT_Morning_Rotation_131_20141219_090804','Morning Rotation',0,0,NULL,131,37,4),
 (132,244,3,236,0,'2014-12-19 10:23:02','2014-12-19 11:39:54','0000-00-00 00:00:00','OAT_Morning_Core_ISE_Apps_Rotation_report_20141219_102303.html',NULL,'OAT_Morning_Core_ISE_Apps_Rotation_132_20141219_102302','Morning Rotation',0,0,NULL,132,37,4),
 (133,245,2,260,0,'2014-12-19 10:53:37','2014-12-19 11:17:36','0000-00-00 00:00:00','ISE_Intraday_Mixed_Steady_15k_Only_GW3_report_20141219_105337.html','uploads/home/Gts_Tests/PAT/Core/ISE_regression/ISE_Intraday_Mixed_Steady_15k_Only_GW3_133_20141219_105337','ISE_Intraday_Mixed_Steady_15k_Only_GW3_133_20141219_105337','GW3 Only New Baseline 15k Steady',0,0,NULL,133,37,3),
 (134,246,2,261,0,'2014-12-19 12:08:59','2014-12-19 12:47:10','0000-00-00 00:00:00','ISE_PT105_with_BAITS_Only_GW3_report_20141219_120859.html','uploads/home/Gts_Tests/PAT/Core/ISE_regression/ISE_PT105_with_BAITS_Only_GW3_134_20141219_120859','ISE_PT105_with_BAITS_Only_GW3_134_20141219_120859','GW3 ONLY NEW BASELINE PT105 w. BAITS',0,0,NULL,134,37,3),
 (135,247,2,248,0,'2014-12-19 13:08:33','2014-12-19 13:29:00','0000-00-00 00:00:00','ISE_PT105_with_BAITS_report_20141219_130833.html','uploads/home/Gts_Tests/PAT/Core/ISE_regression/ISE_PT105_with_BAITS_135_20141219_130833','ISE_PT105_with_BAITS_135_20141219_130833','PT105 with BAITS baseline',0,0,NULL,135,37,3),
 (136,248,3,100,0,'2014-12-19 13:49:47','2014-12-19 14:27:21','0000-00-00 00:00:00','OAT_20_Gateway_Failure_report_20141219_134947.html',NULL,'OAT_20_Gateway_Failure_136_20141219_134947','OAT R010.001.040 Regression',0,0,NULL,136,37,4),
 (137,248,3,101,0,'2014-12-19 14:27:21','2014-12-19 15:03:21','0000-00-00 00:00:00','OAT_21_ME_Failover_report_20141219_142721.html',NULL,'OAT_21_ME_Failover_137_20141219_142721','OAT R010.001.040 Regression',0,0,NULL,137,37,4),
 (138,248,3,229,0,'2014-12-19 15:03:21','2014-12-19 15:04:57','0000-00-00 00:00:00','OAT_29_Baseline_report_20141219_150321.html',NULL,'OAT_29_Baseline_138_20141219_150321','OAT R010.001.040 Regression',0,0,NULL,138,37,4),
 (139,248,3,102,0,'2014-12-19 15:04:57','2014-12-19 16:02:00','0000-00-00 00:00:00','OAT_30_Mdd_Failover_report_20141219_150457.html',NULL,'OAT_30_Mdd_Failover_139_20141219_150457','OAT R010.001.040 Regression',0,0,NULL,139,37,4),
 (140,248,3,103,0,'2014-12-19 16:02:00','2014-12-19 16:03:25','0000-00-00 00:00:00','OAT_33_MDS_LVC_Failover_report_20141219_160200.html',NULL,'OAT_33_MDS_LVC_Failover_140_20141219_160200','OAT R010.001.040 Regression',0,0,NULL,140,37,4),
 (141,248,3,104,0,'2014-12-19 16:03:25','2014-12-19 16:40:01','0000-00-00 00:00:00','OAT_38_ME_Failure_report_20141219_160325.html',NULL,'OAT_38_ME_Failure_141_20141219_160325','OAT R010.001.040 Regression',0,0,NULL,141,37,4),
 (142,248,3,105,0,'2014-12-19 16:40:01','2014-12-19 17:37:12','0000-00-00 00:00:00','OAT_39_Mdd_Failure_report_20141219_164001.html',NULL,'OAT_39_Mdd_Failure_142_20141219_164001','OAT R010.001.040 Regression',0,0,NULL,142,37,4),
 (143,248,3,106,0,'2014-12-19 17:37:12','2014-12-19 18:34:17','0000-00-00 00:00:00','OAT_41_MDS_LVC_Failure_report_20141219_173712.html',NULL,'OAT_41_MDS_LVC_Failure_143_20141219_173712','OAT R010.001.040 Regression',0,0,NULL,143,37,4),
 (144,248,3,107,0,'2014-12-19 18:34:17','2014-12-19 19:16:43','0000-00-00 00:00:00','OAT_2_Matcher_Leader_to_Member_Failover_report_20141219_183417.html',NULL,'OAT_2_Matcher_Leader_to_Member_Failover_144_20141219_183417','OAT R010.001.040 Regression',0,0,NULL,144,37,4),
 (145,248,2,108,0,'2014-12-19 19:16:43','2014-12-19 19:22:26','0000-00-00 00:00:00','OAT_3_Precise_BSI_Failover_report_20141219_191643.html',NULL,'OAT_3_Precise_BSI_Failover_145_20141219_191643','OAT R010.001.040 Regression',0,0,NULL,145,37,4),
 (146,248,3,109,0,'2014-12-19 19:22:26','2014-12-19 19:26:07','0000-00-00 00:00:00','OAT_6_Precise_Ports_Failover_report_20141219_192226.html',NULL,'OAT_6_Precise_Ports_Failover_146_20141219_192226','OAT R010.001.040 Regression',0,0,NULL,146,37,4),
 (147,248,3,56,0,'2014-12-19 19:26:07','2014-12-19 19:31:29','0000-00-00 00:00:00','OAT_8_Baseline_Order_Management_report_20141219_192607.html',NULL,'OAT_8_Baseline_Order_Management_147_20141219_192607','OAT R010.001.040 Regression',0,0,NULL,147,37,4),
 (148,248,3,49,0,'2014-12-19 19:31:29','2014-12-19 19:52:42','0000-00-00 00:00:00','OAT_11_IORS_BSI_Failover_Cluster_report_20141219_193129.html',NULL,'OAT_11_IORS_BSI_Failover_Cluster_148_20141219_193129','OAT R010.001.040 Regression',0,0,NULL,148,37,4),
 (149,248,3,50,0,'2014-12-19 19:52:42','2014-12-19 20:04:41','0000-00-00 00:00:00','OAT_13_IORS_RegularBSI_Adapter_Failure_report_20141219_195242.html',NULL,'OAT_13_IORS_RegularBSI_Adapter_Failure_149_20141219_195242','OAT R010.001.040 Regression',0,0,NULL,149,37,4),
 (150,248,3,51,0,'2014-12-19 20:04:41','2014-12-19 20:16:11','0000-00-00 00:00:00','OAT_14_IORS_Svc_Bureau_BSI_Adapter_Failure_report_20141219_200441.html',NULL,'OAT_14_IORS_Svc_Bureau_BSI_Adapter_Failure_150_20141219_200441','OAT R010.001.040 Regression',0,0,NULL,150,37,4),
 (151,248,3,52,0,'2014-12-19 20:16:11','2014-12-19 20:26:35','0000-00-00 00:00:00','OAT_22_Pope_Leader_to_Member_Failover_report_20141219_201611.html',NULL,'OAT_22_Pope_Leader_to_Member_Failover_151_20141219_201611','OAT R010.001.040 Regression',0,0,NULL,151,37,4),
 (152,248,3,53,0,'2014-12-19 20:26:35','2014-12-19 20:37:44','0000-00-00 00:00:00','OAT_23_Trade_Manager_Leader_to_Member_Failover_report_20141219_202635.html',NULL,'OAT_23_Trade_Manager_Leader_to_Member_Failover_152_20141219_202635','OAT R010.001.040 Regression',0,0,NULL,152,37,4),
 (153,248,3,91,0,'2014-12-19 20:37:44','2014-12-19 21:39:29','0000-00-00 00:00:00','OAT_55_24h_Cycle_BC_Trade_Open_Failure_report_20141219_203744.html',NULL,'OAT_55_24h_Cycle_BC_Trade_Open_Failure_153_20141219_203744','OAT R010.001.040 Regression',0,0,NULL,153,37,4),
 (154,248,3,92,0,'2014-12-19 21:39:29','2014-12-19 22:43:44','0000-00-00 00:00:00','OAT_56_24h_Cycle_BC_Order_Open_Failure_report_20141219_213929.html',NULL,'OAT_56_24h_Cycle_BC_Order_Open_Failure_154_20141219_213929','OAT R010.001.040 Regression',0,0,NULL,154,37,4),
 (155,248,3,93,0,'2014-12-19 22:43:44','2014-12-19 23:54:09','0000-00-00 00:00:00','OAT_57_24h_Cycle_Matcher_Release_Failure_report_20141219_224344.html',NULL,'OAT_57_24h_Cycle_Matcher_Release_Failure_155_20141219_224344','OAT R010.001.040 Regression',0,0,NULL,155,37,4),
 (156,248,3,94,0,'2014-12-19 23:54:09','2014-12-20 01:03:07','0000-00-00 00:00:00','OAT_58_24h_Cycle_Trading_Start_of_Day_Failure_report_20141219_235409.html',NULL,'OAT_58_24h_Cycle_Trading_Start_of_Day_Failure_156_20141219_235409','OAT R010.001.040 Regression',0,0,NULL,156,37,4),
 (157,248,3,95,0,'2014-12-20 01:03:07','2014-12-20 02:09:05','0000-00-00 00:00:00','OAT_62_24h_Cycle_Trading_Open_Failure_report_20141220_010307.html',NULL,'OAT_62_24h_Cycle_Trading_Open_Failure_157_20141220_010307','OAT R010.001.040 Regression',0,0,NULL,157,37,4),
 (158,248,3,96,0,'2014-12-20 02:09:05','2014-12-20 03:14:50','0000-00-00 00:00:00','OAT_63_24h_Cycle_Trading_Open_Failure_report_20141220_020905.html',NULL,'OAT_63_24h_Cycle_Trading_Open_Failure_158_20141220_020905','OAT R010.001.040 Regression',0,0,NULL,158,37,4),
 (159,248,3,97,0,'2014-12-20 03:14:50','2014-12-20 04:20:54','0000-00-00 00:00:00','OAT_68_24h_Cycle_Trading_Post_End_of_Day_Failure_report_20141220_031450.html',NULL,'OAT_68_24h_Cycle_Trading_Post_End_of_Day_Failure_159_20141220_031450','OAT R010.001.040 Regression',0,0,NULL,159,37,4),
 (160,248,3,98,0,'2014-12-20 04:20:54','2014-12-20 05:04:45','0000-00-00 00:00:00','OAT_77_24h_Cycle_System_Monitor_Failure_report_20141220_042054.html',NULL,'OAT_77_24h_Cycle_System_Monitor_Failure_160_20141220_042054','OAT R010.001.040 Regression',0,0,NULL,160,37,4),
 (161,248,3,99,0,'2014-12-20 05:04:45','2014-12-20 05:49:51','0000-00-00 00:00:00','OAT_79_24h_Cycle_Cross_DBs_Failure_report_20141220_050445.html',NULL,'OAT_79_24h_Cycle_Cross_DBs_Failure_161_20141220_050445','OAT R010.001.040 Regression',0,0,NULL,161,37,4),
 (162,248,3,251,0,'2014-12-20 05:49:51','2014-12-20 05:50:07','0000-00-00 00:00:00','OAT_104_sendcreatedevent_Functionality_report_20141220_054952.html',NULL,'OAT_104_sendcreatedevent_Functionality_162_20141220_054951','OAT R010.001.040 Regression',0,0,NULL,162,37,4),
 (163,248,3,117,0,'2014-12-20 05:50:07','2014-12-20 05:51:19','0000-00-00 00:00:00','OAT_93_eventCheck_Functionality_report_20141220_055007.html',NULL,'OAT_93_eventCheck_Functionality_163_20141220_055007','OAT R010.001.040 Regression',0,0,NULL,163,37,4),
 (164,248,2,118,0,'2014-12-20 05:51:19','2014-12-20 05:53:27','0000-00-00 00:00:00','OAT_94_piCheck_Functionality_report_20141220_055119.html',NULL,'OAT_94_piCheck_Functionality_164_20141220_055119','OAT R010.001.040 Regression',0,0,NULL,164,37,4),
 (165,248,3,54,0,'2014-12-20 05:53:27','2014-12-20 06:57:04','0000-00-00 00:00:00','OAT_81_RefData_ME_Failure_report_20141220_055327.html',NULL,'OAT_81_RefData_ME_Failure_165_20141220_055327','OAT R010.001.040 Regression',0,0,NULL,165,37,4),
 (166,248,3,55,0,'2014-12-20 06:57:04','2014-12-20 08:01:24','0000-00-00 00:00:00','OAT_82_RefData_Gateway_Failure_report_20141220_065704.html',NULL,'OAT_82_RefData_Gateway_Failure_166_20141220_065704','OAT R010.001.040 Regression',0,0,NULL,166,37,4),
 (167,248,3,110,0,'2014-12-20 08:01:24','2014-12-20 09:04:32','0000-00-00 00:00:00','OAT_83_RefData_Base_Line_report_20141220_080124.html',NULL,'OAT_83_RefData_Base_Line_167_20141220_080124','OAT R010.001.040 Regression',0,0,NULL,167,37,4),
 (168,248,3,111,0,'2014-12-20 09:04:32','2014-12-20 10:08:49','0000-00-00 00:00:00','OAT_84_RefData_Pope_Failure_report_20141220_090432.html',NULL,'OAT_84_RefData_Pope_Failure_168_20141220_090432','OAT R010.001.040 Regression',0,0,NULL,168,37,4),
 (169,248,3,112,0,'2014-12-20 10:08:49','2014-12-20 11:13:12','0000-00-00 00:00:00','OAT_85_RefData_RdaIB_Failure_report_20141220_100849.html',NULL,'OAT_85_RefData_RdaIB_Failure_169_20141220_100849','OAT R010.001.040 Regression',0,0,NULL,169,37,4),
 (170,248,3,113,0,'2014-12-20 11:13:12','2014-12-20 12:20:03','0000-00-00 00:00:00','OAT_86_RefData_ActiveMQ_Failure_report_20141220_111312.html',NULL,'OAT_86_RefData_ActiveMQ_Failure_170_20141220_111312','OAT R010.001.040 Regression',0,0,NULL,170,37,4),
 (171,248,3,114,0,'2014-12-20 12:20:03','2014-12-20 13:26:12','0000-00-00 00:00:00','OAT_87_RefData_Jboss_Failure_report_20141220_122003.html',NULL,'OAT_87_RefData_Jboss_Failure_171_20141220_122003','OAT R010.001.040 Regression',0,0,NULL,171,37,4),
 (172,248,3,115,0,'2014-12-20 13:26:12','2014-12-20 14:30:47','0000-00-00 00:00:00','OAT_88_RefData_RdaOB_Failure_report_20141220_132612.html',NULL,'OAT_88_RefData_RdaOB_Failure_172_20141220_132612','OAT R010.001.040 Regression',0,0,NULL,172,37,4),
 (173,248,3,116,0,'2014-12-20 14:30:47','2014-12-20 15:34:43','0000-00-00 00:00:00','OAT_89_RefData_Rdd_Failure_report_20141220_143047.html',NULL,'OAT_89_RefData_Rdd_Failure_173_20141220_143047','OAT R010.001.040 Regression',0,0,NULL,173,37,4),
 (174,248,3,71,0,'2014-12-20 15:34:43','2014-12-20 16:16:34','0000-00-00 00:00:00','Core_415_Change_Product_State_Script_report_20141220_153443.html',NULL,'Core_415_Change_Product_State_Script_174_20141220_153443','OAT R010.001.040 Regression',0,0,NULL,174,37,4),
 (175,248,3,72,0,'2014-12-20 16:16:34','2014-12-20 16:19:47','0000-00-00 00:00:00','Core_416_DB_Cleanups_report_20141220_161634.html',NULL,'Core_416_DB_Cleanups_175_20141220_161634','OAT R010.001.040 Regression',0,0,NULL,175,37,4),
 (176,248,3,73,0,'2014-12-20 16:19:47','2014-12-20 17:08:07','0000-00-00 00:00:00','Core_417_SetPartitionSync_Wait_and_Release_report_20141220_161947.html',NULL,'Core_417_SetPartitionSync_Wait_and_Release_176_20141220_161947','OAT R010.001.040 Regression',0,0,NULL,176,37,4),
 (177,248,3,74,0,'2014-12-20 17:08:07','2014-12-20 17:08:14','0000-00-00 00:00:00','Core_418_Gateway_Authentication_report_20141220_170807.html',NULL,'Core_418_Gateway_Authentication_177_20141220_170807','OAT R010.001.040 Regression',0,0,NULL,177,37,4),
 (178,248,2,75,0,'2014-12-20 17:08:14','2014-12-20 17:15:21','0000-00-00 00:00:00','Core_419_Scheduler_Event_Pause_Resume_report_20141220_170814.html',NULL,'Core_419_Scheduler_Event_Pause_Resume_178_20141220_170814','OAT R010.001.040 Regression',0,0,NULL,178,37,4),
 (179,248,3,76,0,'2014-12-20 17:15:21','2014-12-20 18:08:57','0000-00-00 00:00:00','Core_424_System_Startup_Shutdown_report_20141220_171521.html',NULL,'Core_424_System_Startup_Shutdown_179_20141220_171521','OAT R010.001.040 Regression',0,0,NULL,179,37,4),
 (180,248,3,77,0,'2014-12-20 18:08:57','2014-12-20 18:49:53','0000-00-00 00:00:00','Core_426_dbsync_dbcheck_Local_DBs_report_20141220_180857.html',NULL,'Core_426_dbsync_dbcheck_Local_DBs_180_20141220_180857','OAT R010.001.040 Regression',0,0,NULL,180,37,4),
 (181,248,3,78,0,'2014-12-20 18:49:53','2014-12-20 18:50:25','0000-00-00 00:00:00','Core_427_uCheck_Functionality_report_20141220_184953.html',NULL,'Core_427_uCheck_Functionality_181_20141220_184953','OAT R010.001.040 Regression',0,0,NULL,181,37,4),
 (182,248,3,79,0,'2014-12-20 18:50:25','2014-12-20 18:50:30','0000-00-00 00:00:00','Core_500_MG_Session_Manager_Load_Balancing_report_20141220_185025.html',NULL,'Core_500_MG_Session_Manager_Load_Balancing_182_20141220_185025','OAT R010.001.040 Regression',0,0,NULL,182,37,4),
 (183,248,3,225,0,'2014-12-20 18:50:30','2014-12-20 19:41:04','0000-00-00 00:00:00','Core_607_MDMDB_Cleanup_report_20141220_185030.html',NULL,'Core_607_MDMDB_Cleanup_183_20141220_185030','OAT R010.001.040 Regression',0,0,NULL,183,37,4),
 (184,248,2,250,0,'2014-12-20 19:41:04','2014-12-20 19:41:13','0000-00-00 00:00:00','Core_634_Gateway_Reject_NonPersistent_GTCD_report_20141220_194104.html',NULL,'Core_634_Gateway_Reject_NonPersistent_GTCD_184_20141220_194104','OAT R010.001.040 Regression',0,0,NULL,184,37,4),
 (185,248,3,61,0,'2014-12-20 19:41:13','2014-12-20 20:47:58','0000-00-00 00:00:00','Core_431_Matcher_Leader_Failover_report_20141220_194113.html',NULL,'Core_431_Matcher_Leader_Failover_185_20141220_194113','OAT R010.001.040 Regression',0,0,NULL,185,37,4),
 (186,248,3,62,0,'2014-12-20 20:47:58','2014-12-20 21:55:43','0000-00-00 00:00:00','Core_432_Pope_Leader_Failover_report_20141220_204759.html',NULL,'Core_432_Pope_Leader_Failover_186_20141220_204758','OAT R010.001.040 Regression',0,0,NULL,186,37,4),
 (187,248,3,63,0,'2014-12-20 21:55:43','2014-12-20 23:02:47','0000-00-00 00:00:00','Core_433_RIB_Leader_Failover_report_20141220_215543.html',NULL,'Core_433_RIB_Leader_Failover_187_20141220_215543','OAT R010.001.040 Regression',0,0,NULL,187,37,4),
 (188,248,3,64,0,'2014-12-20 23:02:47','2014-12-21 00:13:39','0000-00-00 00:00:00','Core_434_MDD_Leader_Failover_report_20141220_230247.html',NULL,'Core_434_MDD_Leader_Failover_188_20141220_230247','OAT R010.001.040 Regression',0,0,NULL,188,37,4),
 (189,248,3,65,0,'2014-12-21 00:13:39','2014-12-21 01:22:21','0000-00-00 00:00:00','Core_435_Audit_Trail_Leader_Failover_report_20141221_001339.html',NULL,'Core_435_Audit_Trail_Leader_Failover_189_20141221_001339','OAT R010.001.040 Regression',0,0,NULL,189,37,4),
 (190,248,3,66,0,'2014-12-21 01:22:21','2014-12-21 01:28:50','0000-00-00 00:00:00','Core_436_TM_Failover_report_20141221_012221.html',NULL,'Core_436_TM_Failover_190_20141221_012221','OAT R010.001.040 Regression',0,0,NULL,190,37,4),
 (191,248,2,67,0,'2014-12-21 01:28:50','2014-12-21 01:47:44','0000-00-00 00:00:00','Core_438_System_Monitor_Failover_report_20141221_012850.html',NULL,'Core_438_System_Monitor_Failover_191_20141221_012850','OAT R010.001.040 Regression',0,0,NULL,191,37,4),
 (192,248,2,68,0,'2014-12-21 01:47:44','2014-12-21 01:53:00','0000-00-00 00:00:00','Core_439_System_Controller_Failover_report_20141221_014744.html',NULL,'Core_439_System_Controller_Failover_192_20141221_014744','OAT R010.001.040 Regression',0,0,NULL,192,37,4),
 (193,248,2,69,0,'2014-12-21 01:53:00','2014-12-21 02:11:11','0000-00-00 00:00:00','Core_440_Session_Manager_Failover_report_20141221_015300.html',NULL,'Core_440_Session_Manager_Failover_193_20141221_015300','OAT R010.001.040 Regression',0,0,NULL,193,37,4),
 (194,248,2,70,0,'2014-12-21 02:11:11','2014-12-21 02:31:43','0000-00-00 00:00:00','Core_457_Status_Manager_Failover_report_20141221_021111.html',NULL,'Core_457_Status_Manager_Failover_194_20141221_021111','OAT R010.001.040 Regression',0,0,NULL,194,37,4),
 (195,248,2,212,0,'2014-12-21 02:31:43','2014-12-21 02:32:11','0000-00-00 00:00:00','Core_606_LLO_Connecting_to_LLO_via_Non_CGW_report_20141221_023143.html',NULL,'Core_606_LLO_Connecting_to_LLO_via_Non_CGW_195_20141221_023143','OAT R010.001.040 Regression',0,0,NULL,195,37,4),
 (196,249,2,248,0,'2014-12-19 17:01:39','2014-12-19 17:22:19','0000-00-00 00:00:00','ISE_PT105_with_BAITS_report_20141219_170140.html','uploads/home/Gts_Tests/PAT/Core/ISE_regression/ISE_PT105_with_BAITS_196_20141219_170139','ISE_PT105_with_BAITS_196_20141219_170139','GW Threads 10',0,0,NULL,196,37,3),
 (197,250,3,120,0,'2014-12-22 08:19:00','2014-12-22 09:32:40','0000-00-00 00:00:00','OAT_Morning_Rotation_report_20141222_081900.html',NULL,'OAT_Morning_Rotation_197_20141222_081900','Morning Rotation',0,0,NULL,131,37,4),
 (198,252,3,243,0,'2014-12-22 08:35:03','2014-12-22 08:59:16','0000-00-00 00:00:00','ISE_Intraday_Mixed_Steady_15k_report_20141222_083503.html','uploads/home/Gts_Tests/PAT/Core/ISE_regression/ISE_Intraday_Mixed_Steady_15k_198_20141222_083503','ISE_Intraday_Mixed_Steady_15k_198_20141222_083503','Expanded GW logging',0,0,NULL,198,37,3),
 (199,251,2,121,0,'2014-12-22 09:32:40','2014-12-22 09:54:58','0000-00-00 00:00:00','OAT_ISE_Apps_Rotate_All_report_20141222_093240.html',NULL,'OAT_ISE_Apps_Rotate_All_199_20141222_093240','Morning Rotation',0,0,NULL,199,37,4),
 (200,253,3,124,0,'2014-12-22 13:25:59','2014-12-22 13:28:03','0000-00-00 00:00:00','Core_Health_Check_report_20141222_132559.html',NULL,'Core_Health_Check_200_20141222_132559','Core Health Check',0,0,NULL,200,37,4),
 (201,254,2,124,0,'2014-12-22 13:58:38','2014-12-22 14:01:16','0000-00-00 00:00:00','Core_Health_Check_report_20141222_135838.html',NULL,'Core_Health_Check_201_20141222_135838','Core Health Check',0,0,NULL,200,37,4),
 (202,255,3,243,0,'2014-12-22 15:22:25','2014-12-22 15:43:54','0000-00-00 00:00:00','ISE_Intraday_Mixed_Steady_15k_report_20141222_152225.html','uploads/home/Gts_Tests/PAT/Core/ISE_regression/ISE_Intraday_Mixed_Steady_15k_202_20141222_152225','ISE_Intraday_Mixed_Steady_15k_202_20141222_152225','Puppet locked and HE on 202',0,0,NULL,202,37,3),
 (203,256,2,248,0,'2014-12-22 15:49:05','2014-12-22 16:09:48','0000-00-00 00:00:00','ISE_PT105_with_BAITS_report_20141222_154905.html','uploads/home/Gts_Tests/PAT/Core/ISE_regression/ISE_PT105_with_BAITS_203_20141222_154905','ISE_PT105_with_BAITS_203_20141222_154905','Puppet locked and HE on 202',0,0,NULL,203,37,3),
 (204,257,2,248,0,'2014-12-22 16:25:36','2014-12-22 16:45:25','0000-00-00 00:00:00','ISE_PT105_with_BAITS_report_20141222_162536.html','uploads/home/Gts_Tests/PAT/Core/ISE_regression/ISE_PT105_with_BAITS_204_20141222_162536','ISE_PT105_with_BAITS_204_20141222_162536','G8v2 GW RR=1 10WT',0,0,NULL,204,37,3),
 (205,258,2,261,0,'2014-12-22 16:52:02','2014-12-22 17:30:15','0000-00-00 00:00:00','ISE_PT105_with_BAITS_Only_GW3_report_20141222_165202.html','uploads/home/Gts_Tests/PAT/Core/ISE_regression/ISE_PT105_with_BAITS_Only_GW3_205_20141222_165202','ISE_PT105_with_BAITS_Only_GW3_205_20141222_165202','G8v2 GW RR=1 10WT GW3 Only',0,0,NULL,205,37,3),
 (206,259,3,120,0,'2014-12-23 08:00:26','2014-12-23 09:22:36','0000-00-00 00:00:00','OAT_Morning_Rotation_report_20141223_080026.html',NULL,'OAT_Morning_Rotation_206_20141223_080026','Morning Rotation',0,0,NULL,131,37,4),
 (207,261,2,248,0,'2014-12-23 08:47:08','2014-12-23 09:09:42','0000-00-00 00:00:00','ISE_PT105_with_BAITS_report_20141223_084708.html','uploads/home/Gts_Tests/PAT/Core/ISE_regression/ISE_PT105_with_BAITS_207_20141223_084708','ISE_PT105_with_BAITS_207_20141223_084708','GW 20 WT no RR',0,0,NULL,207,37,3),
 (208,260,2,121,0,'2014-12-23 09:22:36','2014-12-23 09:44:29','0000-00-00 00:00:00','OAT_ISE_Apps_Rotate_All_report_20141223_092236.html',NULL,'OAT_ISE_Apps_Rotate_All_208_20141223_092236','Morning Rotation',0,0,NULL,199,37,4),
 (209,262,2,248,0,'2014-12-23 09:25:46','2014-12-23 09:45:42','0000-00-00 00:00:00','ISE_PT105_with_BAITS_report_20141223_092546.html','uploads/home/Gts_Tests/PAT/Core/ISE_regression/ISE_PT105_with_BAITS_209_20141223_092546','ISE_PT105_with_BAITS_209_20141223_092546','15 WT no affinity no rr ',0,0,NULL,209,37,3),
 (210,263,3,124,0,'2014-12-23 09:45:41','2014-12-23 09:48:27','0000-00-00 00:00:00','Core_Health_Check_report_20141223_094541.html',NULL,'Core_Health_Check_210_20141223_094541','Core Health Check',0,0,NULL,200,37,4),
 (211,264,3,243,0,'2014-12-23 11:27:57','2014-12-23 11:49:25','0000-00-00 00:00:00','ISE_Intraday_Mixed_Steady_15k_report_20141223_112758.html','uploads/home/Gts_Tests/PAT/Core/ISE_regression/ISE_Intraday_Mixed_Steady_15k_211_20141223_112757','ISE_Intraday_Mixed_Steady_15k_211_20141223_112757','Baseline 15wt',0,0,NULL,211,37,3),
 (212,265,3,2,0,'2014-12-23 16:09:49','2014-12-23 16:09:50','0000-00-00 00:00:00','OAT_Troubleshooting_1_report_20141223_160949.html',NULL,'OAT_Troubleshooting_1_212_20141223_160949','Test IORS Feeding',0,0,NULL,212,37,4),
 (213,266,3,2,0,'2014-12-23 16:14:23','2014-12-23 16:14:24','0000-00-00 00:00:00','OAT_Troubleshooting_1_report_20141223_161423.html',NULL,'OAT_Troubleshooting_1_213_20141223_161423','Test feeding iors gtc',0,0,NULL,213,37,4),
 (214,267,3,2,0,'2014-12-23 16:16:36','2014-12-23 16:16:41','0000-00-00 00:00:00','OAT_Troubleshooting_1_report_20141223_161636.html',NULL,'OAT_Troubleshooting_1_214_20141223_161636','Test feeding iors gtc',0,0,NULL,213,37,4),
 (215,268,3,2,0,'2014-12-23 16:23:01','2014-12-23 16:23:50','0000-00-00 00:00:00','OAT_Troubleshooting_1_report_20141223_162301.html',NULL,'OAT_Troubleshooting_1_215_20141223_162301','Test feeding iors gtc',0,0,NULL,213,37,4),
 (216,269,3,2,0,'2014-12-23 16:32:50','2014-12-23 16:33:41','0000-00-00 00:00:00','OAT_Troubleshooting_1_report_20141223_163250.html',NULL,'OAT_Troubleshooting_1_216_20141223_163250','Test feeding iors gtc',0,0,NULL,213,37,4),
 (217,270,3,2,0,'2014-12-23 16:38:39','2014-12-23 16:39:04','0000-00-00 00:00:00','OAT_Troubleshooting_1_report_20141223_163839.html',NULL,'OAT_Troubleshooting_1_217_20141223_163839','Test feeding iors gtc',0,0,NULL,213,37,4),
 (218,271,3,2,0,'2014-12-23 16:41:09','2014-12-23 16:41:34','0000-00-00 00:00:00','OAT_Troubleshooting_1_report_20141223_164109.html',NULL,'OAT_Troubleshooting_1_218_20141223_164109','Test feeding iors gtc',0,0,NULL,213,37,4),
 (219,272,2,2,0,'2014-12-23 16:42:36','2014-12-23 16:43:05','0000-00-00 00:00:00','OAT_Troubleshooting_1_report_20141223_164236.html',NULL,'OAT_Troubleshooting_1_219_20141223_164236','Test feeding iors gtc',0,0,NULL,213,37,4),
 (220,273,3,120,0,'2014-12-24 06:18:10','2014-12-24 07:41:04','0000-00-00 00:00:00','OAT_Morning_Rotation_report_20141224_061810.html',NULL,'OAT_Morning_Rotation_220_20141224_061810','Morning Rotation',0,0,NULL,131,37,4),
 (221,274,2,121,0,'2014-12-24 07:41:04','2014-12-24 08:02:04','0000-00-00 00:00:00','OAT_ISE_Apps_Rotate_All_report_20141224_074104.html',NULL,'OAT_ISE_Apps_Rotate_All_221_20141224_074104','Morning Rotation',0,0,NULL,199,37,4),
 (222,276,2,2,0,'2014-12-24 10:38:52','2014-12-24 10:39:22','0000-00-00 00:00:00','OAT_Troubleshooting_1_report_20141224_103852.html',NULL,'OAT_Troubleshooting_1_222_20141224_103852','Test feeding iors gtc',0,0,NULL,213,37,4),
 (223,277,3,100,0,'2014-12-24 13:52:50','2014-12-24 14:33:57','0000-00-00 00:00:00','OAT_20_Gateway_Failure_report_20141224_135250.html',NULL,'OAT_20_Gateway_Failure_223_20141224_135250','OAT R010.001.040 Regression',0,0,NULL,136,37,4),
 (224,278,3,101,0,'2014-12-24 14:33:57','2014-12-24 15:19:35','0000-00-00 00:00:00','OAT_21_ME_Failover_report_20141224_143357.html',NULL,'OAT_21_ME_Failover_224_20141224_143357','OAT R010.001.040 Regression',0,0,NULL,137,37,4),
 (225,279,3,229,0,'2014-12-24 15:19:35','2014-12-24 15:21:11','0000-00-00 00:00:00','OAT_29_Baseline_report_20141224_151935.html',NULL,'OAT_29_Baseline_225_20141224_151935','OAT R010.001.040 Regression',0,0,NULL,138,37,4),
 (226,280,3,102,0,'2014-12-24 15:21:11','2014-12-24 16:23:14','0000-00-00 00:00:00','OAT_30_Mdd_Failover_report_20141224_152111.html',NULL,'OAT_30_Mdd_Failover_226_20141224_152111','OAT R010.001.040 Regression',0,0,NULL,139,37,4),
 (227,281,3,103,0,'2014-12-24 16:23:15','2014-12-24 17:01:18','0000-00-00 00:00:00','OAT_33_MDS_LVC_Failover_report_20141224_162315.html',NULL,'OAT_33_MDS_LVC_Failover_227_20141224_162315','OAT R010.001.040 Regression',0,0,NULL,140,37,4),
 (228,282,3,104,0,'2014-12-24 17:01:18','2014-12-24 17:41:51','0000-00-00 00:00:00','OAT_38_ME_Failure_report_20141224_170118.html',NULL,'OAT_38_ME_Failure_228_20141224_170118','OAT R010.001.040 Regression',0,0,NULL,141,37,4),
 (229,283,3,105,0,'2014-12-24 17:41:51','2014-12-24 18:43:01','0000-00-00 00:00:00','OAT_39_Mdd_Failure_report_20141224_174151.html',NULL,'OAT_39_Mdd_Failure_229_20141224_174151','OAT R010.001.040 Regression',0,0,NULL,142,37,4),
 (230,284,3,107,0,'2014-12-24 18:43:01','2014-12-24 19:31:54','0000-00-00 00:00:00','OAT_2_Matcher_Leader_to_Member_Failover_report_20141224_184301.html',NULL,'OAT_2_Matcher_Leader_to_Member_Failover_230_20141224_184301','OAT R010.001.040 Regression',0,0,NULL,144,37,4),
 (231,285,3,109,0,'2014-12-24 19:31:54','2014-12-24 19:35:44','0000-00-00 00:00:00','OAT_6_Precise_Ports_Failover_report_20141224_193154.html',NULL,'OAT_6_Precise_Ports_Failover_231_20141224_193154','OAT R010.001.040 Regression',0,0,NULL,146,37,4),
 (232,286,3,56,0,'2014-12-24 19:35:44','2014-12-24 19:45:33','0000-00-00 00:00:00','OAT_8_Baseline_Order_Management_report_20141224_193545.html',NULL,'OAT_8_Baseline_Order_Management_232_20141224_193544','OAT R010.001.040 Regression',0,0,NULL,147,37,4),
 (233,287,3,49,0,'2014-12-24 19:45:33','2014-12-24 20:06:35','0000-00-00 00:00:00','OAT_11_IORS_BSI_Failover_Cluster_report_20141224_194533.html',NULL,'OAT_11_IORS_BSI_Failover_Cluster_233_20141224_194533','OAT R010.001.040 Regression',0,0,NULL,148,37,4),
 (234,288,3,50,0,'2014-12-24 20:06:35','2014-12-24 20:23:46','0000-00-00 00:00:00','OAT_13_IORS_RegularBSI_Adapter_Failure_report_20141224_200635.html',NULL,'OAT_13_IORS_RegularBSI_Adapter_Failure_234_20141224_200635','OAT R010.001.040 Regression',0,0,NULL,149,37,4),
 (235,289,3,52,0,'2014-12-24 20:23:46','2014-12-24 20:38:48','0000-00-00 00:00:00','OAT_22_Pope_Leader_to_Member_Failover_report_20141224_202346.html',NULL,'OAT_22_Pope_Leader_to_Member_Failover_235_20141224_202346','OAT R010.001.040 Regression',0,0,NULL,151,37,4),
 (236,290,3,53,0,'2014-12-24 20:38:48','2014-12-24 20:55:13','0000-00-00 00:00:00','OAT_23_Trade_Manager_Leader_to_Member_Failover_report_20141224_203848.html',NULL,'OAT_23_Trade_Manager_Leader_to_Member_Failover_236_20141224_203848','OAT R010.001.040 Regression',0,0,NULL,152,37,4),
 (237,291,3,91,0,'2014-12-24 20:55:13','2014-12-24 21:42:45','0000-00-00 00:00:00','OAT_55_24h_Cycle_BC_Trade_Open_Failure_report_20141224_205513.html',NULL,'OAT_55_24h_Cycle_BC_Trade_Open_Failure_237_20141224_205513','OAT R010.001.040 Regression',0,0,NULL,153,37,4),
 (238,292,3,92,0,'2014-12-24 21:42:46','2014-12-24 22:27:42','0000-00-00 00:00:00','OAT_56_24h_Cycle_BC_Order_Open_Failure_report_20141224_214246.html',NULL,'OAT_56_24h_Cycle_BC_Order_Open_Failure_238_20141224_214246','OAT R010.001.040 Regression',0,0,NULL,154,37,4),
 (239,293,2,93,0,'2014-12-24 22:27:42','2014-12-24 23:37:53','0000-00-00 00:00:00','OAT_57_24h_Cycle_Matcher_Release_Failure_report_20141224_222743.html',NULL,'OAT_57_24h_Cycle_Matcher_Release_Failure_239_20141224_222742','OAT R010.001.040 Regression',0,0,NULL,155,37,4),
 (240,294,3,94,0,'2014-12-24 23:37:53','2014-12-25 00:55:43','0000-00-00 00:00:00','OAT_58_24h_Cycle_Trading_Start_of_Day_Failure_report_20141224_233753.html',NULL,'OAT_58_24h_Cycle_Trading_Start_of_Day_Failure_240_20141224_233753','OAT R010.001.040 Regression',0,0,NULL,156,37,4),
 (241,295,3,95,0,'2014-12-25 00:55:43','2014-12-25 01:39:39','0000-00-00 00:00:00','OAT_62_24h_Cycle_Trading_Open_Failure_report_20141225_005543.html',NULL,'OAT_62_24h_Cycle_Trading_Open_Failure_241_20141225_005543','OAT R010.001.040 Regression',0,0,NULL,157,37,4),
 (242,296,3,96,0,'2014-12-25 01:39:39','2014-12-25 02:20:34','0000-00-00 00:00:00','OAT_63_24h_Cycle_Trading_Open_Failure_report_20141225_013939.html',NULL,'OAT_63_24h_Cycle_Trading_Open_Failure_242_20141225_013939','OAT R010.001.040 Regression',0,0,NULL,158,37,4),
 (243,297,3,97,0,'2014-12-25 02:20:34','2014-12-25 03:00:19','0000-00-00 00:00:00','OAT_68_24h_Cycle_Trading_Post_End_of_Day_Failure_report_20141225_022034.html',NULL,'OAT_68_24h_Cycle_Trading_Post_End_of_Day_Failure_243_20141225_022034','OAT R010.001.040 Regression',0,0,NULL,159,37,4),
 (244,298,3,98,0,'2014-12-25 03:00:19','2014-12-25 03:59:07','0000-00-00 00:00:00','OAT_77_24h_Cycle_System_Monitor_Failure_report_20141225_030019.html',NULL,'OAT_77_24h_Cycle_System_Monitor_Failure_244_20141225_030019','OAT R010.001.040 Regression',0,0,NULL,160,37,4),
 (245,299,2,99,0,'2014-12-25 03:59:08','2014-12-25 04:25:35','0000-00-00 00:00:00','OAT_79_24h_Cycle_Cross_DBs_Failure_report_20141225_035908.html',NULL,'OAT_79_24h_Cycle_Cross_DBs_Failure_245_20141225_035908','OAT R010.001.040 Regression',0,0,NULL,161,37,4),
 (246,300,3,251,0,'2014-12-25 04:25:35','2014-12-25 04:25:50','0000-00-00 00:00:00','OAT_104_sendcreatedevent_Functionality_report_20141225_042535.html',NULL,'OAT_104_sendcreatedevent_Functionality_246_20141225_042535','OAT R010.001.040 Regression',0,0,NULL,162,37,4),
 (247,301,3,117,0,'2014-12-25 04:25:50','2014-12-25 04:26:59','0000-00-00 00:00:00','OAT_93_eventCheck_Functionality_report_20141225_042550.html',NULL,'OAT_93_eventCheck_Functionality_247_20141225_042550','OAT R010.001.040 Regression',0,0,NULL,163,37,4),
 (248,302,3,54,0,'2014-12-25 04:27:00','2014-12-25 05:43:30','0000-00-00 00:00:00','OAT_81_RefData_ME_Failure_report_20141225_042700.html',NULL,'OAT_81_RefData_ME_Failure_248_20141225_042700','OAT R010.001.040 Regression',0,0,NULL,165,37,4),
 (249,303,2,55,0,'2014-12-25 05:43:30','2014-12-25 05:49:50','0000-00-00 00:00:00','OAT_82_RefData_Gateway_Failure_report_20141225_054330.html',NULL,'OAT_82_RefData_Gateway_Failure_249_20141225_054330','OAT R010.001.040 Regression',0,0,NULL,166,37,4),
 (250,304,3,110,0,'2014-12-25 05:49:51','2014-12-25 07:07:58','0000-00-00 00:00:00','OAT_83_RefData_Base_Line_report_20141225_054951.html',NULL,'OAT_83_RefData_Base_Line_250_20141225_054951','OAT R010.001.040 Regression',0,0,NULL,167,37,4),
 (251,305,3,111,0,'2014-12-25 07:07:58','2014-12-25 08:09:34','0000-00-00 00:00:00','OAT_84_RefData_Pope_Failure_report_20141225_070758.html',NULL,'OAT_84_RefData_Pope_Failure_251_20141225_070758','OAT R010.001.040 Regression',0,0,NULL,168,37,4),
 (252,306,3,112,0,'2014-12-25 08:09:34','2014-12-25 09:37:57','0000-00-00 00:00:00','OAT_85_RefData_RdaIB_Failure_report_20141225_080934.html',NULL,'OAT_85_RefData_RdaIB_Failure_252_20141225_080934','OAT R010.001.040 Regression',0,0,NULL,169,37,4),
 (253,307,3,113,0,'2014-12-25 09:37:57','2014-12-25 11:09:40','0000-00-00 00:00:00','OAT_86_RefData_ActiveMQ_Failure_report_20141225_093757.html',NULL,'OAT_86_RefData_ActiveMQ_Failure_253_20141225_093757','OAT R010.001.040 Regression',0,0,NULL,170,37,4),
 (254,308,3,114,0,'2014-12-25 11:09:41','2014-12-25 12:40:56','0000-00-00 00:00:00','OAT_87_RefData_Jboss_Failure_report_20141225_110941.html',NULL,'OAT_87_RefData_Jboss_Failure_254_20141225_110941','OAT R010.001.040 Regression',0,0,NULL,171,37,4),
 (255,309,3,115,0,'2014-12-25 12:40:56','2014-12-25 14:10:16','0000-00-00 00:00:00','OAT_88_RefData_RdaOB_Failure_report_20141225_124056.html',NULL,'OAT_88_RefData_RdaOB_Failure_255_20141225_124056','OAT R010.001.040 Regression',0,0,NULL,172,37,4),
 (256,310,3,116,0,'2014-12-25 14:10:16','2014-12-25 15:39:22','0000-00-00 00:00:00','OAT_89_RefData_Rdd_Failure_report_20141225_141016.html',NULL,'OAT_89_RefData_Rdd_Failure_256_20141225_141016','OAT R010.001.040 Regression',0,0,NULL,173,37,4),
 (257,311,3,71,0,'2014-12-25 15:39:22','2014-12-25 16:32:44','0000-00-00 00:00:00','Core_415_Change_Product_State_Script_report_20141225_153922.html',NULL,'Core_415_Change_Product_State_Script_257_20141225_153922','OAT R010.001.040 Regression',0,0,NULL,174,37,4),
 (258,312,3,72,0,'2014-12-25 16:32:44','2014-12-25 16:35:23','0000-00-00 00:00:00','Core_416_DB_Cleanups_report_20141225_163244.html',NULL,'Core_416_DB_Cleanups_258_20141225_163244','OAT R010.001.040 Regression',0,0,NULL,175,37,4),
 (259,313,3,73,0,'2014-12-25 16:35:23','2014-12-25 17:28:51','0000-00-00 00:00:00','Core_417_SetPartitionSync_Wait_and_Release_report_20141225_163523.html',NULL,'Core_417_SetPartitionSync_Wait_and_Release_259_20141225_163523','OAT R010.001.040 Regression',0,0,NULL,176,37,4);
INSERT INTO `test_execution` (`id`,`task_id`,`status`,`test_id`,`suite_id`,`start_time`,`end_time`,`request_time`,`report`,`test_folder_path`,`test_folder_name`,`label`,`user_id`,`approval_status`,`approved_by`,`group_id`,`release_id`,`template_id`) VALUES 
 (260,314,3,74,0,'2014-12-25 17:28:51','2014-12-25 17:28:59','0000-00-00 00:00:00','Core_418_Gateway_Authentication_report_20141225_172851.html',NULL,'Core_418_Gateway_Authentication_260_20141225_172851','OAT R010.001.040 Regression',0,0,NULL,177,37,4),
 (261,315,3,76,0,'2014-12-25 17:28:59','2014-12-25 18:35:58','0000-00-00 00:00:00','Core_424_System_Startup_Shutdown_report_20141225_172859.html',NULL,'Core_424_System_Startup_Shutdown_261_20141225_172859','OAT R010.001.040 Regression',0,0,NULL,179,37,4),
 (262,316,3,77,0,'2014-12-25 18:35:58','2014-12-25 19:29:25','0000-00-00 00:00:00','Core_426_dbsync_dbcheck_Local_DBs_report_20141225_183559.html',NULL,'Core_426_dbsync_dbcheck_Local_DBs_262_20141225_183558','OAT R010.001.040 Regression',0,0,NULL,180,37,4),
 (263,317,3,78,0,'2014-12-25 19:29:25','2014-12-25 19:29:58','0000-00-00 00:00:00','Core_427_uCheck_Functionality_report_20141225_192925.html',NULL,'Core_427_uCheck_Functionality_263_20141225_192925','OAT R010.001.040 Regression',0,0,NULL,181,37,4),
 (264,318,3,79,0,'2014-12-25 19:29:58','2014-12-25 19:30:04','0000-00-00 00:00:00','Core_500_MG_Session_Manager_Load_Balancing_report_20141225_192958.html',NULL,'Core_500_MG_Session_Manager_Load_Balancing_264_20141225_192958','OAT R010.001.040 Regression',0,0,NULL,182,37,4),
 (265,319,3,225,0,'2014-12-25 19:30:04','2014-12-25 20:14:11','0000-00-00 00:00:00','Core_607_MDMDB_Cleanup_report_20141225_193004.html',NULL,'Core_607_MDMDB_Cleanup_265_20141225_193004','OAT R010.001.040 Regression',0,0,NULL,183,37,4),
 (266,320,3,61,0,'2014-12-25 20:14:11','2014-12-25 21:46:50','0000-00-00 00:00:00','Core_431_Matcher_Leader_Failover_report_20141225_201411.html',NULL,'Core_431_Matcher_Leader_Failover_266_20141225_201411','OAT R010.001.040 Regression',0,0,NULL,185,37,4),
 (267,321,3,62,0,'2014-12-25 21:46:50','2014-12-25 23:16:47','0000-00-00 00:00:00','Core_432_Pope_Leader_Failover_report_20141225_214650.html',NULL,'Core_432_Pope_Leader_Failover_267_20141225_214650','OAT R010.001.040 Regression',0,0,NULL,186,37,4),
 (268,322,3,63,0,'2014-12-25 23:16:47','2014-12-26 00:52:26','0000-00-00 00:00:00','Core_433_RIB_Leader_Failover_report_20141225_231647.html',NULL,'Core_433_RIB_Leader_Failover_268_20141225_231647','OAT R010.001.040 Regression',0,0,NULL,187,37,4),
 (269,323,3,64,0,'2014-12-26 00:52:26','2014-12-26 02:28:22','0000-00-00 00:00:00','Core_434_MDD_Leader_Failover_report_20141226_005226.html',NULL,'Core_434_MDD_Leader_Failover_269_20141226_005226','OAT R010.001.040 Regression',0,0,NULL,188,37,4),
 (270,324,3,65,0,'2014-12-26 02:28:22','2014-12-26 04:03:05','0000-00-00 00:00:00','Core_435_Audit_Trail_Leader_Failover_report_20141226_022822.html',NULL,'Core_435_Audit_Trail_Leader_Failover_270_20141226_022822','OAT R010.001.040 Regression',0,0,NULL,189,37,4),
 (271,325,3,66,0,'2014-12-26 04:03:05','2014-12-26 04:09:37','0000-00-00 00:00:00','Core_436_TM_Failover_report_20141226_040305.html',NULL,'Core_436_TM_Failover_271_20141226_040305','OAT R010.001.040 Regression',0,0,NULL,190,37,4),
 (272,326,3,120,0,'2014-12-26 06:30:24','2014-12-26 09:25:06','0000-00-00 00:00:00','OAT_Morning_Rotation_report_20141226_063024.html',NULL,'OAT_Morning_Rotation_272_20141226_063024','Morning Rotation',0,0,NULL,131,37,4),
 (273,328,3,172,0,'2014-12-26 09:33:08','2014-12-26 09:33:11','0000-00-00 00:00:00','Clean_Everything_report_20141226_093309.html',NULL,'Clean_Everything_273_20141226_093308','Morning Rotation',0,0,NULL,273,37,4),
 (274,329,3,171,0,'2014-12-26 09:35:13','2014-12-26 09:35:15','0000-00-00 00:00:00','Audit_Trail_Cleaning_report_20141226_093513.html',NULL,'Audit_Trail_Cleaning_274_20141226_093513','Morning Rotation',0,0,NULL,274,37,4),
 (275,330,2,171,0,'2014-12-26 09:37:17','2014-12-26 09:37:41','0000-00-00 00:00:00','Audit_Trail_Cleaning_report_20141226_093717.html',NULL,'Audit_Trail_Cleaning_275_20141226_093717','Morning Rotation',0,0,NULL,274,37,4),
 (276,331,2,121,0,'2014-12-26 09:49:05','2014-12-26 10:11:17','0000-00-00 00:00:00','OAT_ISE_Apps_Rotate_All_report_20141226_094905.html',NULL,'OAT_ISE_Apps_Rotate_All_276_20141226_094905','Morning Rotation',0,0,NULL,199,37,4),
 (277,332,2,248,0,'2014-12-26 16:34:25','2014-12-26 17:03:23','0000-00-00 00:00:00','ISE_PT105_with_BAITS_report_20141226_163425.html','uploads/home/Gts_Tests/PAT/Core/ISE_regression/ISE_PT105_with_BAITS_277_20141226_163425','ISE_PT105_with_BAITS_277_20141226_163425','Test',0,0,NULL,277,37,3),
 (278,333,3,139,0,'2014-12-26 17:10:14','2014-12-26 17:22:14','0000-00-00 00:00:00','LVC_PT105_Ramp_up_report_20141226_171014.html',NULL,'LVC_PT105_Ramp_up_278_20141226_171014','Upload test',0,0,NULL,278,37,3),
 (279,334,3,139,0,'2014-12-26 17:38:51','2014-12-26 18:06:28','0000-00-00 00:00:00','LVC_PT105_Ramp_up_report_20141226_173851.html','uploads/home/Gts_Tests/PAT/Core/ISE_regression/LVC_PT105_Ramp_up_279_20141226_173851','LVC_PT105_Ramp_up_279_20141226_173851','Upload test',0,0,NULL,278,37,3),
 (280,335,3,139,0,'2014-12-26 18:15:36','2014-12-26 18:31:44','0000-00-00 00:00:00','LVC_PT105_Ramp_up_report_20141226_181536.html',NULL,'LVC_PT105_Ramp_up_280_20141226_181536','Upload test',0,0,NULL,278,37,3),
 (281,336,3,11,0,'2014-12-26 18:38:31','2014-12-26 19:18:31','0000-00-00 00:00:00','1_Adapter_RampUp_1000tps_report_20141226_183831.html','uploads/home/Gts_Tests/PAT/IORS/ISE_regression/1_Adapter_RampUp_1000tps_281_20141226_183831','1_Adapter_RampUp_1000tps_281_20141226_183831','Upload Test',0,0,NULL,281,37,3),
 (282,337,3,120,0,'2014-12-27 14:44:40','2014-12-27 15:59:27','0000-00-00 00:00:00','OAT_Morning_Rotation_report_20141227_144440.html',NULL,'OAT_Morning_Rotation_282_20141227_144440','Morning Rotation',0,0,NULL,131,37,4),
 (283,338,3,192,0,'2014-12-27 18:34:03','2014-12-27 18:37:45','0000-00-00 00:00:00','OAT_Rotate_Products_Instruments_Quote_report_20141227_183403.html',NULL,'OAT_Rotate_Products_Instruments_Quote_283_20141227_183403','Morning Rotation',0,0,NULL,283,37,4),
 (284,339,3,190,0,'2014-12-27 19:25:46','2014-12-27 19:25:47','0000-00-00 00:00:00','OAT_Rotate_Instruments_Quote_report_20141227_192546.html',NULL,'OAT_Rotate_Instruments_Quote_284_20141227_192546','Morning Rotation',0,0,NULL,284,37,4),
 (285,340,2,190,0,'2014-12-27 19:30:11','2014-12-27 19:37:44','0000-00-00 00:00:00','OAT_Rotate_Instruments_Quote_report_20141227_193011.html',NULL,'OAT_Rotate_Instruments_Quote_285_20141227_193011','Morning Rotation',0,0,NULL,284,37,4),
 (286,341,2,2,0,'2014-12-27 20:03:37','2014-12-27 20:04:08','0000-00-00 00:00:00','OAT_Troubleshooting_1_report_20141227_200338.html',NULL,'OAT_Troubleshooting_1_286_20141227_200337','testing',0,0,NULL,129,37,4),
 (287,342,2,2,0,'2014-12-27 20:08:07','2014-12-27 20:08:37','0000-00-00 00:00:00','OAT_Troubleshooting_1_report_20141227_200807.html',NULL,'OAT_Troubleshooting_1_287_20141227_200807','testing',0,0,NULL,129,37,4),
 (288,343,2,2,0,'2014-12-27 20:17:48','2014-12-27 20:18:18','0000-00-00 00:00:00','OAT_Troubleshooting_1_report_20141227_201748.html',NULL,'OAT_Troubleshooting_1_288_20141227_201748','testing',0,0,NULL,129,37,4),
 (289,344,2,2,0,'2014-12-27 20:21:05','2014-12-27 20:21:35','0000-00-00 00:00:00','OAT_Troubleshooting_1_report_20141227_202105.html',NULL,'OAT_Troubleshooting_1_289_20141227_202105','testing',0,0,NULL,129,37,4),
 (290,345,2,2,0,'2014-12-27 20:33:24','2014-12-27 20:33:54','0000-00-00 00:00:00','OAT_Troubleshooting_1_report_20141227_203324.html',NULL,'OAT_Troubleshooting_1_290_20141227_203324','testing',0,0,NULL,129,37,4),
 (291,346,2,2,0,'2014-12-27 20:36:25','2014-12-27 20:36:56','0000-00-00 00:00:00','OAT_Troubleshooting_1_report_20141227_203625.html',NULL,'OAT_Troubleshooting_1_291_20141227_203625','testing',0,0,NULL,129,37,4),
 (292,347,2,2,0,'2014-12-27 20:41:24','2014-12-27 20:41:54','0000-00-00 00:00:00','OAT_Troubleshooting_1_report_20141227_204124.html',NULL,'OAT_Troubleshooting_1_292_20141227_204124','testing',0,0,NULL,129,37,4),
 (293,348,2,39,0,'2014-12-27 20:42:57','2014-12-27 21:05:32','0000-00-00 00:00:00','ISE_PT105_report_20141227_204257.html','uploads/home/Gts_Tests/PAT/Core/ISE_regression/ISE_PT105_293_20141227_204257','ISE_PT105_293_20141227_204257','Testing New Emails',0,0,NULL,293,37,3),
 (294,349,2,2,0,'2014-12-27 21:24:05','2014-12-27 21:24:35','0000-00-00 00:00:00','OAT_Troubleshooting_1_report_20141227_212405.html',NULL,'OAT_Troubleshooting_1_294_20141227_212405','testing',0,0,NULL,129,37,4),
 (295,350,2,101,0,'2014-12-27 21:35:33','2014-12-27 22:20:38','0000-00-00 00:00:00','OAT_21_ME_Failover_report_20141227_213533.html',NULL,'OAT_21_ME_Failover_295_20141227_213533','OAT R010.001.040 Regression',0,0,NULL,137,37,4),
 (296,351,2,100,0,'2014-12-27 22:22:27','2014-12-27 23:09:18','0000-00-00 00:00:00','OAT_20_Gateway_Failure_report_20141227_222227.html',NULL,'OAT_20_Gateway_Failure_296_20141227_222227','OAT R010.001.040 Regression',0,0,NULL,136,37,4),
 (297,352,3,229,0,'2014-12-27 23:09:19','2014-12-27 23:10:55','0000-00-00 00:00:00','OAT_29_Baseline_report_20141227_230919.html',NULL,'OAT_29_Baseline_297_20141227_230919','OAT R010.001.040 Regression',0,0,NULL,138,37,4),
 (298,353,3,102,0,'2014-12-27 23:10:55','2014-12-28 00:28:46','0000-00-00 00:00:00','OAT_30_Mdd_Failover_report_20141227_231055.html',NULL,'OAT_30_Mdd_Failover_298_20141227_231055','OAT R010.001.040 Regression',0,0,NULL,139,37,4),
 (299,354,3,103,0,'2014-12-28 00:28:46','2014-12-28 00:30:12','0000-00-00 00:00:00','OAT_33_MDS_LVC_Failover_report_20141228_002846.html',NULL,'OAT_33_MDS_LVC_Failover_299_20141228_002846','OAT R010.001.040 Regression',0,0,NULL,140,37,4),
 (300,355,2,104,0,'2014-12-28 00:30:12','2014-12-28 01:22:53','0000-00-00 00:00:00','OAT_38_ME_Failure_report_20141228_003012.html',NULL,'OAT_38_ME_Failure_300_20141228_003012','OAT R010.001.040 Regression',0,0,NULL,141,37,4),
 (301,356,3,105,0,'2014-12-28 01:22:53','2014-12-28 02:22:49','0000-00-00 00:00:00','OAT_39_Mdd_Failure_report_20141228_012253.html',NULL,'OAT_39_Mdd_Failure_301_20141228_012253','OAT R010.001.040 Regression',0,0,NULL,142,37,4),
 (302,357,3,107,0,'2014-12-28 02:22:49','2014-12-28 03:11:11','0000-00-00 00:00:00','OAT_2_Matcher_Leader_to_Member_Failover_report_20141228_022249.html',NULL,'OAT_2_Matcher_Leader_to_Member_Failover_302_20141228_022249','OAT R010.001.040 Regression',0,0,NULL,144,37,4),
 (303,358,3,109,0,'2014-12-28 03:11:11','2014-12-28 03:14:10','0000-00-00 00:00:00','OAT_6_Precise_Ports_Failover_report_20141228_031111.html',NULL,'OAT_6_Precise_Ports_Failover_303_20141228_031111','OAT R010.001.040 Regression',0,0,NULL,146,37,4),
 (304,359,3,56,0,'2014-12-28 03:14:11','2014-12-28 03:23:53','0000-00-00 00:00:00','OAT_8_Baseline_Order_Management_report_20141228_031411.html',NULL,'OAT_8_Baseline_Order_Management_304_20141228_031411','OAT R010.001.040 Regression',0,0,NULL,147,37,4),
 (305,360,3,52,0,'2014-12-28 03:23:53','2014-12-28 03:38:38','0000-00-00 00:00:00','OAT_22_Pope_Leader_to_Member_Failover_report_20141228_032353.html',NULL,'OAT_22_Pope_Leader_to_Member_Failover_305_20141228_032353','OAT R010.001.040 Regression',0,0,NULL,151,37,4),
 (306,361,3,53,0,'2014-12-28 03:38:38','2014-12-28 03:54:13','0000-00-00 00:00:00','OAT_23_Trade_Manager_Leader_to_Member_Failover_report_20141228_033838.html',NULL,'OAT_23_Trade_Manager_Leader_to_Member_Failover_306_20141228_033838','OAT R010.001.040 Regression',0,0,NULL,152,37,4),
 (307,362,2,91,0,'2014-12-28 03:54:13','2014-12-28 04:40:22','0000-00-00 00:00:00','OAT_55_24h_Cycle_BC_Trade_Open_Failure_report_20141228_035413.html',NULL,'OAT_55_24h_Cycle_BC_Trade_Open_Failure_307_20141228_035413','OAT R010.001.040 Regression',0,0,NULL,153,37,4),
 (308,363,2,92,0,'2014-12-28 04:40:22','2014-12-28 05:24:08','0000-00-00 00:00:00','OAT_56_24h_Cycle_BC_Order_Open_Failure_report_20141228_044022.html',NULL,'OAT_56_24h_Cycle_BC_Order_Open_Failure_308_20141228_044022','OAT R010.001.040 Regression',0,0,NULL,154,37,4),
 (309,364,2,93,0,'2014-12-28 05:24:08','2014-12-28 06:34:05','0000-00-00 00:00:00','OAT_57_24h_Cycle_Matcher_Release_Failure_report_20141228_052409.html',NULL,'OAT_57_24h_Cycle_Matcher_Release_Failure_309_20141228_052408','OAT R010.001.040 Regression',0,0,NULL,155,37,4),
 (310,365,2,94,0,'2014-12-28 06:34:05','2014-12-28 07:19:21','0000-00-00 00:00:00','OAT_58_24h_Cycle_Trading_Start_of_Day_Failure_report_20141228_063405.html',NULL,'OAT_58_24h_Cycle_Trading_Start_of_Day_Failure_310_20141228_063405','OAT R010.001.040 Regression',0,0,NULL,156,37,4),
 (311,366,2,95,0,'2014-12-28 07:19:21','2014-12-28 08:05:09','0000-00-00 00:00:00','OAT_62_24h_Cycle_Trading_Open_Failure_report_20141228_071921.html',NULL,'OAT_62_24h_Cycle_Trading_Open_Failure_311_20141228_071921','OAT R010.001.040 Regression',0,0,NULL,157,37,4),
 (312,367,2,96,0,'2014-12-28 08:05:10','2014-12-28 08:51:25','0000-00-00 00:00:00','OAT_63_24h_Cycle_Trading_Open_Failure_report_20141228_080510.html',NULL,'OAT_63_24h_Cycle_Trading_Open_Failure_312_20141228_080510','OAT R010.001.040 Regression',0,0,NULL,158,37,4),
 (313,368,2,97,0,'2014-12-28 08:51:25','2014-12-28 09:35:28','0000-00-00 00:00:00','OAT_68_24h_Cycle_Trading_Post_End_of_Day_Failure_report_20141228_085125.html',NULL,'OAT_68_24h_Cycle_Trading_Post_End_of_Day_Failure_313_20141228_085125','OAT R010.001.040 Regression',0,0,NULL,159,37,4),
 (314,369,2,98,0,'2014-12-28 09:35:28','2014-12-28 10:33:24','0000-00-00 00:00:00','OAT_77_24h_Cycle_System_Monitor_Failure_report_20141228_093528.html',NULL,'OAT_77_24h_Cycle_System_Monitor_Failure_314_20141228_093528','OAT R010.001.040 Regression',0,0,NULL,160,37,4),
 (315,370,2,251,0,'2014-12-28 10:33:24','2014-12-28 10:33:54','0000-00-00 00:00:00','OAT_104_sendcreatedevent_Functionality_report_20141228_103324.html',NULL,'OAT_104_sendcreatedevent_Functionality_315_20141228_103324','OAT R010.001.040 Regression',0,0,NULL,162,37,4),
 (316,371,3,117,0,'2014-12-28 10:33:54','2014-12-28 10:35:28','0000-00-00 00:00:00','OAT_93_eventCheck_Functionality_report_20141228_103354.html',NULL,'OAT_93_eventCheck_Functionality_316_20141228_103354','OAT R010.001.040 Regression',0,0,NULL,163,37,4),
 (317,372,2,54,0,'2014-12-28 10:35:28','2014-12-28 12:05:06','0000-00-00 00:00:00','OAT_81_RefData_ME_Failure_report_20141228_103528.html',NULL,'OAT_81_RefData_ME_Failure_317_20141228_103528','OAT R010.001.040 Regression',0,0,NULL,165,37,4),
 (318,373,2,110,0,'2014-12-28 12:05:06','2014-12-28 12:11:40','0000-00-00 00:00:00','OAT_83_RefData_Base_Line_report_20141228_120506.html',NULL,'OAT_83_RefData_Base_Line_318_20141228_120506','OAT R010.001.040 Regression',0,0,NULL,167,37,4),
 (319,374,3,111,0,'2014-12-28 12:11:40','2014-12-28 13:13:28','0000-00-00 00:00:00','OAT_84_RefData_Pope_Failure_report_20141228_121140.html',NULL,'OAT_84_RefData_Pope_Failure_319_20141228_121140','OAT R010.001.040 Regression',0,0,NULL,168,37,4),
 (320,375,3,112,0,'2014-12-28 13:13:29','2014-12-28 14:42:25','0000-00-00 00:00:00','OAT_85_RefData_RdaIB_Failure_report_20141228_131329.html',NULL,'OAT_85_RefData_RdaIB_Failure_320_20141228_131329','OAT R010.001.040 Regression',0,0,NULL,169,37,4),
 (321,376,3,113,0,'2014-12-28 14:42:26','2014-12-28 16:12:50','0000-00-00 00:00:00','OAT_86_RefData_ActiveMQ_Failure_report_20141228_144226.html',NULL,'OAT_86_RefData_ActiveMQ_Failure_321_20141228_144226','OAT R010.001.040 Regression',0,0,NULL,170,37,4),
 (322,377,3,114,0,'2014-12-28 16:12:50','2014-12-28 17:42:50','0000-00-00 00:00:00','OAT_87_RefData_Jboss_Failure_report_20141228_161250.html',NULL,'OAT_87_RefData_Jboss_Failure_322_20141228_161250','OAT R010.001.040 Regression',0,0,NULL,171,37,4),
 (323,378,3,115,0,'2014-12-28 17:42:50','2014-12-28 19:11:00','0000-00-00 00:00:00','OAT_88_RefData_RdaOB_Failure_report_20141228_174250.html',NULL,'OAT_88_RefData_RdaOB_Failure_323_20141228_174250','OAT R010.001.040 Regression',0,0,NULL,172,37,4),
 (324,379,3,116,0,'2014-12-28 19:11:00','2014-12-28 20:40:09','0000-00-00 00:00:00','OAT_89_RefData_Rdd_Failure_report_20141228_191100.html',NULL,'OAT_89_RefData_Rdd_Failure_324_20141228_191100','OAT R010.001.040 Regression',0,0,NULL,173,37,4),
 (325,380,3,71,0,'2014-12-28 20:40:10','2014-12-28 21:33:48','0000-00-00 00:00:00','Core_415_Change_Product_State_Script_report_20141228_204010.html',NULL,'Core_415_Change_Product_State_Script_325_20141228_204010','OAT R010.001.040 Regression',0,0,NULL,174,37,4),
 (326,381,3,72,0,'2014-12-28 21:33:48','2014-12-28 21:36:27','0000-00-00 00:00:00','Core_416_DB_Cleanups_report_20141228_213348.html',NULL,'Core_416_DB_Cleanups_326_20141228_213348','OAT R010.001.040 Regression',0,0,NULL,175,37,4),
 (327,382,3,73,0,'2014-12-28 21:36:27','2014-12-28 22:29:12','0000-00-00 00:00:00','Core_417_SetPartitionSync_Wait_and_Release_report_20141228_213627.html',NULL,'Core_417_SetPartitionSync_Wait_and_Release_327_20141228_213627','OAT R010.001.040 Regression',0,0,NULL,176,37,4),
 (328,383,3,74,0,'2014-12-28 22:29:12','2014-12-28 22:29:20','0000-00-00 00:00:00','Core_418_Gateway_Authentication_report_20141228_222912.html',NULL,'Core_418_Gateway_Authentication_328_20141228_222912','OAT R010.001.040 Regression',0,0,NULL,177,37,4),
 (329,384,3,76,0,'2014-12-28 22:29:20','2014-12-28 23:32:37','0000-00-00 00:00:00','Core_424_System_Startup_Shutdown_report_20141228_222920.html',NULL,'Core_424_System_Startup_Shutdown_329_20141228_222920','OAT R010.001.040 Regression',0,0,NULL,179,37,4),
 (330,385,3,77,0,'2014-12-28 23:32:37','2014-12-29 00:25:12','0000-00-00 00:00:00','Core_426_dbsync_dbcheck_Local_DBs_report_20141228_233237.html',NULL,'Core_426_dbsync_dbcheck_Local_DBs_330_20141228_233237','OAT R010.001.040 Regression',0,0,NULL,180,37,4),
 (331,386,3,78,0,'2014-12-29 00:25:12','2014-12-29 00:25:43','0000-00-00 00:00:00','Core_427_uCheck_Functionality_report_20141229_002512.html',NULL,'Core_427_uCheck_Functionality_331_20141229_002512','OAT R010.001.040 Regression',0,0,NULL,181,37,4),
 (332,387,3,79,0,'2014-12-29 00:25:43','2014-12-29 00:25:49','0000-00-00 00:00:00','Core_500_MG_Session_Manager_Load_Balancing_report_20141229_002543.html',NULL,'Core_500_MG_Session_Manager_Load_Balancing_332_20141229_002543','OAT R010.001.040 Regression',0,0,NULL,182,37,4),
 (333,388,3,225,0,'2014-12-29 00:25:49','2014-12-29 01:03:43','0000-00-00 00:00:00','Core_607_MDMDB_Cleanup_report_20141229_002549.html',NULL,'Core_607_MDMDB_Cleanup_333_20141229_002549','OAT R010.001.040 Regression',0,0,NULL,183,37,4),
 (334,389,3,61,0,'2014-12-29 01:03:43','2014-12-29 02:32:02','0000-00-00 00:00:00','Core_431_Matcher_Leader_Failover_report_20141229_010343.html',NULL,'Core_431_Matcher_Leader_Failover_334_20141229_010343','OAT R010.001.040 Regression',0,0,NULL,185,37,4),
 (335,390,3,62,0,'2014-12-29 02:32:02','2014-12-29 04:00:52','0000-00-00 00:00:00','Core_432_Pope_Leader_Failover_report_20141229_023202.html',NULL,'Core_432_Pope_Leader_Failover_335_20141229_023202','OAT R010.001.040 Regression',0,0,NULL,186,37,4),
 (336,391,3,63,0,'2014-12-29 04:00:52','2014-12-29 05:35:06','0000-00-00 00:00:00','Core_433_RIB_Leader_Failover_report_20141229_040052.html',NULL,'Core_433_RIB_Leader_Failover_336_20141229_040052','OAT R010.001.040 Regression',0,0,NULL,187,37,4),
 (337,392,3,64,0,'2014-12-29 05:35:06','2014-12-29 07:10:23','0000-00-00 00:00:00','Core_434_MDD_Leader_Failover_report_20141229_053506.html',NULL,'Core_434_MDD_Leader_Failover_337_20141229_053506','OAT R010.001.040 Regression',0,0,NULL,188,37,4),
 (338,393,3,65,0,'2014-12-29 07:10:23','2014-12-29 08:45:42','0000-00-00 00:00:00','Core_435_Audit_Trail_Leader_Failover_report_20141229_071023.html',NULL,'Core_435_Audit_Trail_Leader_Failover_338_20141229_071023','OAT R010.001.040 Regression',0,0,NULL,189,37,4),
 (339,394,5,66,0,'2014-12-29 08:45:42','2014-12-29 08:48:27','0000-00-00 00:00:00','None',NULL,'Core_436_TM_Failover_339_20141229_084542','OAT R010.001.040 Regression',0,0,NULL,190,37,4),
 (340,396,2,120,0,'2014-12-29 08:54:29','2014-12-29 10:18:07','0000-00-00 00:00:00','OAT_Morning_Rotation_report_20141229_085429.html',NULL,'OAT_Morning_Rotation_340_20141229_085429','Morning Rotation',0,0,NULL,131,37,4),
 (341,397,2,121,0,'2014-12-29 10:18:18','2014-12-29 10:39:35','0000-00-00 00:00:00','OAT_ISE_Apps_Rotate_All_report_20141229_101818.html',NULL,'OAT_ISE_Apps_Rotate_All_341_20141229_101818','Morning Rotation',0,0,NULL,199,37,4),
 (342,398,2,119,0,'2014-12-29 18:35:58','2014-12-29 19:13:16','0000-00-00 00:00:00','OAT_Full_Core_Rotation_report_20141229_183558.html',NULL,'OAT_Full_Core_Rotation_342_20141229_183558','OAT Rotation',0,0,NULL,122,37,4),
 (343,399,3,121,0,'2014-12-29 19:19:58','2014-12-29 19:28:59','0000-00-00 00:00:00','OAT_ISE_Apps_Rotate_All_report_20141229_191958.html',NULL,'OAT_ISE_Apps_Rotate_All_343_20141229_191958','Morning Rotation',0,0,NULL,199,37,4),
 (344,400,2,121,0,'2014-12-29 19:51:08','2014-12-29 20:12:06','0000-00-00 00:00:00','OAT_ISE_Apps_Rotate_All_report_20141229_195108.html',NULL,'OAT_ISE_Apps_Rotate_All_344_20141229_195108','Morning Rotation',0,0,NULL,199,37,4),
 (345,401,3,107,0,'2014-12-29 20:36:29','2014-12-29 21:16:48','0000-00-00 00:00:00','OAT_2_Matcher_Leader_to_Member_Failover_report_20141229_203629.html',NULL,'OAT_2_Matcher_Leader_to_Member_Failover_345_20141229_203629','OAT R010.001.040 Regression',0,0,NULL,144,37,4),
 (346,402,3,56,0,'2014-12-29 21:16:48','2014-12-29 21:25:06','0000-00-00 00:00:00','OAT_8_Baseline_Order_Management_report_20141229_211648.html',NULL,'OAT_8_Baseline_Order_Management_346_20141229_211648','OAT R010.001.040 Regression',0,0,NULL,147,37,4),
 (347,403,3,52,0,'2014-12-29 21:25:06','2014-12-29 21:38:03','0000-00-00 00:00:00','OAT_22_Pope_Leader_to_Member_Failover_report_20141229_212506.html',NULL,'OAT_22_Pope_Leader_to_Member_Failover_347_20141229_212506','OAT R010.001.040 Regression',0,0,NULL,151,37,4),
 (348,404,3,53,0,'2014-12-29 21:38:03','2014-12-29 21:51:18','0000-00-00 00:00:00','OAT_23_Trade_Manager_Leader_to_Member_Failover_report_20141229_213803.html',NULL,'OAT_23_Trade_Manager_Leader_to_Member_Failover_348_20141229_213803','OAT R010.001.040 Regression',0,0,NULL,152,37,4),
 (349,405,2,120,0,'2014-12-30 08:48:41','2014-12-30 09:58:31','0000-00-00 00:00:00','OAT_Morning_Rotation_report_20141230_084841.html',NULL,'OAT_Morning_Rotation_349_20141230_084841','Morning Rotation',0,0,NULL,131,37,4),
 (350,406,2,121,0,'2014-12-30 09:58:32','2014-12-30 10:21:48','0000-00-00 00:00:00','OAT_ISE_Apps_Rotate_All_report_20141230_095832.html',NULL,'OAT_ISE_Apps_Rotate_All_350_20141230_095832','Morning Rotation',0,0,NULL,199,37,4),
 (351,407,2,120,0,'2014-12-31 08:30:53','2014-12-31 09:40:06','0000-00-00 00:00:00','OAT_Morning_Rotation_report_20141231_083053.html',NULL,'OAT_Morning_Rotation_351_20141231_083053','Morning Rotation',0,0,NULL,131,37,4),
 (352,408,2,121,0,'2014-12-31 09:40:07','2014-12-31 10:01:55','0000-00-00 00:00:00','OAT_ISE_Apps_Rotate_All_report_20141231_094007.html',NULL,'OAT_ISE_Apps_Rotate_All_352_20141231_094007','Morning Rotation',0,0,NULL,199,37,4),
 (353,409,2,120,0,'2015-01-01 20:57:15','2015-01-01 22:14:40','0000-00-00 00:00:00','OAT_Morning_Rotation_report_20150101_205715.html',NULL,'OAT_Morning_Rotation_353_20150101_205715','Morning Rotation',0,0,NULL,131,37,4),
 (354,410,2,121,0,'2015-01-01 22:14:40','2015-01-01 22:38:53','0000-00-00 00:00:00','OAT_ISE_Apps_Rotate_All_report_20150101_221441.html',NULL,'OAT_ISE_Apps_Rotate_All_354_20150101_221440','Morning Rotation',0,0,NULL,199,37,4),
 (355,411,3,120,0,'2015-01-02 09:42:04','2015-01-02 10:46:28','0000-00-00 00:00:00','OAT_Morning_Rotation_report_20150102_094204.html',NULL,'OAT_Morning_Rotation_355_20150102_094204','Morning Rotation',0,0,NULL,131,37,4),
 (356,412,2,121,0,'2015-01-02 10:46:28','2015-01-02 11:07:44','0000-00-00 00:00:00','OAT_ISE_Apps_Rotate_All_report_20150102_104628.html',NULL,'OAT_ISE_Apps_Rotate_All_356_20150102_104628','Morning Rotation',0,0,NULL,199,37,4),
 (357,413,2,192,0,'2015-01-02 11:08:21','2015-01-02 11:18:43','0000-00-00 00:00:00','OAT_Rotate_Products_Instruments_Quote_report_20150102_110821.html',NULL,'OAT_Rotate_Products_Instruments_Quote_357_20150102_110821','Morning Rotation',0,0,NULL,283,37,4),
 (358,414,2,117,0,'2015-01-02 12:29:45','2015-01-02 12:31:22','0000-00-00 00:00:00','OAT_93_eventCheck_Functionality_report_20150102_122945.html',NULL,'OAT_93_eventCheck_Functionality_358_20150102_122945','OAT R010.001.040 Regression',0,0,NULL,163,37,4),
 (359,415,3,111,0,'2015-01-02 12:32:26','2015-01-02 13:32:29','0000-00-00 00:00:00','OAT_84_RefData_Pope_Failure_report_20150102_123226.html',NULL,'OAT_84_RefData_Pope_Failure_359_20150102_123226','OAT R010.001.040 Regression',0,0,NULL,168,37,4),
 (360,418,3,258,0,'2015-01-02 14:22:42','2015-01-05 23:16:04','0000-00-00 00:00:00','Call_Jenkins_Functional_Regression_report_20150102_142242.html',NULL,'Call_Jenkins_Functional_Regression_360_20150102_142242','Auto Trigger Test',0,0,NULL,360,58,1),
 (361,422,2,39,0,'2015-01-02 16:08:41','2015-01-02 16:32:03','0000-00-00 00:00:00','ISE_PT105_report_20150102_160841.html','uploads/home/Gts_Tests/PAT/Core/ISE_regression/ISE_PT105_361_20150102_160841','ISE_PT105_361_20150102_160841','PAT R010.001.050 Deployment',0,0,NULL,361,58,3),
 (362,421,2,119,0,'2015-01-02 16:09:15','2015-01-02 16:47:20','0000-00-00 00:00:00','OAT_Full_Core_Rotation_report_20150102_160915.html',NULL,'OAT_Full_Core_Rotation_362_20150102_160915','OAT R010.001.050 Deployment',0,0,NULL,362,58,4),
 (363,421,2,54,0,'2015-01-02 16:47:20','2015-01-02 17:36:37','0000-00-00 00:00:00','OAT_81_RefData_ME_Failure_report_20150102_164720.html',NULL,'OAT_81_RefData_ME_Failure_363_20150102_164720','OAT R010.001.050 Deployment',0,0,NULL,363,58,4),
 (364,421,2,55,0,'2015-01-02 17:36:37','2015-01-02 17:41:41','0000-00-00 00:00:00','OAT_82_RefData_Gateway_Failure_report_20150102_173637.html',NULL,'OAT_82_RefData_Gateway_Failure_364_20150102_173637','OAT R010.001.050 Deployment',0,0,NULL,364,58,4),
 (365,421,2,61,0,'2015-01-02 17:41:41','2015-01-02 18:32:22','0000-00-00 00:00:00','Core_431_Matcher_Leader_Failover_report_20150102_174141.html',NULL,'Core_431_Matcher_Leader_Failover_365_20150102_174141','OAT R010.001.050 Deployment',0,0,NULL,365,58,4),
 (366,421,2,62,0,'2015-01-02 18:32:22','2015-01-02 19:09:40','0000-00-00 00:00:00','Core_432_Pope_Leader_Failover_report_20150102_183222.html',NULL,'Core_432_Pope_Leader_Failover_366_20150102_183222','OAT R010.001.050 Deployment',0,0,NULL,366,58,4),
 (367,421,2,63,0,'2015-01-02 19:09:40','2015-01-02 19:55:44','0000-00-00 00:00:00','Core_433_RIB_Leader_Failover_report_20150102_190940.html',NULL,'Core_433_RIB_Leader_Failover_367_20150102_190940','OAT R010.001.050 Deployment',0,0,NULL,367,58,4),
 (368,421,2,64,0,'2015-01-02 19:55:44','2015-01-02 20:32:27','0000-00-00 00:00:00','Core_434_MDD_Leader_Failover_report_20150102_195544.html',NULL,'Core_434_MDD_Leader_Failover_368_20150102_195544','OAT R010.001.050 Deployment',0,0,NULL,368,58,4),
 (369,421,2,65,0,'2015-01-02 20:32:27','2015-01-02 21:19:45','0000-00-00 00:00:00','Core_435_Audit_Trail_Leader_Failover_report_20150102_203227.html',NULL,'Core_435_Audit_Trail_Leader_Failover_369_20150102_203227','OAT R010.001.050 Deployment',0,0,NULL,369,58,4),
 (370,421,2,66,0,'2015-01-02 21:19:45','2015-01-02 21:31:36','0000-00-00 00:00:00','Core_436_TM_Failover_report_20150102_211945.html',NULL,'Core_436_TM_Failover_370_20150102_211945','OAT R010.001.050 Deployment',0,0,NULL,370,58,4),
 (371,421,2,67,0,'2015-01-02 21:31:36','2015-01-02 21:47:55','0000-00-00 00:00:00','Core_438_System_Monitor_Failover_report_20150102_213136.html',NULL,'Core_438_System_Monitor_Failover_371_20150102_213136','OAT R010.001.050 Deployment',0,0,NULL,371,58,4),
 (372,421,2,68,0,'2015-01-02 21:47:55','2015-01-02 21:52:33','0000-00-00 00:00:00','Core_439_System_Controller_Failover_report_20150102_214755.html',NULL,'Core_439_System_Controller_Failover_372_20150102_214755','OAT R010.001.050 Deployment',0,0,NULL,372,58,4),
 (373,421,2,69,0,'2015-01-02 21:52:33','2015-01-02 22:08:09','0000-00-00 00:00:00','Core_440_Session_Manager_Failover_report_20150102_215234.html',NULL,'Core_440_Session_Manager_Failover_373_20150102_215233','OAT R010.001.050 Deployment',0,0,NULL,373,58,4),
 (374,421,2,70,0,'2015-01-02 22:08:09','2015-01-02 22:25:59','0000-00-00 00:00:00','Core_457_Status_Manager_Failover_report_20150102_220809.html',NULL,'Core_457_Status_Manager_Failover_374_20150102_220809','OAT R010.001.050 Deployment',0,0,NULL,374,58,4),
 (375,421,3,71,0,'2015-01-02 22:26:00','2015-01-02 22:58:41','0000-00-00 00:00:00','Core_415_Change_Product_State_Script_report_20150102_222600.html',NULL,'Core_415_Change_Product_State_Script_375_20150102_222559','OAT R010.001.050 Deployment',0,0,NULL,375,58,4),
 (376,421,2,72,0,'2015-01-02 22:58:41','2015-01-02 23:06:07','0000-00-00 00:00:00','Core_416_DB_Cleanups_report_20150102_225841.html',NULL,'Core_416_DB_Cleanups_376_20150102_225841','OAT R010.001.050 Deployment',0,0,NULL,376,58,4),
 (377,421,2,73,0,'2015-01-02 23:06:07','2015-01-02 23:44:42','0000-00-00 00:00:00','Core_417_SetPartitionSync_Wait_and_Release_report_20150102_230607.html',NULL,'Core_417_SetPartitionSync_Wait_and_Release_377_20150102_230607','OAT R010.001.050 Deployment',0,0,NULL,377,58,4),
 (378,421,3,74,0,'2015-01-02 23:44:42','2015-01-02 23:44:47','0000-00-00 00:00:00','Core_418_Gateway_Authentication_report_20150102_234442.html',NULL,'Core_418_Gateway_Authentication_378_20150102_234442','OAT R010.001.050 Deployment',0,0,NULL,378,58,4),
 (379,421,3,75,0,'2015-01-02 23:44:47','2015-01-02 23:48:39','0000-00-00 00:00:00','Core_419_Scheduler_Event_Pause_Resume_report_20150102_234447.html',NULL,'Core_419_Scheduler_Event_Pause_Resume_379_20150102_234447','OAT R010.001.050 Deployment',0,0,NULL,379,58,4),
 (380,421,3,76,0,'2015-01-02 23:48:39','2015-01-03 00:43:51','0000-00-00 00:00:00','Core_424_System_Startup_Shutdown_report_20150102_234839.html',NULL,'Core_424_System_Startup_Shutdown_380_20150102_234839','OAT R010.001.050 Deployment',0,0,NULL,380,58,4),
 (381,421,2,77,0,'2015-01-03 00:43:51','2015-01-03 01:26:02','0000-00-00 00:00:00','Core_426_dbsync_dbcheck_Local_DBs_report_20150103_004352.html',NULL,'Core_426_dbsync_dbcheck_Local_DBs_381_20150103_004351','OAT R010.001.050 Deployment',0,0,NULL,381,58,4),
 (382,421,2,78,0,'2015-01-03 01:26:03','2015-01-03 01:26:46','0000-00-00 00:00:00','Core_427_uCheck_Functionality_report_20150103_012603.html',NULL,'Core_427_uCheck_Functionality_382_20150103_012603','OAT R010.001.050 Deployment',0,0,NULL,382,58,4),
 (383,421,3,79,0,'2015-01-03 01:26:46','2015-01-03 01:26:50','0000-00-00 00:00:00','Core_500_MG_Session_Manager_Load_Balancing_report_20150103_012646.html',NULL,'Core_500_MG_Session_Manager_Load_Balancing_383_20150103_012646','OAT R010.001.050 Deployment',0,0,NULL,383,58,4),
 (384,421,2,212,0,'2015-01-03 01:26:50','2015-01-03 01:27:04','0000-00-00 00:00:00','Core_606_LLO_Connecting_to_LLO_via_Non_CGW_report_20150103_012650.html',NULL,'Core_606_LLO_Connecting_to_LLO_via_Non_CGW_384_20150103_012650','OAT R010.001.050 Deployment',0,0,NULL,384,58,4),
 (385,421,3,91,0,'2015-01-03 01:27:04','2015-01-03 02:03:04','0000-00-00 00:00:00','OAT_55_24h_Cycle_BC_Trade_Open_Failure_report_20150103_012704.html',NULL,'OAT_55_24h_Cycle_BC_Trade_Open_Failure_385_20150103_012704','OAT R010.001.050 Deployment',0,0,NULL,385,58,4),
 (386,421,3,92,0,'2015-01-03 02:03:04','2015-01-03 02:44:29','0000-00-00 00:00:00','OAT_56_24h_Cycle_BC_Order_Open_Failure_report_20150103_020304.html',NULL,'OAT_56_24h_Cycle_BC_Order_Open_Failure_386_20150103_020304','OAT R010.001.050 Deployment',0,0,NULL,386,58,4),
 (387,421,3,93,0,'2015-01-03 02:44:29','2015-01-03 03:35:31','0000-00-00 00:00:00','OAT_57_24h_Cycle_Matcher_Release_Failure_report_20150103_024429.html',NULL,'OAT_57_24h_Cycle_Matcher_Release_Failure_387_20150103_024429','OAT R010.001.050 Deployment',0,0,NULL,387,58,4),
 (388,421,2,94,0,'2015-01-03 03:35:31','2015-01-03 04:12:23','0000-00-00 00:00:00','OAT_58_24h_Cycle_Trading_Start_of_Day_Failure_report_20150103_033532.html',NULL,'OAT_58_24h_Cycle_Trading_Start_of_Day_Failure_388_20150103_033531','OAT R010.001.050 Deployment',0,0,NULL,388,58,4),
 (389,421,2,95,0,'2015-01-03 04:12:23','2015-01-03 04:49:39','0000-00-00 00:00:00','OAT_62_24h_Cycle_Trading_Open_Failure_report_20150103_041223.html',NULL,'OAT_62_24h_Cycle_Trading_Open_Failure_389_20150103_041223','OAT R010.001.050 Deployment',0,0,NULL,389,58,4),
 (390,421,2,96,0,'2015-01-03 04:49:39','2015-01-03 05:26:54','0000-00-00 00:00:00','OAT_63_24h_Cycle_Trading_Open_Failure_report_20150103_044939.html',NULL,'OAT_63_24h_Cycle_Trading_Open_Failure_390_20150103_044939','OAT R010.001.050 Deployment',0,0,NULL,390,58,4),
 (391,421,2,97,0,'2015-01-03 05:26:54','2015-01-03 06:02:16','0000-00-00 00:00:00','OAT_68_24h_Cycle_Trading_Post_End_of_Day_Failure_report_20150103_052654.html',NULL,'OAT_68_24h_Cycle_Trading_Post_End_of_Day_Failure_391_20150103_052654','OAT R010.001.050 Deployment',0,0,NULL,391,58,4),
 (392,421,2,98,0,'2015-01-03 06:02:16','2015-01-03 06:51:19','0000-00-00 00:00:00','OAT_77_24h_Cycle_System_Monitor_Failure_report_20150103_060216.html',NULL,'OAT_77_24h_Cycle_System_Monitor_Failure_392_20150103_060216','OAT R010.001.050 Deployment',0,0,NULL,392,58,4),
 (393,421,2,99,0,'2015-01-03 06:51:19','2015-01-03 07:13:22','0000-00-00 00:00:00','OAT_79_24h_Cycle_Cross_DBs_Failure_report_20150103_065119.html',NULL,'OAT_79_24h_Cycle_Cross_DBs_Failure_393_20150103_065119','OAT R010.001.050 Deployment',0,0,NULL,393,58,4),
 (394,421,3,100,0,'2015-01-03 07:13:22','2015-01-03 07:45:58','0000-00-00 00:00:00','OAT_20_Gateway_Failure_report_20150103_071322.html',NULL,'OAT_20_Gateway_Failure_394_20150103_071322','OAT R010.001.050 Deployment',0,0,NULL,394,58,4),
 (395,421,2,101,0,'2015-01-03 07:45:58','2015-01-03 08:22:23','0000-00-00 00:00:00','OAT_21_ME_Failover_report_20150103_074558.html',NULL,'OAT_21_ME_Failover_395_20150103_074558','OAT R010.001.050 Deployment',0,0,NULL,395,58,4),
 (396,421,3,102,0,'2015-01-03 08:22:23','2015-01-03 09:28:06','0000-00-00 00:00:00','OAT_30_Mdd_Failover_report_20150103_082223.html',NULL,'OAT_30_Mdd_Failover_396_20150103_082223','OAT R010.001.050 Deployment',0,0,NULL,396,58,4),
 (397,421,3,103,0,'2015-01-03 09:28:06','2015-01-03 10:01:43','0000-00-00 00:00:00','OAT_33_MDS_LVC_Failover_report_20150103_092806.html',NULL,'OAT_33_MDS_LVC_Failover_397_20150103_092806','OAT R010.001.050 Deployment',0,0,NULL,397,58,4),
 (398,421,3,104,0,'2015-01-03 10:01:44','2015-01-03 10:33:40','0000-00-00 00:00:00','OAT_38_ME_Failure_report_20150103_100144.html',NULL,'OAT_38_ME_Failure_398_20150103_100144','OAT R010.001.050 Deployment',0,0,NULL,398,58,4),
 (399,421,3,105,0,'2015-01-03 10:33:40','2015-01-03 11:22:54','0000-00-00 00:00:00','OAT_39_Mdd_Failure_report_20150103_103340.html',NULL,'OAT_39_Mdd_Failure_399_20150103_103340','OAT R010.001.050 Deployment',0,0,NULL,399,58,4),
 (400,421,3,225,0,'2015-01-03 11:22:54','2015-01-03 11:53:17','0000-00-00 00:00:00','Core_607_MDMDB_Cleanup_report_20150103_112254.html',NULL,'Core_607_MDMDB_Cleanup_400_20150103_112254','OAT R010.001.050 Deployment',0,0,NULL,400,58,4),
 (401,421,2,110,0,'2015-01-03 11:53:17','2015-01-03 11:58:05','0000-00-00 00:00:00','OAT_83_RefData_Base_Line_report_20150103_115317.html',NULL,'OAT_83_RefData_Base_Line_401_20150103_115317','OAT R010.001.050 Deployment',0,0,NULL,401,58,4),
 (402,421,3,111,0,'2015-01-03 11:58:05','2015-01-03 12:15:25','0000-00-00 00:00:00','OAT_84_RefData_Pope_Failure_report_20150103_115805.html',NULL,'OAT_84_RefData_Pope_Failure_402_20150103_115805','OAT R010.001.050 Deployment',0,0,NULL,402,58,4),
 (403,421,2,112,0,'2015-01-03 12:15:25','2015-01-03 13:23:40','0000-00-00 00:00:00','OAT_85_RefData_RdaIB_Failure_report_20150103_121525.html',NULL,'OAT_85_RefData_RdaIB_Failure_403_20150103_121525','OAT R010.001.050 Deployment',0,0,NULL,403,58,4),
 (404,421,3,113,0,'2015-01-03 13:23:40','2015-01-03 13:59:51','0000-00-00 00:00:00','OAT_86_RefData_ActiveMQ_Failure_report_20150103_132340.html',NULL,'OAT_86_RefData_ActiveMQ_Failure_404_20150103_132340','OAT R010.001.050 Deployment',0,0,NULL,404,58,4),
 (405,421,3,114,0,'2015-01-03 13:59:51','2015-01-03 14:35:11','0000-00-00 00:00:00','OAT_87_RefData_Jboss_Failure_report_20150103_135951.html',NULL,'OAT_87_RefData_Jboss_Failure_405_20150103_135951','OAT R010.001.050 Deployment',0,0,NULL,405,58,4),
 (406,421,3,115,0,'2015-01-03 14:35:11','2015-01-03 15:09:02','0000-00-00 00:00:00','OAT_88_RefData_RdaOB_Failure_report_20150103_143511.html',NULL,'OAT_88_RefData_RdaOB_Failure_406_20150103_143511','OAT R010.001.050 Deployment',0,0,NULL,406,58,4),
 (407,421,2,116,0,'2015-01-03 15:09:02','2015-01-03 15:47:59','0000-00-00 00:00:00','OAT_89_RefData_Rdd_Failure_report_20150103_150902.html',NULL,'OAT_89_RefData_Rdd_Failure_407_20150103_150902','OAT R010.001.050 Deployment',0,0,NULL,407,58,4),
 (408,421,3,117,0,'2015-01-03 15:47:59','2015-01-03 15:48:46','0000-00-00 00:00:00','OAT_93_eventCheck_Functionality_report_20150103_154759.html',NULL,'OAT_93_eventCheck_Functionality_408_20150103_154759','OAT R010.001.050 Deployment',0,0,NULL,408,58,4),
 (409,421,3,118,0,'2015-01-03 15:48:46','2015-01-03 15:49:27','0000-00-00 00:00:00','OAT_94_piCheck_Functionality_report_20150103_154846.html',NULL,'OAT_94_piCheck_Functionality_409_20150103_154846','OAT R010.001.050 Deployment',0,0,NULL,409,58,4),
 (410,421,2,250,0,'2015-01-03 15:49:27','2015-01-03 15:49:34','0000-00-00 00:00:00','Core_634_Gateway_Reject_NonPersistent_GTCD_report_20150103_154927.html',NULL,'Core_634_Gateway_Reject_NonPersistent_GTCD_410_20150103_154927','OAT R010.001.050 Deployment',0,0,NULL,410,58,4),
 (411,421,2,251,0,'2015-01-03 15:49:34','2015-01-03 15:49:54','0000-00-00 00:00:00','OAT_104_sendcreatedevent_Functionality_report_20150103_154934.html',NULL,'OAT_104_sendcreatedevent_Functionality_411_20150103_154934','OAT R010.001.050 Deployment',0,0,NULL,411,58,4),
 (412,425,3,248,0,'2015-01-05 09:15:26','2015-01-05 09:43:35','0000-00-00 00:00:00','ISE_PT105_with_BAITS_report_20150105_091526.html','uploads/home/Gts_Tests/PAT/Core/ISE_regression/ISE_PT105_with_BAITS_412_20150105_091526','ISE_PT105_with_BAITS_412_20150105_091526','IRQ Balance on, 15 WT',0,0,NULL,412,58,3),
 (413,426,3,248,0,'2015-01-05 09:50:29','2015-01-05 10:16:18','0000-00-00 00:00:00','ISE_PT105_with_BAITS_report_20150105_095029.html','uploads/home/Gts_Tests/PAT/Core/ISE_regression/ISE_PT105_with_BAITS_413_20150105_095029','ISE_PT105_with_BAITS_413_20150105_095029','EF_DONT_ACCELERATE=1 , IRQ Balance ON',0,0,NULL,413,58,3),
 (414,427,2,248,0,'2015-01-05 11:03:52','2015-01-05 11:30:00','0000-00-00 00:00:00','ISE_PT105_with_BAITS_report_20150105_110352.html','uploads/home/Gts_Tests/PAT/Core/ISE_regression/ISE_PT105_with_BAITS_414_20150105_110352','ISE_PT105_with_BAITS_414_20150105_110352','EF_DONT_ACCELERATE=1 , IRQ Balance ON',0,0,NULL,413,58,3),
 (415,428,2,248,0,'2015-01-05 11:50:04','2015-01-05 12:16:03','0000-00-00 00:00:00','ISE_PT105_with_BAITS_report_20150105_115004.html','uploads/home/Gts_Tests/PAT/Core/ISE_regression/ISE_PT105_with_BAITS_415_20150105_115004','ISE_PT105_with_BAITS_415_20150105_115004','EF_DONT_ACCELERATE=1 , IRQ Balance ON, RR=1',0,0,NULL,415,58,3),
 (416,429,2,248,0,'2015-01-05 12:38:54','2015-01-05 13:04:22','0000-00-00 00:00:00','ISE_PT105_with_BAITS_report_20150105_123854.html','uploads/home/Gts_Tests/PAT/Core/ISE_regression/ISE_PT105_with_BAITS_416_20150105_123854','ISE_PT105_with_BAITS_416_20150105_123854','EF_DONT_ACCELERATE=1 , IRQ Balance ON, RR=1,LLM Thread Prio 1',0,0,NULL,416,58,3),
 (417,430,3,248,0,'2015-01-05 14:01:45','2015-01-05 14:28:18','0000-00-00 00:00:00','ISE_PT105_with_BAITS_report_20150105_140145.html','uploads/home/Gts_Tests/PAT/Core/ISE_regression/ISE_PT105_with_BAITS_417_20150105_140145','ISE_PT105_with_BAITS_417_20150105_140145','EF_DONT_ACCELERATE=1 , IRQ Balance ON ,LLM Thread Prio 1',0,0,NULL,417,58,3),
 (418,431,2,248,0,'2015-01-05 15:42:52','2015-01-05 16:09:28','0000-00-00 00:00:00','ISE_PT105_with_BAITS_report_20150105_154252.html','uploads/home/Gts_Tests/PAT/Core/ISE_regression/ISE_PT105_with_BAITS_418_20150105_154252','ISE_PT105_with_BAITS_418_20150105_154252','EF_DONT_ACCELERATE=1 , IRQ Balance OFF ,LLM Thread Prio 1',0,0,NULL,418,58,3),
 (419,432,2,243,0,'2015-01-05 16:51:30','2015-01-05 17:12:57','0000-00-00 00:00:00','ISE_Intraday_Mixed_Steady_15k_report_20150105_165130.html','uploads/home/Gts_Tests/PAT/Core/ISE_regression/ISE_Intraday_Mixed_Steady_15k_419_20150105_165130','ISE_Intraday_Mixed_Steady_15k_419_20150105_165130','EF_DONT_ACCELERATE=1 , IRQ Balance ON ,LLM Thread Prio 1',0,0,NULL,419,58,3),
 (420,433,2,120,0,'2015-01-06 09:29:50','2015-01-06 10:42:18','0000-00-00 00:00:00','OAT_Morning_Rotation_report_20150106_092950.html',NULL,'OAT_Morning_Rotation_420_20150106_092950','Morning Rotation',0,0,NULL,420,58,4),
 (421,434,2,71,0,'2015-01-06 10:51:11','2015-01-06 11:26:22','0000-00-00 00:00:00','Core_415_Change_Product_State_Script_report_20150106_105111.html',NULL,'Core_415_Change_Product_State_Script_421_20150106_105111','OAT R010.001.050 Deployment',0,0,NULL,375,58,4),
 (422,435,2,75,0,'2015-01-06 11:26:22','2015-01-06 11:32:54','0000-00-00 00:00:00','Core_419_Scheduler_Event_Pause_Resume_report_20150106_112623.html',NULL,'Core_419_Scheduler_Event_Pause_Resume_422_20150106_112622','OAT R010.001.050 Deployment',0,0,NULL,379,58,4),
 (423,436,2,91,0,'2015-01-06 11:34:19','2015-01-06 12:11:48','0000-00-00 00:00:00','OAT_55_24h_Cycle_BC_Trade_Open_Failure_report_20150106_113419.html',NULL,'OAT_55_24h_Cycle_BC_Trade_Open_Failure_423_20150106_113419','OAT R010.001.050 Deployment',0,0,NULL,385,58,4),
 (424,437,2,92,0,'2015-01-06 12:14:32','2015-01-06 12:51:10','0000-00-00 00:00:00','OAT_56_24h_Cycle_BC_Order_Open_Failure_report_20150106_121432.html',NULL,'OAT_56_24h_Cycle_BC_Order_Open_Failure_424_20150106_121432','OAT R010.001.050 Deployment',0,0,NULL,386,58,4),
 (425,438,2,93,0,'2015-01-06 12:51:10','2015-01-06 13:51:46','0000-00-00 00:00:00','OAT_57_24h_Cycle_Matcher_Release_Failure_report_20150106_125110.html',NULL,'OAT_57_24h_Cycle_Matcher_Release_Failure_425_20150106_125110','OAT R010.001.050 Deployment',0,0,NULL,387,58,4),
 (426,439,2,243,0,'2015-01-06 13:29:54','2015-01-06 13:53:51','0000-00-00 00:00:00','ISE_Intraday_Mixed_Steady_15k_report_20150106_132954.html','uploads/home/Gts_Tests/PAT/Core/ISE_regression/ISE_Intraday_Mixed_Steady_15k_426_20150106_132954','ISE_Intraday_Mixed_Steady_15k_426_20150106_132954','EF_DONT_ACCELERATE=1 , IRQ Balance ON ,LLM Thread Prio 1',0,0,NULL,419,58,3),
 (427,440,2,104,0,'2015-01-06 13:53:54','2015-01-06 14:37:11','0000-00-00 00:00:00','OAT_38_ME_Failure_report_20150106_135354.html',NULL,'OAT_38_ME_Failure_427_20150106_135354','OAT R010.001.050 Deployment',0,0,NULL,398,58,4),
 (428,441,2,243,0,'2015-01-06 14:19:21','2015-01-06 14:40:39','0000-00-00 00:00:00','ISE_Intraday_Mixed_Steady_15k_report_20150106_141921.html','uploads/home/Gts_Tests/PAT/Core/ISE_regression/ISE_Intraday_Mixed_Steady_15k_428_20150106_141921','ISE_Intraday_Mixed_Steady_15k_428_20150106_141921','EF_DONT_ACCELERATE=1 , IRQ Balance ON ,LLM Thread Prio 1',0,0,NULL,419,58,3),
 (429,443,2,243,0,'2015-01-06 14:42:41','2015-01-06 15:04:03','0000-00-00 00:00:00','ISE_Intraday_Mixed_Steady_15k_report_20150106_144242.html','uploads/home/Gts_Tests/PAT/Core/ISE_regression/ISE_Intraday_Mixed_Steady_15k_429_20150106_144241','ISE_Intraday_Mixed_Steady_15k_429_20150106_144241','EF_DONT_ACCELERATE=1 , IRQ Balance ON ,LLM Thread Prio 1',0,0,NULL,419,58,3),
 (430,445,2,74,0,'2015-01-06 15:21:50','2015-01-06 15:22:05','0000-00-00 00:00:00','Core_418_Gateway_Authentication_report_20150106_152150.html',NULL,'Core_418_Gateway_Authentication_430_20150106_152150','OAT R010.001.050 Deployment',0,0,NULL,378,58,4),
 (431,446,2,79,0,'2015-01-06 15:22:37','2015-01-06 15:22:51','0000-00-00 00:00:00','Core_500_MG_Session_Manager_Load_Balancing_report_20150106_152237.html',NULL,'Core_500_MG_Session_Manager_Load_Balancing_431_20150106_152237','OAT R010.001.050 Deployment',0,0,NULL,383,58,4),
 (432,447,2,100,0,'2015-01-06 15:23:50','2015-01-06 16:01:40','0000-00-00 00:00:00','OAT_20_Gateway_Failure_report_20150106_152350.html',NULL,'OAT_20_Gateway_Failure_432_20150106_152350','OAT R010.001.050 Deployment',0,0,NULL,394,58,4),
 (433,455,2,243,0,'2015-01-06 15:58:58','2015-01-06 16:20:24','0000-00-00 00:00:00','ISE_Intraday_Mixed_Steady_15k_report_20150106_155858.html','uploads/home/Gts_Tests/PAT/Core/ISE_regression/ISE_Intraday_Mixed_Steady_15k_433_20150106_155858','ISE_Intraday_Mixed_Steady_15k_433_20150106_155858','EF_DONT_ACCELERATE=1, IRQ Balance OFF',0,0,NULL,433,58,3),
 (434,448,2,225,0,'2015-01-06 16:01:40','2015-01-06 16:34:07','0000-00-00 00:00:00','Core_607_MDMDB_Cleanup_report_20150106_160140.html',NULL,'Core_607_MDMDB_Cleanup_434_20150106_160140','OAT R010.001.050 Deployment',0,0,NULL,400,58,4),
 (435,456,2,243,0,'2015-01-06 16:27:58','2015-01-06 16:49:18','0000-00-00 00:00:00','ISE_Intraday_Mixed_Steady_15k_report_20150106_162758.html','uploads/home/Gts_Tests/PAT/Core/ISE_regression/ISE_Intraday_Mixed_Steady_15k_435_20150106_162758','ISE_Intraday_Mixed_Steady_15k_435_20150106_162758','EF_DONT_ACCELERATE=1, IRQ Balance OFF, WT15',0,0,NULL,435,58,3),
 (436,449,2,111,0,'2015-01-06 16:34:07','2015-01-06 16:58:41','0000-00-00 00:00:00','OAT_84_RefData_Pope_Failure_report_20150106_163407.html',NULL,'OAT_84_RefData_Pope_Failure_436_20150106_163407','OAT R010.001.050 Deployment',0,0,NULL,402,58,4),
 (437,457,3,248,0,'2015-01-06 16:55:39','2015-01-06 17:20:56','0000-00-00 00:00:00','ISE_PT105_with_BAITS_report_20150106_165539.html','uploads/home/Gts_Tests/PAT/Core/ISE_regression/ISE_PT105_with_BAITS_437_20150106_165539','ISE_PT105_with_BAITS_437_20150106_165539','Baseline rerun',0,0,NULL,437,58,3),
 (438,450,2,113,0,'2015-01-06 16:58:42','2015-01-06 18:22:58','0000-00-00 00:00:00','OAT_86_RefData_ActiveMQ_Failure_report_20150106_165842.html',NULL,'OAT_86_RefData_ActiveMQ_Failure_438_20150106_165842','OAT R010.001.050 Deployment',0,0,NULL,404,58,4),
 (439,451,2,114,0,'2015-01-06 18:22:58','2015-01-06 19:05:57','0000-00-00 00:00:00','OAT_87_RefData_Jboss_Failure_report_20150106_182259.html',NULL,'OAT_87_RefData_Jboss_Failure_439_20150106_182258','OAT R010.001.050 Deployment',0,0,NULL,405,58,4),
 (440,452,2,115,0,'2015-01-06 19:05:57','2015-01-06 20:04:49','0000-00-00 00:00:00','OAT_88_RefData_RdaOB_Failure_report_20150106_190557.html',NULL,'OAT_88_RefData_RdaOB_Failure_440_20150106_190557','OAT R010.001.050 Deployment',0,0,NULL,406,58,4),
 (441,453,2,117,0,'2015-01-06 20:04:49','2015-01-06 20:06:13','0000-00-00 00:00:00','OAT_93_eventCheck_Functionality_report_20150106_200449.html',NULL,'OAT_93_eventCheck_Functionality_441_20150106_200449','OAT R010.001.050 Deployment',0,0,NULL,408,58,4),
 (442,454,2,118,0,'2015-01-06 20:06:13','2015-01-06 20:07:45','0000-00-00 00:00:00','OAT_94_piCheck_Functionality_report_20150106_200613.html',NULL,'OAT_94_piCheck_Functionality_442_20150106_200613','OAT R010.001.050 Deployment',0,0,NULL,409,58,4),
 (443,460,2,120,0,'2015-01-07 08:43:24','2015-01-07 09:53:12','0000-00-00 00:00:00','OAT_Morning_Rotation_report_20150107_084324.html',NULL,'OAT_Morning_Rotation_443_20150107_084324','Morning Rotation',0,0,NULL,420,58,4),
 (444,461,2,243,0,'2015-01-07 09:17:02','2015-01-07 09:41:36','0000-00-00 00:00:00','ISE_Intraday_Mixed_Steady_15k_report_20150107_091703.html','uploads/home/Gts_Tests/PAT/Core/ISE_regression/ISE_Intraday_Mixed_Steady_15k_444_20150107_091702','ISE_Intraday_Mixed_Steady_15k_444_20150107_091702','EF_DONT_ACCELERATE=1, IRQ Balance OFF, WT15',0,0,NULL,435,58,3),
 (445,462,2,243,0,'2015-01-07 09:59:02','2015-01-07 10:20:26','0000-00-00 00:00:00','ISE_Intraday_Mixed_Steady_15k_report_20150107_095902.html','uploads/home/Gts_Tests/PAT/Core/ISE_regression/ISE_Intraday_Mixed_Steady_15k_445_20150107_095902','ISE_Intraday_Mixed_Steady_15k_445_20150107_095902','EF_DONT_ACCELERATE=1, IRQ Balance OFF, WT15',0,0,NULL,435,58,3),
 (446,463,2,260,0,'2015-01-07 10:24:58','2015-01-07 10:46:27','0000-00-00 00:00:00','ISE_Intraday_Mixed_Steady_15k_Only_GW3_report_20150107_102458.html','uploads/home/Gts_Tests/PAT/Core/ISE_regression/ISE_Intraday_Mixed_Steady_15k_Only_GW3_446_20150107_102458','ISE_Intraday_Mixed_Steady_15k_Only_GW3_446_20150107_102458','GW3 Mixed 15k test',0,0,NULL,446,58,3),
 (447,464,2,121,0,'2015-01-07 11:19:51','2015-01-07 11:42:08','0000-00-00 00:00:00','OAT_ISE_Apps_Rotate_All_report_20150107_111951.html',NULL,'OAT_ISE_Apps_Rotate_All_447_20150107_111951','Morning Rotation',0,0,NULL,447,58,4),
 (448,465,2,243,0,'2015-01-07 11:40:21','2015-01-07 12:01:34','0000-00-00 00:00:00','ISE_Intraday_Mixed_Steady_15k_report_20150107_114021.html','uploads/home/Gts_Tests/PAT/Core/ISE_regression/ISE_Intraday_Mixed_Steady_15k_448_20150107_114021','ISE_Intraday_Mixed_Steady_15k_448_20150107_114021','Onload Minimized ',0,0,NULL,448,58,3),
 (449,469,3,39,0,'2015-01-07 14:49:22','2015-01-07 15:07:20','0000-00-00 00:00:00','ISE_PT105_report_20150107_144922.html',NULL,'ISE_PT105_449_20150107_144922','Auto Trigger Test',0,0,NULL,449,60,3),
 (450,470,2,119,0,'2015-01-07 14:49:31','2015-01-07 15:21:31','0000-00-00 00:00:00','OAT_Full_Core_Rotation_report_20150107_144931.html',NULL,'OAT_Full_Core_Rotation_450_20150107_144931','Auto Trigger Test',0,0,NULL,450,60,4),
 (451,470,2,74,0,'2015-01-07 15:21:31','2015-01-07 15:21:45','0000-00-00 00:00:00','Core_418_Gateway_Authentication_report_20150107_152131.html',NULL,'Core_418_Gateway_Authentication_451_20150107_152131','Auto Trigger Test',0,0,NULL,451,60,4),
 (452,470,2,250,0,'2015-01-07 15:21:45','2015-01-07 15:21:52','0000-00-00 00:00:00','Core_634_Gateway_Reject_NonPersistent_GTCD_report_20150107_152146.html',NULL,'Core_634_Gateway_Reject_NonPersistent_GTCD_452_20150107_152145','Auto Trigger Test',0,0,NULL,452,60,4),
 (453,470,2,100,0,'2015-01-07 15:21:52','2015-01-07 15:59:19','0000-00-00 00:00:00','OAT_20_Gateway_Failure_report_20150107_152153.html',NULL,'OAT_20_Gateway_Failure_453_20150107_152152','Auto Trigger Test',0,0,NULL,453,60,4),
 (454,472,3,248,0,'2015-01-07 15:51:47','2015-01-07 16:13:56','0000-00-00 00:00:00','ISE_PT105_with_BAITS_report_20150107_155147.html',NULL,'ISE_PT105_with_BAITS_454_20150107_155147','10.0.060 Regression',0,0,NULL,454,60,3),
 (455,473,3,39,0,'2015-01-07 16:42:11','2015-01-07 17:02:37','0000-00-00 00:00:00','ISE_PT105_report_20150107_164212.html','uploads/home/Gts_Tests/PAT/Core/ISE_regression/ISE_PT105_455_20150107_164211','ISE_PT105_455_20150107_164211','Auto Trigger Test',0,0,NULL,449,60,3),
 (456,474,2,248,0,'2015-01-07 17:02:37','2015-01-07 17:28:14','0000-00-00 00:00:00','ISE_PT105_with_BAITS_report_20150107_170237.html','uploads/home/Gts_Tests/PAT/Core/ISE_regression/ISE_PT105_with_BAITS_456_20150107_170237','ISE_PT105_with_BAITS_456_20150107_170237','10.0.060 Regression',0,0,NULL,454,60,3),
 (457,477,3,258,0,'2015-01-07 22:09:27','2015-01-08 10:45:48','0000-00-00 00:00:00','Call_Jenkins_Functional_Regression_report_20150107_220927.html','http://dd-ap09.test.ise.com/TRFRS?%2fTestReports%2fDirectReferenceReport&JobNumber=111&SuiteGroup=SUITE-MASTER&rc:Toolbar=false&rs:Command=Render&rc:OutputFormat=HTML','Call_Jenkins_Functional_Regression_457_20150107_220927','Auto Trigger Test',0,0,NULL,457,60,1),
 (458,478,2,243,0,'2015-01-08 09:02:52','2015-01-08 09:27:25','0000-00-00 00:00:00','ISE_Intraday_Mixed_Steady_15k_report_20150108_090252.html','uploads/home/Gts_Tests/PAT/Core/ISE_regression/ISE_Intraday_Mixed_Steady_15k_458_20150108_090252','ISE_Intraday_Mixed_Steady_15k_458_20150108_090252','IRQ Balance off, EF_IRQ_CORE 0, EF_PACKET_BUFFER_MODE=3',0,0,NULL,458,60,3),
 (459,479,2,243,0,'2015-01-08 09:27:25','2015-01-08 09:48:52','0000-00-00 00:00:00','ISE_Intraday_Mixed_Steady_15k_report_20150108_092725.html','uploads/home/Gts_Tests/PAT/Core/ISE_regression/ISE_Intraday_Mixed_Steady_15k_459_20150108_092725','ISE_Intraday_Mixed_Steady_15k_459_20150108_092725','EF_IRQ_CORE=0  EF_PACKET_BUFFER_MODE=3 ',0,0,NULL,459,60,3),
 (460,480,2,120,0,'2015-01-08 09:41:06','2015-01-08 10:50:24','0000-00-00 00:00:00','OAT_Morning_Rotation_report_20150108_094107.html',NULL,'OAT_Morning_Rotation_460_20150108_094106','Morning Rotation',0,0,NULL,460,60,4),
 (461,481,2,121,0,'2015-01-08 10:50:24','2015-01-08 11:12:19','0000-00-00 00:00:00','OAT_ISE_Apps_Rotate_All_report_20150108_105024.html',NULL,'OAT_ISE_Apps_Rotate_All_461_20150108_105024','Morning Rotation',0,0,NULL,461,60,4),
 (462,482,2,119,0,'2015-01-08 11:37:47','2015-01-08 12:09:57','0000-00-00 00:00:00','OAT_Full_Core_Rotation_report_20150108_113747.html',NULL,'OAT_Full_Core_Rotation_462_20150108_113747','Regression',0,0,NULL,462,60,4),
 (463,482,2,54,0,'2015-01-08 12:09:57','2015-01-08 12:55:45','0000-00-00 00:00:00','OAT_81_RefData_ME_Failure_report_20150108_120957.html',NULL,'OAT_81_RefData_ME_Failure_463_20150108_120957','Regression',0,0,NULL,463,60,4),
 (464,482,2,55,0,'2015-01-08 12:55:45','2015-01-08 13:01:04','0000-00-00 00:00:00','OAT_82_RefData_Gateway_Failure_report_20150108_125545.html',NULL,'OAT_82_RefData_Gateway_Failure_464_20150108_125545','Regression',0,0,NULL,464,60,4),
 (465,482,2,61,0,'2015-01-08 13:01:05','2015-01-08 13:49:09','0000-00-00 00:00:00','Core_431_Matcher_Leader_Failover_report_20150108_130105.html',NULL,'Core_431_Matcher_Leader_Failover_465_20150108_130105','Regression',0,0,NULL,465,60,4),
 (466,482,2,62,0,'2015-01-08 13:49:09','2015-01-08 14:25:08','0000-00-00 00:00:00','Core_432_Pope_Leader_Failover_report_20150108_134909.html',NULL,'Core_432_Pope_Leader_Failover_466_20150108_134909','Regression',0,0,NULL,466,60,4),
 (467,482,2,63,0,'2015-01-08 14:25:08','2015-01-08 15:10:58','0000-00-00 00:00:00','Core_433_RIB_Leader_Failover_report_20150108_142508.html',NULL,'Core_433_RIB_Leader_Failover_467_20150108_142508','Regression',0,0,NULL,467,60,4),
 (468,482,2,64,0,'2015-01-08 15:10:58','2015-01-08 15:46:16','0000-00-00 00:00:00','Core_434_MDD_Leader_Failover_report_20150108_151058.html',NULL,'Core_434_MDD_Leader_Failover_468_20150108_151058','Regression',0,0,NULL,468,60,4),
 (469,482,2,65,0,'2015-01-08 15:46:16','2015-01-08 16:34:30','0000-00-00 00:00:00','Core_435_Audit_Trail_Leader_Failover_report_20150108_154616.html',NULL,'Core_435_Audit_Trail_Leader_Failover_469_20150108_154616','Regression',0,0,NULL,469,60,4),
 (470,482,2,66,0,'2015-01-08 16:34:30','2015-01-08 16:47:03','0000-00-00 00:00:00','Core_436_TM_Failover_report_20150108_163430.html',NULL,'Core_436_TM_Failover_470_20150108_163430','Regression',0,0,NULL,470,60,4),
 (471,482,2,67,0,'2015-01-08 16:47:03','2015-01-08 17:03:46','0000-00-00 00:00:00','Core_438_System_Monitor_Failover_report_20150108_164703.html',NULL,'Core_438_System_Monitor_Failover_471_20150108_164703','Regression',0,0,NULL,471,60,4),
 (472,482,2,68,0,'2015-01-08 17:03:46','2015-01-08 17:08:26','0000-00-00 00:00:00','Core_439_System_Controller_Failover_report_20150108_170346.html',NULL,'Core_439_System_Controller_Failover_472_20150108_170346','Regression',0,0,NULL,472,60,4),
 (473,482,2,69,0,'2015-01-08 17:08:26','2015-01-08 17:24:24','0000-00-00 00:00:00','Core_440_Session_Manager_Failover_report_20150108_170826.html',NULL,'Core_440_Session_Manager_Failover_473_20150108_170826','Regression',0,0,NULL,473,60,4),
 (474,482,2,70,0,'2015-01-08 17:24:24','2015-01-08 17:42:44','0000-00-00 00:00:00','Core_457_Status_Manager_Failover_report_20150108_172424.html',NULL,'Core_457_Status_Manager_Failover_474_20150108_172424','Regression',0,0,NULL,474,60,4),
 (475,482,3,71,0,'2015-01-08 17:42:44','2015-01-08 18:16:03','0000-00-00 00:00:00','Core_415_Change_Product_State_Script_report_20150108_174244.html',NULL,'Core_415_Change_Product_State_Script_475_20150108_174244','Regression',0,0,NULL,475,60,4),
 (476,482,2,72,0,'2015-01-08 18:16:03','2015-01-08 18:24:23','0000-00-00 00:00:00','Core_416_DB_Cleanups_report_20150108_181603.html',NULL,'Core_416_DB_Cleanups_476_20150108_181603','Regression',0,0,NULL,476,60,4),
 (477,482,2,73,0,'2015-01-08 18:24:23','2015-01-08 19:04:40','0000-00-00 00:00:00','Core_417_SetPartitionSync_Wait_and_Release_report_20150108_182423.html',NULL,'Core_417_SetPartitionSync_Wait_and_Release_477_20150108_182423','Regression',0,0,NULL,477,60,4),
 (478,482,2,74,0,'2015-01-08 19:04:40','2015-01-08 19:04:54','0000-00-00 00:00:00','Core_418_Gateway_Authentication_report_20150108_190440.html',NULL,'Core_418_Gateway_Authentication_478_20150108_190440','Regression',0,0,NULL,478,60,4),
 (479,482,3,75,0,'2015-01-08 19:04:54','2015-01-08 19:08:52','0000-00-00 00:00:00','Core_419_Scheduler_Event_Pause_Resume_report_20150108_190454.html',NULL,'Core_419_Scheduler_Event_Pause_Resume_479_20150108_190454','Regression',0,0,NULL,479,60,4),
 (480,482,3,76,0,'2015-01-08 19:08:52','2015-01-08 20:01:51','0000-00-00 00:00:00','Core_424_System_Startup_Shutdown_report_20150108_190852.html',NULL,'Core_424_System_Startup_Shutdown_480_20150108_190852','Regression',0,0,NULL,480,60,4),
 (481,482,2,77,0,'2015-01-08 20:01:51','2015-01-08 20:44:49','0000-00-00 00:00:00','Core_426_dbsync_dbcheck_Local_DBs_report_20150108_200151.html',NULL,'Core_426_dbsync_dbcheck_Local_DBs_481_20150108_200151','Regression',0,0,NULL,481,60,4),
 (482,482,2,78,0,'2015-01-08 20:44:49','2015-01-08 20:45:37','0000-00-00 00:00:00','Core_427_uCheck_Functionality_report_20150108_204449.html',NULL,'Core_427_uCheck_Functionality_482_20150108_204449','Regression',0,0,NULL,482,60,4),
 (483,482,2,79,0,'2015-01-08 20:45:37','2015-01-08 20:45:51','0000-00-00 00:00:00','Core_500_MG_Session_Manager_Load_Balancing_report_20150108_204537.html',NULL,'Core_500_MG_Session_Manager_Load_Balancing_483_20150108_204537','Regression',0,0,NULL,483,60,4),
 (484,482,2,212,0,'2015-01-08 20:45:51','2015-01-08 20:46:17','0000-00-00 00:00:00','Core_606_LLO_Connecting_to_LLO_via_Non_CGW_report_20150108_204551.html',NULL,'Core_606_LLO_Connecting_to_LLO_via_Non_CGW_484_20150108_204551','Regression',0,0,NULL,484,60,4),
 (485,482,2,91,0,'2015-01-08 20:46:17','2015-01-08 21:24:06','0000-00-00 00:00:00','OAT_55_24h_Cycle_BC_Trade_Open_Failure_report_20150108_204617.html',NULL,'OAT_55_24h_Cycle_BC_Trade_Open_Failure_485_20150108_204617','Regression',0,0,NULL,485,60,4),
 (486,482,2,92,0,'2015-01-08 21:24:06','2015-01-08 21:59:42','0000-00-00 00:00:00','OAT_56_24h_Cycle_BC_Order_Open_Failure_report_20150108_212406.html',NULL,'OAT_56_24h_Cycle_BC_Order_Open_Failure_486_20150108_212406','Regression',0,0,NULL,486,60,4),
 (487,482,2,93,0,'2015-01-08 21:59:42','2015-01-08 22:59:52','0000-00-00 00:00:00','OAT_57_24h_Cycle_Matcher_Release_Failure_report_20150108_215942.html',NULL,'OAT_57_24h_Cycle_Matcher_Release_Failure_487_20150108_215942','Regression',0,0,NULL,487,60,4),
 (488,482,2,94,0,'2015-01-08 22:59:52','2015-01-08 23:36:02','0000-00-00 00:00:00','OAT_58_24h_Cycle_Trading_Start_of_Day_Failure_report_20150108_225952.html',NULL,'OAT_58_24h_Cycle_Trading_Start_of_Day_Failure_488_20150108_225952','Regression',0,0,NULL,488,60,4),
 (489,482,2,95,0,'2015-01-08 23:36:02','2015-01-09 00:13:21','0000-00-00 00:00:00','OAT_62_24h_Cycle_Trading_Open_Failure_report_20150108_233602.html',NULL,'OAT_62_24h_Cycle_Trading_Open_Failure_489_20150108_233602','Regression',0,0,NULL,489,60,4),
 (490,482,2,96,0,'2015-01-09 00:13:21','2015-01-09 00:51:54','0000-00-00 00:00:00','OAT_63_24h_Cycle_Trading_Open_Failure_report_20150109_001321.html',NULL,'OAT_63_24h_Cycle_Trading_Open_Failure_490_20150109_001321','Regression',0,0,NULL,490,60,4),
 (491,482,2,97,0,'2015-01-09 00:51:54','2015-01-09 01:28:22','0000-00-00 00:00:00','OAT_68_24h_Cycle_Trading_Post_End_of_Day_Failure_report_20150109_005154.html',NULL,'OAT_68_24h_Cycle_Trading_Post_End_of_Day_Failure_491_20150109_005154','Regression',0,0,NULL,491,60,4),
 (492,482,2,98,0,'2015-01-09 01:28:22','2015-01-09 02:19:04','0000-00-00 00:00:00','OAT_77_24h_Cycle_System_Monitor_Failure_report_20150109_012822.html',NULL,'OAT_77_24h_Cycle_System_Monitor_Failure_492_20150109_012822','Regression',0,0,NULL,492,60,4),
 (493,482,2,99,0,'2015-01-09 02:19:04','2015-01-09 02:41:27','0000-00-00 00:00:00','OAT_79_24h_Cycle_Cross_DBs_Failure_report_20150109_021904.html',NULL,'OAT_79_24h_Cycle_Cross_DBs_Failure_493_20150109_021904','Regression',0,0,NULL,493,60,4),
 (494,482,3,100,0,'2015-01-09 02:41:27','2015-01-09 03:15:34','0000-00-00 00:00:00','OAT_20_Gateway_Failure_report_20150109_024127.html',NULL,'OAT_20_Gateway_Failure_494_20150109_024127','Regression',0,0,NULL,494,60,4),
 (495,482,2,101,0,'2015-01-09 03:15:34','2015-01-09 03:52:31','0000-00-00 00:00:00','OAT_21_ME_Failover_report_20150109_031534.html',NULL,'OAT_21_ME_Failover_495_20150109_031534','Regression',0,0,NULL,495,60,4),
 (496,482,3,102,0,'2015-01-09 03:52:31','2015-01-09 04:59:42','0000-00-00 00:00:00','OAT_30_Mdd_Failover_report_20150109_035231.html',NULL,'OAT_30_Mdd_Failover_496_20150109_035231','Regression',0,0,NULL,496,60,4),
 (497,482,2,104,0,'2015-01-09 04:59:42','2015-01-09 05:43:29','0000-00-00 00:00:00','OAT_38_ME_Failure_report_20150109_045943.html',NULL,'OAT_38_ME_Failure_497_20150109_045942','Regression',0,0,NULL,497,60,4),
 (498,482,3,105,0,'2015-01-09 05:43:29','2015-01-09 06:50:58','0000-00-00 00:00:00','OAT_39_Mdd_Failure_report_20150109_054329.html',NULL,'OAT_39_Mdd_Failure_498_20150109_054329','Regression',0,0,NULL,498,60,4),
 (499,482,2,225,0,'2015-01-09 06:50:58','2015-01-09 07:23:03','0000-00-00 00:00:00','Core_607_MDMDB_Cleanup_report_20150109_065058.html',NULL,'Core_607_MDMDB_Cleanup_499_20150109_065058','Regression',0,0,NULL,499,60,4),
 (500,482,2,110,0,'2015-01-09 07:23:03','2015-01-09 07:28:36','0000-00-00 00:00:00','OAT_83_RefData_Base_Line_report_20150109_072303.html',NULL,'OAT_83_RefData_Base_Line_500_20150109_072303','Regression',0,0,NULL,500,60,4),
 (501,482,2,111,0,'2015-01-09 07:28:36','2015-01-09 07:53:18','0000-00-00 00:00:00','OAT_84_RefData_Pope_Failure_report_20150109_072836.html',NULL,'OAT_84_RefData_Pope_Failure_501_20150109_072836','Regression',0,0,NULL,501,60,4),
 (502,482,2,112,0,'2015-01-09 07:53:18','2015-01-09 09:01:14','0000-00-00 00:00:00','OAT_85_RefData_RdaIB_Failure_report_20150109_075318.html',NULL,'OAT_85_RefData_RdaIB_Failure_502_20150109_075318','Regression',0,0,NULL,502,60,4),
 (503,482,2,113,0,'2015-01-09 09:01:14','2015-01-09 09:55:58','0000-00-00 00:00:00','OAT_86_RefData_ActiveMQ_Failure_report_20150109_090114.html',NULL,'OAT_86_RefData_ActiveMQ_Failure_503_20150109_090114','Regression',0,0,NULL,503,60,4),
 (504,482,2,114,0,'2015-01-09 09:55:58','2015-01-09 10:39:08','0000-00-00 00:00:00','OAT_87_RefData_Jboss_Failure_report_20150109_095558.html',NULL,'OAT_87_RefData_Jboss_Failure_504_20150109_095558','Regression',0,0,NULL,504,60,4),
 (505,482,2,115,0,'2015-01-09 10:39:08','2015-01-09 11:38:06','0000-00-00 00:00:00','OAT_88_RefData_RdaOB_Failure_report_20150109_103908.html',NULL,'OAT_88_RefData_RdaOB_Failure_505_20150109_103908','Regression',0,0,NULL,505,60,4),
 (506,482,2,116,0,'2015-01-09 11:38:06','2015-01-09 12:17:48','0000-00-00 00:00:00','OAT_89_RefData_Rdd_Failure_report_20150109_113806.html',NULL,'OAT_89_RefData_Rdd_Failure_506_20150109_113806','Regression',0,0,NULL,506,60,4),
 (507,482,3,117,0,'2015-01-09 12:17:48','2015-01-09 12:18:37','0000-00-00 00:00:00','OAT_93_eventCheck_Functionality_report_20150109_121748.html',NULL,'OAT_93_eventCheck_Functionality_507_20150109_121748','Regression',0,0,NULL,507,60,4),
 (508,482,2,118,0,'2015-01-09 12:18:37','2015-01-09 12:20:09','0000-00-00 00:00:00','OAT_94_piCheck_Functionality_report_20150109_121837.html',NULL,'OAT_94_piCheck_Functionality_508_20150109_121837','Regression',0,0,NULL,508,60,4),
 (509,482,2,250,0,'2015-01-09 12:20:09','2015-01-09 12:20:16','0000-00-00 00:00:00','Core_634_Gateway_Reject_NonPersistent_GTCD_report_20150109_122009.html',NULL,'Core_634_Gateway_Reject_NonPersistent_GTCD_509_20150109_122009','Regression',0,0,NULL,509,60,4),
 (510,482,2,251,0,'2015-01-09 12:20:16','2015-01-09 12:20:37','0000-00-00 00:00:00','OAT_104_sendcreatedevent_Functionality_report_20150109_122016.html',NULL,'OAT_104_sendcreatedevent_Functionality_510_20150109_122016','Regression',0,0,NULL,510,60,4);
INSERT INTO `test_execution` (`id`,`task_id`,`status`,`test_id`,`suite_id`,`start_time`,`end_time`,`request_time`,`report`,`test_folder_path`,`test_folder_name`,`label`,`user_id`,`approval_status`,`approved_by`,`group_id`,`release_id`,`template_id`) VALUES 
 (511,483,2,71,0,'2015-01-09 12:20:37','2015-01-09 12:55:59','0000-00-00 00:00:00','Core_415_Change_Product_State_Script_report_20150109_122038.html',NULL,'Core_415_Change_Product_State_Script_511_20150109_122037','Regression',0,0,NULL,475,60,4),
 (512,484,2,75,0,'2015-01-09 12:55:59','2015-01-09 13:02:32','0000-00-00 00:00:00','Core_419_Scheduler_Event_Pause_Resume_report_20150109_125559.html',NULL,'Core_419_Scheduler_Event_Pause_Resume_512_20150109_125559','Regression',0,0,NULL,479,60,4),
 (513,485,2,120,0,'2015-01-09 13:02:32','2015-01-09 14:13:28','0000-00-00 00:00:00','OAT_Morning_Rotation_report_20150109_130233.html',NULL,'OAT_Morning_Rotation_513_20150109_130232','Morning Rotation',0,0,NULL,460,60,4),
 (514,486,2,121,0,'2015-01-09 14:13:28','2015-01-09 14:35:17','0000-00-00 00:00:00','OAT_ISE_Apps_Rotate_All_report_20150109_141328.html',NULL,'OAT_ISE_Apps_Rotate_All_514_20150109_141328','Morning Rotation',0,0,NULL,461,60,4),
 (515,487,2,120,0,'2015-01-11 14:13:04','2015-01-11 15:22:53','0000-00-00 00:00:00','OAT_Morning_Rotation_report_20150111_141304.html',NULL,'OAT_Morning_Rotation_515_20150111_141304','Morning Rotation',0,0,NULL,460,60,4),
 (516,488,2,121,0,'2015-01-11 15:22:53','2015-01-11 15:45:41','0000-00-00 00:00:00','OAT_ISE_Apps_Rotate_All_report_20150111_152253.html',NULL,'OAT_ISE_Apps_Rotate_All_516_20150111_152253','Morning Rotation',0,0,NULL,461,60,4),
 (517,489,3,220,0,'2015-01-11 19:24:48','2015-01-11 19:26:29','0000-00-00 00:00:00','ISE_295_Config_Client_Cmd_Line_Export_Instance_report_20150111_192448.html',NULL,'ISE_295_Config_Client_Cmd_Line_Export_Instance_517_20150111_192448','Config Client 10.0.3.1',0,0,NULL,517,60,4),
 (518,489,3,223,0,'2015-01-11 19:26:29','2015-01-11 19:28:07','0000-00-00 00:00:00','ISE_297_Config_Client_Cmd_Line_Negative_Type_report_20150111_192629.html',NULL,'ISE_297_Config_Client_Cmd_Line_Negative_Type_518_20150111_192629','Config Client 10.0.3.1',0,0,NULL,518,60,4),
 (519,489,3,221,0,'2015-01-11 19:28:07','2015-01-11 19:29:46','0000-00-00 00:00:00','ISE_298_Config_Client_Cmd_Line_Export_All_report_20150111_192807.html',NULL,'ISE_298_Config_Client_Cmd_Line_Export_All_519_20150111_192807','Config Client 10.0.3.1',0,0,NULL,519,60,4),
 (520,489,3,222,0,'2015-01-11 19:29:46','2015-01-11 19:31:23','0000-00-00 00:00:00','ISE_299_Config_Client_Cmd_Line_Negative_Tags_report_20150111_192946.html',NULL,'ISE_299_Config_Client_Cmd_Line_Negative_Tags_520_20150111_192946','Config Client 10.0.3.1',0,0,NULL,520,60,4),
 (521,489,3,224,0,'2015-01-11 19:31:24','2015-01-11 19:33:01','0000-00-00 00:00:00','ISE_300_Config_Client_Cmd_Line_Negative_TagName_report_20150111_193124.html',NULL,'ISE_300_Config_Client_Cmd_Line_Negative_TagName_521_20150111_193124','Config Client 10.0.3.1',0,0,NULL,521,60,4),
 (522,490,2,120,0,'2015-01-12 07:44:02','2015-01-12 08:53:15','0000-00-00 00:00:00','OAT_Morning_Rotation_report_20150112_074402.html',NULL,'OAT_Morning_Rotation_522_20150112_074402','Morning Rotation',0,0,NULL,522,60,4),
 (523,490,2,121,0,'2015-01-12 08:53:15','2015-01-12 09:14:50','0000-00-00 00:00:00','OAT_ISE_Apps_Rotate_All_report_20150112_085315.html',NULL,'OAT_ISE_Apps_Rotate_All_523_20150112_085315','Morning Rotation',0,0,NULL,523,60,4),
 (524,491,3,220,0,'2015-01-12 09:14:51','2015-01-12 09:16:46','0000-00-00 00:00:00','ISE_295_Config_Client_Cmd_Line_Export_Instance_report_20150112_091451.html',NULL,'ISE_295_Config_Client_Cmd_Line_Export_Instance_524_20150112_091451','Config Client 10.0.3.1',0,0,NULL,524,60,4),
 (525,491,3,223,0,'2015-01-12 09:16:46','2015-01-12 09:18:24','0000-00-00 00:00:00','ISE_297_Config_Client_Cmd_Line_Negative_Type_report_20150112_091646.html',NULL,'ISE_297_Config_Client_Cmd_Line_Negative_Type_525_20150112_091646','Config Client 10.0.3.1',0,0,NULL,525,60,4),
 (526,491,3,221,0,'2015-01-12 09:18:24','2015-01-12 09:20:03','0000-00-00 00:00:00','ISE_298_Config_Client_Cmd_Line_Export_All_report_20150112_091824.html',NULL,'ISE_298_Config_Client_Cmd_Line_Export_All_526_20150112_091824','Config Client 10.0.3.1',0,0,NULL,526,60,4),
 (527,491,3,222,0,'2015-01-12 09:20:03','2015-01-12 09:21:41','0000-00-00 00:00:00','ISE_299_Config_Client_Cmd_Line_Negative_Tags_report_20150112_092003.html',NULL,'ISE_299_Config_Client_Cmd_Line_Negative_Tags_527_20150112_092003','Config Client 10.0.3.1',0,0,NULL,527,60,4),
 (528,491,3,224,0,'2015-01-12 09:21:41','2015-01-12 09:23:19','0000-00-00 00:00:00','ISE_300_Config_Client_Cmd_Line_Negative_TagName_report_20150112_092141.html',NULL,'ISE_300_Config_Client_Cmd_Line_Negative_TagName_528_20150112_092141','Config Client 10.0.3.1',0,0,NULL,528,60,4),
 (529,492,2,100,0,'2015-01-12 09:54:13','2015-01-12 10:32:47','0000-00-00 00:00:00','OAT_20_Gateway_Failure_report_20150112_095413.html',NULL,'OAT_20_Gateway_Failure_529_20150112_095413','Auto Trigger Test',0,0,NULL,453,60,4),
 (530,494,2,220,0,'2015-01-12 10:32:47','2015-01-12 10:34:56','0000-00-00 00:00:00','ISE_295_Config_Client_Cmd_Line_Export_Instance_report_20150112_103247.html',NULL,'ISE_295_Config_Client_Cmd_Line_Export_Instance_530_20150112_103247','Config Client 10.0.3.1',0,0,NULL,530,60,4),
 (531,494,3,223,0,'2015-01-12 10:34:56','2015-01-12 10:36:36','0000-00-00 00:00:00','ISE_297_Config_Client_Cmd_Line_Negative_Type_report_20150112_103456.html',NULL,'ISE_297_Config_Client_Cmd_Line_Negative_Type_531_20150112_103456','Config Client 10.0.3.1',0,0,NULL,531,60,4),
 (532,494,2,221,0,'2015-01-12 10:36:36','2015-01-12 10:38:29','0000-00-00 00:00:00','ISE_298_Config_Client_Cmd_Line_Export_All_report_20150112_103636.html',NULL,'ISE_298_Config_Client_Cmd_Line_Export_All_532_20150112_103636','Config Client 10.0.3.1',0,0,NULL,532,60,4),
 (533,494,3,222,0,'2015-01-12 10:38:29','2015-01-12 10:40:09','0000-00-00 00:00:00','ISE_299_Config_Client_Cmd_Line_Negative_Tags_report_20150112_103829.html',NULL,'ISE_299_Config_Client_Cmd_Line_Negative_Tags_533_20150112_103829','Config Client 10.0.3.1',0,0,NULL,533,60,4),
 (534,494,2,224,0,'2015-01-12 10:40:09','2015-01-12 10:41:52','0000-00-00 00:00:00','ISE_300_Config_Client_Cmd_Line_Negative_TagName_report_20150112_104009.html',NULL,'ISE_300_Config_Client_Cmd_Line_Negative_TagName_534_20150112_104009','Config Client 10.0.3.1',0,0,NULL,534,60,4),
 (535,495,2,243,0,'2015-01-12 15:29:59','2015-01-12 15:54:25','0000-00-00 00:00:00','ISE_Intraday_Mixed_Steady_15k_report_20150112_152959.html','uploads/home/Gts_Tests/PAT/Core/ISE_regression/ISE_Intraday_Mixed_Steady_15k_535_20150112_152959','ISE_Intraday_Mixed_Steady_15k_535_20150112_152959','EF_IRQ_CORE=0  EF_PACKET_BUFFER_MODE=3 ',0,0,NULL,459,60,3),
 (536,502,2,243,0,'2015-01-13 08:54:23','2015-01-13 09:18:28','0000-00-00 00:00:00','ISE_Intraday_Mixed_Steady_15k_report_20150113_085423.html','uploads/home/Gts_Tests/PAT/Core/ISE_regression/ISE_Intraday_Mixed_Steady_15k_536_20150113_085423','ISE_Intraday_Mixed_Steady_15k_536_20150113_085423','EF_IRQ_CORE=0  EF_PACKET_BUFFER_MODE=3 ',0,0,NULL,459,60,3),
 (537,503,2,120,0,'2015-01-13 09:16:14','2015-01-13 10:25:42','0000-00-00 00:00:00','OAT_Morning_Rotation_report_20150113_091614.html',NULL,'OAT_Morning_Rotation_537_20150113_091614','Morning Rotation',0,0,NULL,537,60,4),
 (538,503,2,121,0,'2015-01-13 10:25:42','2015-01-13 10:47:42','0000-00-00 00:00:00','OAT_ISE_Apps_Rotate_All_report_20150113_102542.html',NULL,'OAT_ISE_Apps_Rotate_All_538_20150113_102542','Morning Rotation',0,0,NULL,538,60,4),
 (539,504,2,243,0,'2015-01-13 09:20:32','2015-01-13 09:42:29','0000-00-00 00:00:00','ISE_Intraday_Mixed_Steady_15k_report_20150113_092032.html','uploads/home/Gts_Tests/PAT/Core/ISE_regression/ISE_Intraday_Mixed_Steady_15k_539_20150113_092032','ISE_Intraday_Mixed_Steady_15k_539_20150113_092032','EF_IRQ_CORE=0  EF_PACKET_BUFFER_MODE=3 ',0,0,NULL,459,60,3),
 (540,510,2,243,0,'2015-01-13 10:02:29','2015-01-13 10:23:52','0000-00-00 00:00:00','ISE_Intraday_Mixed_Steady_15k_report_20150113_100229.html','uploads/home/Gts_Tests/PAT/Core/ISE_regression/ISE_Intraday_Mixed_Steady_15k_540_20150113_100229','ISE_Intraday_Mixed_Steady_15k_540_20150113_100229','EF_IRQ_CORE=0  EF_PACKET_BUFFER_MODE=3 ',0,0,NULL,459,60,3),
 (541,511,2,243,0,'2015-01-13 10:33:45','2015-01-13 10:55:16','0000-00-00 00:00:00','ISE_Intraday_Mixed_Steady_15k_report_20150113_103345.html','uploads/home/Gts_Tests/PAT/Core/ISE_regression/ISE_Intraday_Mixed_Steady_15k_541_20150113_103345','ISE_Intraday_Mixed_Steady_15k_541_20150113_103345','EF_IRQ_CORE=0  EF_PACKET_BUFFER_MODE=3 ',0,0,NULL,459,60,3),
 (542,512,2,243,0,'2015-01-13 11:03:21','2015-01-13 11:24:42','0000-00-00 00:00:00','ISE_Intraday_Mixed_Steady_15k_report_20150113_110321.html','uploads/home/Gts_Tests/PAT/Core/ISE_regression/ISE_Intraday_Mixed_Steady_15k_542_20150113_110321','ISE_Intraday_Mixed_Steady_15k_542_20150113_110321','EF_IRQ_CORE=0  EF_PACKET_BUFFER_MODE=3 ',0,0,NULL,459,60,3),
 (543,513,2,259,0,'2015-01-13 11:48:17','2015-01-13 11:48:18','0000-00-00 00:00:00','Git_Branch_Checkout_report_20150113_114817.html',NULL,'Git_Branch_Checkout_543_20150113_114817','Auto Trigger Test',0,0,NULL,543,63,2),
 (544,514,2,259,0,'2015-01-13 11:52:59','2015-01-13 11:52:59','0000-00-00 00:00:00','Git_Branch_Checkout_report_20150113_115259.html',NULL,'Git_Branch_Checkout_544_20150113_115259','Auto Trigger Test',0,0,NULL,544,63,2),
 (545,515,2,259,0,'2015-01-13 11:53:39','2015-01-13 11:53:40','0000-00-00 00:00:00','Git_Branch_Checkout_report_20150113_115339.html',NULL,'Git_Branch_Checkout_545_20150113_115339','Auto Trigger Test',0,0,NULL,545,63,4),
 (546,517,2,259,0,'2015-01-13 12:56:36','2015-01-13 12:56:36','0000-00-00 00:00:00','Git_Branch_Checkout_report_20150113_125636.html',NULL,'Git_Branch_Checkout_546_20150113_125636','Auto Trigger Test',0,0,NULL,546,63,10),
 (547,516,2,259,0,'2015-01-13 13:02:33','2015-01-13 13:02:34','0000-00-00 00:00:00','Git_Branch_Checkout_report_20150113_130233.html',NULL,'Git_Branch_Checkout_547_20150113_130233','Auto Trigger Test',0,0,NULL,547,63,2),
 (548,518,2,259,0,'2015-01-13 13:03:14','2015-01-13 13:03:16','0000-00-00 00:00:00','Git_Branch_Checkout_report_20150113_130315.html',NULL,'Git_Branch_Checkout_548_20150113_130314','Auto Trigger Test',0,0,NULL,548,63,4),
 (549,520,2,259,0,'2015-01-13 13:17:16','2015-01-13 13:17:16','0000-00-00 00:00:00','Git_Branch_Checkout_report_20150113_131716.html',NULL,'Git_Branch_Checkout_549_20150113_131716','Auto Trigger Test',0,0,NULL,549,63,10),
 (550,519,2,259,0,'2015-01-13 15:17:51','2015-01-13 15:17:52','0000-00-00 00:00:00','Git_Branch_Checkout_report_20150113_151751.html',NULL,'Git_Branch_Checkout_550_20150113_151751','Auto Trigger Test',0,0,NULL,550,63,2),
 (551,521,2,259,0,'2015-01-13 15:18:28','2015-01-13 15:18:29','0000-00-00 00:00:00','Git_Branch_Checkout_report_20150113_151828.html',NULL,'Git_Branch_Checkout_551_20150113_151828','Auto Trigger Test',0,0,NULL,551,63,4),
 (552,522,2,260,0,'2015-01-13 15:49:39','2015-01-13 16:11:03','0000-00-00 00:00:00','ISE_Intraday_Mixed_Steady_15k_Only_GW3_report_20150113_154940.html','uploads/home/Gts_Tests/PAT/Core/ISE_regression/ISE_Intraday_Mixed_Steady_15k_Only_GW3_552_20150113_154939','ISE_Intraday_Mixed_Steady_15k_Only_GW3_552_20150113_154939','testing with new onload and rr=1',0,0,NULL,552,60,3),
 (553,523,2,243,0,'2015-01-13 16:13:54','2015-01-13 16:35:26','0000-00-00 00:00:00','ISE_Intraday_Mixed_Steady_15k_report_20150113_161354.html','uploads/home/Gts_Tests/PAT/Core/ISE_regression/ISE_Intraday_Mixed_Steady_15k_553_20150113_161354','ISE_Intraday_Mixed_Steady_15k_553_20150113_161354','rr=1 wt=15 ',0,0,NULL,553,60,3),
 (554,524,2,243,0,'2015-01-13 16:38:52','2015-01-13 17:00:28','0000-00-00 00:00:00','ISE_Intraday_Mixed_Steady_15k_report_20150113_163852.html','uploads/home/Gts_Tests/PAT/Core/ISE_regression/ISE_Intraday_Mixed_Steady_15k_554_20150113_163852','ISE_Intraday_Mixed_Steady_15k_554_20150113_163852','rr=1 wt=15 irqbalance=off',0,0,NULL,554,60,3),
 (555,525,2,248,0,'2015-01-14 08:39:43','2015-01-14 09:07:03','0000-00-00 00:00:00','ISE_PT105_with_BAITS_report_20150114_083943.html','uploads/home/Gts_Tests/PAT/Core/ISE_regression/ISE_PT105_with_BAITS_555_20150114_083943','ISE_PT105_with_BAITS_555_20150114_083943','irqbalance=off,rr=1,wt=15',0,0,NULL,555,60,3),
 (556,526,2,120,0,'2015-01-14 09:13:19','2015-01-14 10:23:21','0000-00-00 00:00:00','OAT_Morning_Rotation_report_20150114_091319.html',NULL,'OAT_Morning_Rotation_556_20150114_091319','Morning Rotation',0,0,NULL,537,60,4),
 (557,528,2,248,0,'2015-01-14 09:26:15','2015-01-14 09:51:41','0000-00-00 00:00:00','ISE_PT105_with_BAITS_report_20150114_092615.html','uploads/home/Gts_Tests/PAT/Core/ISE_regression/ISE_PT105_with_BAITS_557_20150114_092615','ISE_PT105_with_BAITS_557_20150114_092615','irqbalance=off,rr=1,wt=15',0,0,NULL,555,60,3),
 (558,527,2,121,0,'2015-01-14 10:23:21','2015-01-14 10:45:35','0000-00-00 00:00:00','OAT_ISE_Apps_Rotate_All_report_20150114_102321.html',NULL,'OAT_ISE_Apps_Rotate_All_558_20150114_102321','Morning Rotation',0,0,NULL,538,60,4),
 (559,529,2,248,0,'2015-01-14 11:14:35','2015-01-14 11:40:09','0000-00-00 00:00:00','ISE_PT105_with_BAITS_report_20150114_111435.html','uploads/home/Gts_Tests/PAT/Core/ISE_regression/ISE_PT105_with_BAITS_559_20150114_111435','ISE_PT105_with_BAITS_559_20150114_111435','irqbalance=off,rr=1,wt=10, LLM=983040',0,0,NULL,559,60,3),
 (560,530,2,248,0,'2015-01-14 11:56:02','2015-01-14 12:34:41','0000-00-00 00:00:00','ISE_PT105_with_BAITS_report_20150114_115603.html','uploads/home/Gts_Tests/PAT/Core/ISE_regression/ISE_PT105_with_BAITS_560_20150114_115602','ISE_PT105_with_BAITS_560_20150114_115602','irqbalance=off,rr=1,wt=10',0,0,NULL,560,60,3),
 (561,538,2,259,0,'2015-01-14 12:43:17','2015-01-14 12:43:18','0000-00-00 00:00:00','Git_Branch_Checkout_report_20150114_124317.html',NULL,'Git_Branch_Checkout_561_20150114_124317','Auto Trigger Test',0,0,NULL,561,63,2),
 (562,540,2,259,0,'2015-01-14 12:44:21','2015-01-14 12:44:23','0000-00-00 00:00:00','Git_Branch_Checkout_report_20150114_124421.html',NULL,'Git_Branch_Checkout_562_20150114_124421','Auto Trigger Test',0,0,NULL,562,63,4),
 (563,541,3,248,0,'2015-01-14 12:53:50','2015-01-14 13:19:45','0000-00-00 00:00:00','ISE_PT105_with_BAITS_report_20150114_125350.html','uploads/home/Gts_Tests/PAT/Core/ISE_regression/ISE_PT105_with_BAITS_563_20150114_125350','ISE_PT105_with_BAITS_563_20150114_125350','irqbalance=off,rr=1,wt=10',0,0,NULL,560,60,3),
 (564,542,2,248,0,'2015-01-14 13:55:43','2015-01-14 14:21:28','0000-00-00 00:00:00','ISE_PT105_with_BAITS_report_20150114_135543.html','uploads/home/Gts_Tests/PAT/Core/ISE_regression/ISE_PT105_with_BAITS_564_20150114_135543','ISE_PT105_with_BAITS_564_20150114_135543','irqbalance=on,wt=10',0,0,NULL,564,60,3),
 (565,543,3,248,0,'2015-01-14 14:36:30','2015-01-14 15:02:44','0000-00-00 00:00:00','ISE_PT105_with_BAITS_report_20150114_143630.html','uploads/home/Gts_Tests/PAT/Core/ISE_regression/ISE_PT105_with_BAITS_565_20150114_143630','ISE_PT105_with_BAITS_565_20150114_143630','poll_usec=15,poll_spin=1',0,0,NULL,565,60,3),
 (566,544,3,261,0,'2015-01-14 15:08:23','2015-01-14 15:45:52','0000-00-00 00:00:00','ISE_PT105_with_BAITS_Only_GW3_report_20150114_150823.html','uploads/home/Gts_Tests/PAT/Core/ISE_regression/ISE_PT105_with_BAITS_Only_GW3_566_20150114_150823','ISE_PT105_with_BAITS_Only_GW3_566_20150114_150823','poll 1 usec 15 ',0,0,NULL,566,60,3),
 (567,545,3,248,0,'2015-01-14 15:58:14','2015-01-14 16:08:30','0000-00-00 00:00:00','ISE_PT105_with_BAITS_report_20150114_155814.html',NULL,'ISE_PT105_with_BAITS_567_20150114_155814','irqbalance=off,rr=2,wt=10',0,0,NULL,567,60,3),
 (568,546,2,248,0,'2015-01-14 16:13:47','2015-01-14 16:38:51','0000-00-00 00:00:00','ISE_PT105_with_BAITS_report_20150114_161347.html','uploads/home/Gts_Tests/PAT/Core/ISE_regression/ISE_PT105_with_BAITS_568_20150114_161347','ISE_PT105_with_BAITS_568_20150114_161347','irqbalance=off,rr=1,wt=10',0,0,NULL,560,60,3),
 (569,548,2,243,0,'2015-01-14 16:42:02','2015-01-14 17:03:54','0000-00-00 00:00:00','ISE_Intraday_Mixed_Steady_15k_report_20150114_164202.html','uploads/home/Gts_Tests/PAT/Core/ISE_regression/ISE_Intraday_Mixed_Steady_15k_569_20150114_164202','ISE_Intraday_Mixed_Steady_15k_569_20150114_164202','irqbalance=off,wt=10',0,0,NULL,569,60,3),
 (570,549,2,120,0,'2015-01-15 08:51:48','2015-01-15 10:00:48','0000-00-00 00:00:00','OAT_Morning_Rotation_report_20150115_085148.html',NULL,'OAT_Morning_Rotation_570_20150115_085148','Morning Rotation',0,0,NULL,537,60,4),
 (571,550,2,121,0,'2015-01-15 10:00:49','2015-01-15 10:22:50','0000-00-00 00:00:00','OAT_ISE_Apps_Rotate_All_report_20150115_100049.html',NULL,'OAT_ISE_Apps_Rotate_All_571_20150115_100049','Morning Rotation',0,0,NULL,538,60,4),
 (572,551,3,266,0,'2015-01-15 11:18:58','2015-01-15 11:29:21','0000-00-00 00:00:00','ISE_343_IORS_DCA_Core_Gateway_Failure_report_20150115_111858.html',NULL,'ISE_343_IORS_DCA_Core_Gateway_Failure_572_20150115_111858','IORS DCA 3.33.0.2',0,0,NULL,572,60,4),
 (573,552,3,266,0,'2015-01-15 11:38:35','2015-01-15 11:54:36','0000-00-00 00:00:00','ISE_343_IORS_DCA_Core_Gateway_Failure_report_20150115_113835.html',NULL,'ISE_343_IORS_DCA_Core_Gateway_Failure_573_20150115_113835','IORS DCA 3.33.0.2',0,0,NULL,572,60,4),
 (574,553,3,266,0,'2015-01-15 11:59:45','2015-01-15 12:15:30','0000-00-00 00:00:00','ISE_343_IORS_DCA_Core_Gateway_Failure_report_20150115_115945.html',NULL,'ISE_343_IORS_DCA_Core_Gateway_Failure_574_20150115_115945','IORS DCA 3.33.0.2',0,0,NULL,572,60,4),
 (575,554,2,243,0,'2015-01-15 12:03:18','2015-01-15 12:27:10','0000-00-00 00:00:00','ISE_Intraday_Mixed_Steady_15k_report_20150115_120318.html','uploads/home/Gts_Tests/PAT/Core/ISE_regression/ISE_Intraday_Mixed_Steady_15k_575_20150115_120318','ISE_Intraday_Mixed_Steady_15k_575_20150115_120318','rr=1 wt=15 ',0,0,NULL,553,60,3),
 (576,557,3,266,0,'2015-01-15 12:29:45','2015-01-15 12:45:36','0000-00-00 00:00:00','ISE_343_IORS_DCA_Core_Gateway_Failure_report_20150115_122945.html',NULL,'ISE_343_IORS_DCA_Core_Gateway_Failure_576_20150115_122945','IORS DCA 3.33.0.2',0,0,NULL,572,60,4),
 (577,558,2,268,0,'2015-01-15 13:02:00','2015-01-15 13:11:58','0000-00-00 00:00:00','ISE_Intraday_Mixed_Steady_15k_No_Restart_report_20150115_130200.html','uploads/home/Gts_Tests/PAT/Core/ISE_regression/ISE_Intraday_Mixed_Steady_15k_No_Restart_577_20150115_130200','ISE_Intraday_Mixed_Steady_15k_No_Restart_577_20150115_130200','testing new script',0,0,NULL,577,60,3),
 (578,559,2,268,0,'2015-01-15 14:00:27','2015-01-15 14:10:25','0000-00-00 00:00:00','ISE_Intraday_Mixed_Steady_15k_No_Restart_report_20150115_140028.html','uploads/home/Gts_Tests/PAT/Core/ISE_regression/ISE_Intraday_Mixed_Steady_15k_No_Restart_578_20150115_140027','ISE_Intraday_Mixed_Steady_15k_No_Restart_578_20150115_140027','testing new script',0,0,NULL,577,60,3),
 (579,560,2,268,0,'2015-01-15 14:37:15','2015-01-15 14:47:09','0000-00-00 00:00:00','ISE_Intraday_Mixed_Steady_15k_No_Restart_report_20150115_143715.html','uploads/home/Gts_Tests/PAT/Core/ISE_regression/ISE_Intraday_Mixed_Steady_15k_No_Restart_579_20150115_143715','ISE_Intraday_Mixed_Steady_15k_No_Restart_579_20150115_143715','testing new script',0,0,NULL,577,60,3),
 (580,561,2,268,0,'2015-01-15 15:09:04','2015-01-15 15:19:02','0000-00-00 00:00:00','ISE_Intraday_Mixed_Steady_15k_No_Restart_report_20150115_150904.html','uploads/home/Gts_Tests/PAT/Core/ISE_regression/ISE_Intraday_Mixed_Steady_15k_No_Restart_580_20150115_150904','ISE_Intraday_Mixed_Steady_15k_No_Restart_580_20150115_150904','testing new script',0,0,NULL,577,60,3),
 (581,562,3,268,0,'2015-01-15 16:14:33','2015-01-15 16:16:37','0000-00-00 00:00:00','ISE_Intraday_Mixed_Steady_15k_No_Restart_report_20150115_161434.html',NULL,'ISE_Intraday_Mixed_Steady_15k_No_Restart_581_20150115_161433','testing new script',0,0,NULL,577,60,3),
 (582,563,3,268,0,'2015-01-15 16:16:37','2015-01-15 16:18:41','0000-00-00 00:00:00','ISE_Intraday_Mixed_Steady_15k_No_Restart_report_20150115_161637.html',NULL,'ISE_Intraday_Mixed_Steady_15k_No_Restart_582_20150115_161637','testing new script',0,0,NULL,577,60,3),
 (583,564,3,243,0,'2015-01-15 16:18:41','2015-01-15 16:28:33','0000-00-00 00:00:00','ISE_Intraday_Mixed_Steady_15k_report_20150115_161841.html',NULL,'ISE_Intraday_Mixed_Steady_15k_583_20150115_161841','baseline after irq moves',0,0,NULL,583,60,3),
 (584,566,2,243,0,'2015-01-15 17:00:48','2015-01-15 17:22:02','0000-00-00 00:00:00','ISE_Intraday_Mixed_Steady_15k_report_20150115_170048.html','uploads/home/Gts_Tests/PAT/Core/ISE_regression/ISE_Intraday_Mixed_Steady_15k_584_20150115_170048','ISE_Intraday_Mixed_Steady_15k_584_20150115_170048','baseline after irq moves',0,0,NULL,583,60,3),
 (586,568,4,258,0,'2015-01-15 18:03:36','2015-01-15 22:00:00','0000-00-00 00:00:00',NULL,NULL,'Call_Jenkins_Functional_Regression_586_20150115_180336','SIT Regression',0,0,NULL,586,66,1),
 (587,572,2,243,0,'2015-01-16 09:22:03','2015-01-16 09:46:00','0000-00-00 00:00:00','ISE_Intraday_Mixed_Steady_15k_report_20150116_092204.html','uploads/home/Gts_Tests/PAT/Core/ISE_regression/ISE_Intraday_Mixed_Steady_15k_587_20150116_092203','ISE_Intraday_Mixed_Steady_15k_587_20150116_092203','baseline after irq moves',0,0,NULL,583,60,3),
 (588,573,2,269,0,'2015-01-16 10:43:20','2015-01-16 11:04:41','0000-00-00 00:00:00','ISE_Intraday_Mixed_Steady_15k_Only_GW1_and_GW2_report_20150116_104321.html','uploads/home/Gts_Tests/PAT/Core/ISE_regression/ISE_Intraday_Mixed_Steady_15k_Only_GW1_and_GW2_588_20150116_104320','ISE_Intraday_Mixed_Steady_15k_Only_GW1_and_GW2_588_20150116_104320','Comparison Baseline G8v1 No Solarflare',0,0,NULL,588,60,3),
 (589,575,2,243,0,'2015-01-16 13:50:01','2015-01-16 14:11:27','0000-00-00 00:00:00','ISE_Intraday_Mixed_Steady_15k_report_20150116_135001.html','uploads/home/Gts_Tests/PAT/Core/ISE_regression/ISE_Intraday_Mixed_Steady_15k_589_20150116_135001','ISE_Intraday_Mixed_Steady_15k_589_20150116_135001','baseline after irq moves',0,0,NULL,583,60,3),
 (590,577,3,119,0,'2015-01-16 14:49:50','2015-01-16 15:15:10','0000-00-00 00:00:00','OAT_Full_Core_Rotation_report_20150116_144950.html',NULL,'OAT_Full_Core_Rotation_590_20150116_144950','Auto Trigger Test',0,0,NULL,590,66,4),
 (591,579,2,268,0,'2015-01-16 15:12:00','2015-01-16 15:22:01','0000-00-00 00:00:00','ISE_Intraday_Mixed_Steady_15k_No_Restart_report_20150116_151200.html','uploads/home/Gts_Tests/PAT/Core/ISE_regression/ISE_Intraday_Mixed_Steady_15k_No_Restart_591_20150116_151200','ISE_Intraday_Mixed_Steady_15k_No_Restart_591_20150116_151200','kernel 3.8 Rt ',0,0,NULL,591,66,3),
 (592,580,2,248,0,'2015-01-16 15:26:17','2015-01-16 15:51:23','0000-00-00 00:00:00','ISE_PT105_with_BAITS_report_20150116_152617.html','uploads/home/Gts_Tests/PAT/Core/ISE_regression/ISE_PT105_with_BAITS_592_20150116_152617','ISE_PT105_with_BAITS_592_20150116_152617','rt 3.8',0,0,NULL,592,66,3),
 (593,581,3,124,0,'2015-01-16 16:41:46','2015-01-16 16:41:55','0000-00-00 00:00:00','Core_Health_Check_report_20150116_164146.html',NULL,'Core_Health_Check_593_20150116_164146','Health Check',0,0,NULL,593,66,4),
 (594,583,2,268,0,'2015-01-16 16:47:38','2015-01-16 16:57:45','0000-00-00 00:00:00','ISE_Intraday_Mixed_Steady_15k_No_Restart_report_20150116_164738.html','uploads/home/Gts_Tests/PAT/Core/ISE_regression/ISE_Intraday_Mixed_Steady_15k_No_Restart_594_20150116_164738','ISE_Intraday_Mixed_Steady_15k_No_Restart_594_20150116_164738','isolcpu=0 rt=3.8',0,0,NULL,594,60,3),
 (595,584,2,2,0,'2015-01-16 17:04:12','2015-01-16 17:04:42','0000-00-00 00:00:00','OAT_Troubleshooting_1_report_20150116_170412.html',NULL,'OAT_Troubleshooting_1_595_20150116_170412','Susp Test',0,0,NULL,595,66,4),
 (596,585,2,2,0,'2015-01-16 17:11:22','2015-01-16 17:11:52','0000-00-00 00:00:00','OAT_Troubleshooting_1_report_20150116_171122.html',NULL,'OAT_Troubleshooting_1_596_20150116_171122','susp test',0,0,NULL,596,66,4),
 (597,586,2,2,0,'2015-01-16 17:12:54','2015-01-16 17:13:25','0000-00-00 00:00:00','OAT_Troubleshooting_1_report_20150116_171254.html',NULL,'OAT_Troubleshooting_1_597_20150116_171254','susp test',0,0,NULL,597,66,4),
 (598,587,2,2,0,'2015-01-16 17:13:54','2015-01-16 17:14:25','0000-00-00 00:00:00','OAT_Troubleshooting_1_report_20150116_171354.html',NULL,'OAT_Troubleshooting_1_598_20150116_171354','susp',0,0,NULL,598,66,4),
 (599,592,2,259,0,'2015-01-16 23:56:46','2015-01-16 23:56:47','0000-00-00 00:00:00','Git_Branch_Checkout_report_20150116_235646.html',NULL,'Git_Branch_Checkout_599_20150116_235646','Auto Trigger Test',0,0,NULL,599,67,2),
 (600,594,5,119,0,'2015-01-17 00:10:54','2015-01-17 00:11:20','0000-00-00 00:00:00','None',NULL,'OAT_Full_Core_Rotation_600_20150117_001054','Update etcd repo name',0,0,NULL,600,66,4),
 (601,597,2,259,0,'2015-01-17 00:16:04','2015-01-17 00:16:04','0000-00-00 00:00:00','Git_Branch_Checkout_report_20150117_001604.html',NULL,'Git_Branch_Checkout_601_20150117_001604','Auto Trigger Test',0,0,NULL,601,67,2),
 (602,595,2,259,0,'2015-01-17 00:16:26','2015-01-17 00:16:27','0000-00-00 00:00:00','Git_Branch_Checkout_report_20150117_001626.html',NULL,'Git_Branch_Checkout_602_20150117_001626','Auto Trigger Test',0,0,NULL,602,67,4),
 (603,595,3,124,0,'2015-01-17 00:16:27','2015-01-17 00:16:28','0000-00-00 00:00:00','Core_Health_Check_report_20150117_001627.html',NULL,'Core_Health_Check_603_20150117_001627','Auto Trigger Test',0,0,NULL,603,67,4),
 (604,598,2,120,0,'2015-01-17 00:30:20','2015-01-17 01:42:34','0000-00-00 00:00:00','OAT_Morning_Rotation_report_20150117_003020.html',NULL,'OAT_Morning_Rotation_604_20150117_003020','Morning Rotation',0,0,NULL,604,66,4),
 (605,598,2,121,0,'2015-01-17 01:42:34','2015-01-17 02:04:19','0000-00-00 00:00:00','OAT_ISE_Apps_Rotate_All_report_20150117_014234.html',NULL,'OAT_ISE_Apps_Rotate_All_605_20150117_014234','Morning Rotation',0,0,NULL,605,66,4),
 (606,599,2,54,0,'2015-01-17 02:04:20','2015-01-17 02:50:14','0000-00-00 00:00:00','OAT_81_RefData_ME_Failure_report_20150117_020420.html',NULL,'OAT_81_RefData_ME_Failure_606_20150117_020420','Full Core Regression',0,0,NULL,606,66,4),
 (607,599,2,55,0,'2015-01-17 02:50:14','2015-01-17 02:55:22','0000-00-00 00:00:00','OAT_82_RefData_Gateway_Failure_report_20150117_025014.html',NULL,'OAT_82_RefData_Gateway_Failure_607_20150117_025014','Full Core Regression',0,0,NULL,607,66,4),
 (608,599,2,61,0,'2015-01-17 02:55:22','2015-01-17 03:43:33','0000-00-00 00:00:00','Core_431_Matcher_Leader_Failover_report_20150117_025522.html',NULL,'Core_431_Matcher_Leader_Failover_608_20150117_025522','Full Core Regression',0,0,NULL,608,66,4),
 (609,599,2,62,0,'2015-01-17 03:43:34','2015-01-17 04:20:00','0000-00-00 00:00:00','Core_432_Pope_Leader_Failover_report_20150117_034334.html',NULL,'Core_432_Pope_Leader_Failover_609_20150117_034334','Full Core Regression',0,0,NULL,609,66,4),
 (610,599,2,63,0,'2015-01-17 04:20:00','2015-01-17 05:03:39','0000-00-00 00:00:00','Core_433_RIB_Leader_Failover_report_20150117_042000.html',NULL,'Core_433_RIB_Leader_Failover_610_20150117_042000','Full Core Regression',0,0,NULL,610,66,4),
 (611,599,2,64,0,'2015-01-17 05:03:39','2015-01-17 05:38:47','0000-00-00 00:00:00','Core_434_MDD_Leader_Failover_report_20150117_050339.html',NULL,'Core_434_MDD_Leader_Failover_611_20150117_050339','Full Core Regression',0,0,NULL,611,66,4),
 (612,599,2,65,0,'2015-01-17 05:38:47','2015-01-17 06:23:47','0000-00-00 00:00:00','Core_435_Audit_Trail_Leader_Failover_report_20150117_053847.html',NULL,'Core_435_Audit_Trail_Leader_Failover_612_20150117_053847','Full Core Regression',0,0,NULL,612,66,4),
 (613,599,2,66,0,'2015-01-17 06:23:47','2015-01-17 06:35:37','0000-00-00 00:00:00','Core_436_TM_Failover_report_20150117_062347.html',NULL,'Core_436_TM_Failover_613_20150117_062347','Full Core Regression',0,0,NULL,613,66,4),
 (614,599,2,67,0,'2015-01-17 06:35:37','2015-01-17 06:52:55','0000-00-00 00:00:00','Core_438_System_Monitor_Failover_report_20150117_063537.html',NULL,'Core_438_System_Monitor_Failover_614_20150117_063537','Full Core Regression',0,0,NULL,614,66,4),
 (615,599,2,68,0,'2015-01-17 06:52:55','2015-01-17 06:57:23','0000-00-00 00:00:00','Core_439_System_Controller_Failover_report_20150117_065255.html',NULL,'Core_439_System_Controller_Failover_615_20150117_065255','Full Core Regression',0,0,NULL,615,66,4),
 (616,599,2,69,0,'2015-01-17 06:57:23','2015-01-17 07:13:13','0000-00-00 00:00:00','Core_440_Session_Manager_Failover_report_20150117_065723.html',NULL,'Core_440_Session_Manager_Failover_616_20150117_065723','Full Core Regression',0,0,NULL,616,66,4),
 (617,599,2,70,0,'2015-01-17 07:13:13','2015-01-17 07:31:34','0000-00-00 00:00:00','Core_457_Status_Manager_Failover_report_20150117_071313.html',NULL,'Core_457_Status_Manager_Failover_617_20150117_071313','Full Core Regression',0,0,NULL,617,66,4),
 (618,600,3,72,0,'2015-01-17 07:31:34','2015-01-17 07:33:28','0000-00-00 00:00:00','Core_416_DB_Cleanups_report_20150117_073134.html',NULL,'Core_416_DB_Cleanups_618_20150117_073134','Full Core Regression',0,0,NULL,618,66,4),
 (619,600,2,73,0,'2015-01-17 07:33:28','2015-01-17 08:12:13','0000-00-00 00:00:00','Core_417_SetPartitionSync_Wait_and_Release_report_20150117_073328.html',NULL,'Core_417_SetPartitionSync_Wait_and_Release_619_20150117_073328','Full Core Regression',0,0,NULL,619,66,4),
 (620,600,2,74,0,'2015-01-17 08:12:13','2015-01-17 08:12:28','0000-00-00 00:00:00','Core_418_Gateway_Authentication_report_20150117_081213.html',NULL,'Core_418_Gateway_Authentication_620_20150117_081213','Full Core Regression',0,0,NULL,620,66,4),
 (621,600,3,76,0,'2015-01-17 08:12:29','2015-01-17 09:04:26','0000-00-00 00:00:00','Core_424_System_Startup_Shutdown_report_20150117_081229.html',NULL,'Core_424_System_Startup_Shutdown_621_20150117_081229','Full Core Regression',0,0,NULL,621,66,4),
 (622,600,2,77,0,'2015-01-17 09:04:26','2015-01-17 09:45:24','0000-00-00 00:00:00','Core_426_dbsync_dbcheck_Local_DBs_report_20150117_090426.html',NULL,'Core_426_dbsync_dbcheck_Local_DBs_622_20150117_090426','Full Core Regression',0,0,NULL,622,66,4),
 (623,600,2,78,0,'2015-01-17 09:45:24','2015-01-17 09:46:12','0000-00-00 00:00:00','Core_427_uCheck_Functionality_report_20150117_094524.html',NULL,'Core_427_uCheck_Functionality_623_20150117_094524','Full Core Regression',0,0,NULL,623,66,4),
 (624,600,2,79,0,'2015-01-17 09:46:12','2015-01-17 09:46:26','0000-00-00 00:00:00','Core_500_MG_Session_Manager_Load_Balancing_report_20150117_094612.html',NULL,'Core_500_MG_Session_Manager_Load_Balancing_624_20150117_094612','Full Core Regression',0,0,NULL,624,66,4),
 (625,600,2,212,0,'2015-01-17 09:46:26','2015-01-17 09:46:35','0000-00-00 00:00:00','Core_606_LLO_Connecting_to_LLO_via_Non_CGW_report_20150117_094626.html',NULL,'Core_606_LLO_Connecting_to_LLO_via_Non_CGW_625_20150117_094626','Full Core Regression',0,0,NULL,625,66,4),
 (626,601,2,91,0,'2015-01-17 09:46:35','2015-01-17 10:23:12','0000-00-00 00:00:00','OAT_55_24h_Cycle_BC_Trade_Open_Failure_report_20150117_094635.html',NULL,'OAT_55_24h_Cycle_BC_Trade_Open_Failure_626_20150117_094635','Full Core Regression',0,0,NULL,626,66,4),
 (627,601,2,92,0,'2015-01-17 10:23:12','2015-01-17 10:58:50','0000-00-00 00:00:00','OAT_56_24h_Cycle_BC_Order_Open_Failure_report_20150117_102312.html',NULL,'OAT_56_24h_Cycle_BC_Order_Open_Failure_627_20150117_102312','Full Core Regression',0,0,NULL,627,66,4),
 (628,601,2,93,0,'2015-01-17 10:58:50','2015-01-17 11:54:48','0000-00-00 00:00:00','OAT_57_24h_Cycle_Matcher_Release_Failure_report_20150117_105850.html',NULL,'OAT_57_24h_Cycle_Matcher_Release_Failure_628_20150117_105850','Full Core Regression',0,0,NULL,628,66,4),
 (629,601,2,94,0,'2015-01-17 11:54:48','2015-01-17 12:31:05','0000-00-00 00:00:00','OAT_58_24h_Cycle_Trading_Start_of_Day_Failure_report_20150117_115448.html',NULL,'OAT_58_24h_Cycle_Trading_Start_of_Day_Failure_629_20150117_115448','Full Core Regression',0,0,NULL,629,66,4),
 (630,601,2,95,0,'2015-01-17 12:31:05','2015-01-17 13:08:38','0000-00-00 00:00:00','OAT_62_24h_Cycle_Trading_Open_Failure_report_20150117_123105.html',NULL,'OAT_62_24h_Cycle_Trading_Open_Failure_630_20150117_123105','Full Core Regression',0,0,NULL,630,66,4),
 (631,601,2,96,0,'2015-01-17 13:08:38','2015-01-17 13:46:04','0000-00-00 00:00:00','OAT_63_24h_Cycle_Trading_Open_Failure_report_20150117_130838.html',NULL,'OAT_63_24h_Cycle_Trading_Open_Failure_631_20150117_130838','Full Core Regression',0,0,NULL,631,66,4),
 (632,601,2,97,0,'2015-01-17 13:46:04','2015-01-17 14:21:38','0000-00-00 00:00:00','OAT_68_24h_Cycle_Trading_Post_End_of_Day_Failure_report_20150117_134604.html',NULL,'OAT_68_24h_Cycle_Trading_Post_End_of_Day_Failure_632_20150117_134604','Full Core Regression',0,0,NULL,632,66,4),
 (633,601,2,98,0,'2015-01-17 14:21:39','2015-01-17 15:11:35','0000-00-00 00:00:00','OAT_77_24h_Cycle_System_Monitor_Failure_report_20150117_142139.html',NULL,'OAT_77_24h_Cycle_System_Monitor_Failure_633_20150117_142139','Full Core Regression',0,0,NULL,633,66,4),
 (634,601,2,99,0,'2015-01-17 15:11:35','2015-01-17 15:32:38','0000-00-00 00:00:00','OAT_79_24h_Cycle_Cross_DBs_Failure_report_20150117_151135.html',NULL,'OAT_79_24h_Cycle_Cross_DBs_Failure_634_20150117_151135','Full Core Regression',0,0,NULL,634,66,4),
 (635,601,3,100,0,'2015-01-17 15:32:38','2015-01-17 16:05:23','0000-00-00 00:00:00','OAT_20_Gateway_Failure_report_20150117_153238.html',NULL,'OAT_20_Gateway_Failure_635_20150117_153238','Full Core Regression',0,0,NULL,635,66,4),
 (636,601,2,101,0,'2015-01-17 16:05:23','2015-01-17 16:42:02','0000-00-00 00:00:00','OAT_21_ME_Failover_report_20150117_160524.html',NULL,'OAT_21_ME_Failover_636_20150117_160523','Full Core Regression',0,0,NULL,636,66,4),
 (637,601,3,102,0,'2015-01-17 16:42:02','2015-01-17 17:31:32','0000-00-00 00:00:00','OAT_30_Mdd_Failover_report_20150117_164202.html',NULL,'OAT_30_Mdd_Failover_637_20150117_164202','Full Core Regression',0,0,NULL,637,66,4),
 (638,601,2,104,0,'2015-01-17 17:31:32','2015-01-17 18:14:46','0000-00-00 00:00:00','OAT_38_ME_Failure_report_20150117_173132.html',NULL,'OAT_38_ME_Failure_638_20150117_173132','Full Core Regression',0,0,NULL,638,66,4),
 (639,601,3,105,0,'2015-01-17 18:14:46','2015-01-17 19:04:07','0000-00-00 00:00:00','OAT_39_Mdd_Failure_report_20150117_181446.html',NULL,'OAT_39_Mdd_Failure_639_20150117_181446','Full Core Regression',0,0,NULL,639,66,4),
 (640,601,3,225,0,'2015-01-17 19:04:07','2015-01-17 19:15:49','0000-00-00 00:00:00','Core_607_MDMDB_Cleanup_report_20150117_190407.html',NULL,'Core_607_MDMDB_Cleanup_640_20150117_190407','Full Core Regression',0,0,NULL,640,66,4),
 (641,602,3,110,0,'2015-01-17 19:15:50','2015-01-17 19:49:08','0000-00-00 00:00:00','OAT_83_RefData_Base_Line_report_20150117_191550.html',NULL,'OAT_83_RefData_Base_Line_641_20150117_191550','Full Core Regression',0,0,NULL,641,66,4),
 (642,602,3,111,0,'2015-01-17 19:49:08','2015-01-17 20:09:32','0000-00-00 00:00:00','OAT_84_RefData_Pope_Failure_report_20150117_194908.html',NULL,'OAT_84_RefData_Pope_Failure_642_20150117_194908','Full Core Regression',0,0,NULL,642,66,4),
 (643,602,3,112,0,'2015-01-17 20:09:32','2015-01-17 21:11:54','0000-00-00 00:00:00','OAT_85_RefData_RdaIB_Failure_report_20150117_200932.html',NULL,'OAT_85_RefData_RdaIB_Failure_643_20150117_200932','Full Core Regression',0,0,NULL,643,66,4),
 (644,602,2,113,0,'2015-01-17 21:11:54','2015-01-17 22:06:23','0000-00-00 00:00:00','OAT_86_RefData_ActiveMQ_Failure_report_20150117_211154.html',NULL,'OAT_86_RefData_ActiveMQ_Failure_644_20150117_211154','Full Core Regression',0,0,NULL,644,66,4),
 (645,602,2,114,0,'2015-01-17 22:06:23','2015-01-17 22:49:30','0000-00-00 00:00:00','OAT_87_RefData_Jboss_Failure_report_20150117_220623.html',NULL,'OAT_87_RefData_Jboss_Failure_645_20150117_220623','Full Core Regression',0,0,NULL,645,66,4),
 (646,602,2,115,0,'2015-01-17 22:49:30','2015-01-17 23:48:00','0000-00-00 00:00:00','OAT_88_RefData_RdaOB_Failure_report_20150117_224930.html',NULL,'OAT_88_RefData_RdaOB_Failure_646_20150117_224930','Full Core Regression',0,0,NULL,646,66,4),
 (647,602,2,116,0,'2015-01-17 23:48:00','2015-01-18 00:27:10','0000-00-00 00:00:00','OAT_89_RefData_Rdd_Failure_report_20150117_234800.html',NULL,'OAT_89_RefData_Rdd_Failure_647_20150117_234800','Full Core Regression',0,0,NULL,647,66,4),
 (648,602,3,117,0,'2015-01-18 00:27:10','2015-01-18 00:28:01','0000-00-00 00:00:00','OAT_93_eventCheck_Functionality_report_20150118_002710.html',NULL,'OAT_93_eventCheck_Functionality_648_20150118_002710','Full Core Regression',0,0,NULL,648,66,4),
 (649,602,2,118,0,'2015-01-18 00:28:01','2015-01-18 00:29:35','0000-00-00 00:00:00','OAT_94_piCheck_Functionality_report_20150118_002801.html',NULL,'OAT_94_piCheck_Functionality_649_20150118_002801','Full Core Regression',0,0,NULL,649,66,4),
 (650,602,2,250,0,'2015-01-18 00:29:35','2015-01-18 00:29:42','0000-00-00 00:00:00','Core_634_Gateway_Reject_NonPersistent_GTCD_report_20150118_002935.html',NULL,'Core_634_Gateway_Reject_NonPersistent_GTCD_650_20150118_002935','Full Core Regression',0,0,NULL,650,66,4),
 (651,602,2,251,0,'2015-01-18 00:29:42','2015-01-18 00:30:04','0000-00-00 00:00:00','OAT_104_sendcreatedevent_Functionality_report_20150118_002942.html',NULL,'OAT_104_sendcreatedevent_Functionality_651_20150118_002942','Full Core Regression',0,0,NULL,651,66,4),
 (652,602,2,71,0,'2015-01-18 00:30:04','2015-01-18 01:04:27','0000-00-00 00:00:00','Core_415_Change_Product_State_Script_report_20150118_003004.html',NULL,'Core_415_Change_Product_State_Script_652_20150118_003004','Full Core Regression',0,0,NULL,652,66,4),
 (653,602,2,75,0,'2015-01-18 01:04:27','2015-01-18 01:11:01','0000-00-00 00:00:00','Core_419_Scheduler_Event_Pause_Resume_report_20150118_010427.html',NULL,'Core_419_Scheduler_Event_Pause_Resume_653_20150118_010427','Full Core Regression',0,0,NULL,653,66,4),
 (654,603,2,120,0,'2015-01-18 19:41:42','2015-01-18 20:45:47','0000-00-00 00:00:00','OAT_Morning_Rotation_report_20150118_194142.html',NULL,'OAT_Morning_Rotation_654_20150118_194142','Morning Rotation',0,0,NULL,654,66,4),
 (655,604,3,72,0,'2015-01-18 20:45:47','2015-01-18 20:52:46','0000-00-00 00:00:00','Core_416_DB_Cleanups_report_20150118_204547.html',NULL,'Core_416_DB_Cleanups_655_20150118_204547','Full Core Regression',0,0,NULL,618,66,4),
 (656,605,2,100,0,'2015-01-18 20:52:46','2015-01-18 21:30:25','0000-00-00 00:00:00','OAT_20_Gateway_Failure_report_20150118_205247.html',NULL,'OAT_20_Gateway_Failure_656_20150118_205246','Full Core Regression',0,0,NULL,635,66,4),
 (657,606,2,110,0,'2015-01-18 21:30:25','2015-01-18 21:35:08','0000-00-00 00:00:00','OAT_83_RefData_Base_Line_report_20150118_213026.html',NULL,'OAT_83_RefData_Base_Line_657_20150118_213025','Full Core Regression',0,0,NULL,641,66,4),
 (658,607,2,111,0,'2015-01-18 21:35:08','2015-01-18 21:59:29','0000-00-00 00:00:00','OAT_84_RefData_Pope_Failure_report_20150118_213508.html',NULL,'OAT_84_RefData_Pope_Failure_658_20150118_213508','Full Core Regression',0,0,NULL,642,66,4),
 (659,608,2,112,0,'2015-01-18 21:59:30','2015-01-18 23:06:06','0000-00-00 00:00:00','OAT_85_RefData_RdaIB_Failure_report_20150118_215930.html',NULL,'OAT_85_RefData_RdaIB_Failure_659_20150118_215930','Full Core Regression',0,0,NULL,643,66,4),
 (660,609,2,117,0,'2015-01-18 23:06:06','2015-01-18 23:07:25','0000-00-00 00:00:00','OAT_93_eventCheck_Functionality_report_20150118_230606.html',NULL,'OAT_93_eventCheck_Functionality_660_20150118_230606','Full Core Regression',0,0,NULL,648,66,4),
 (661,610,3,57,0,'2015-01-20 10:33:06','2015-01-20 10:49:34','0000-00-00 00:00:00','Rotate_IORS_No_Throttle_report_20150120_103306.html',NULL,'Rotate_IORS_No_Throttle_661_20150120_103306','Rotate IORS',0,0,NULL,661,60,3),
 (662,613,3,57,0,'2015-01-20 12:40:04','2015-01-20 12:59:13','0000-00-00 00:00:00','Rotate_IORS_No_Throttle_report_20150120_124004.html',NULL,'Rotate_IORS_No_Throttle_662_20150120_124004','Rotate IORS',0,0,NULL,662,60,3),
 (663,620,2,120,0,'2015-01-20 21:37:21','2015-01-20 22:41:19','0000-00-00 00:00:00','OAT_Morning_Rotation_report_20150120_213721.html',NULL,'OAT_Morning_Rotation_663_20150120_213721','Deployment',0,0,NULL,663,66,4),
 (664,621,2,120,0,'2015-01-21 08:23:28','2015-01-21 09:25:38','0000-00-00 00:00:00','OAT_Morning_Rotation_report_20150121_082328.html',NULL,'OAT_Morning_Rotation_664_20150121_082328','Morning Rotation',0,0,NULL,654,66,4),
 (665,622,2,121,0,'2015-01-21 09:25:39','2015-01-21 09:49:37','0000-00-00 00:00:00','OAT_ISE_Apps_Rotate_All_report_20150121_092539.html',NULL,'OAT_ISE_Apps_Rotate_All_665_20150121_092539','Morning Rotation',0,0,NULL,605,66,4),
 (666,623,2,268,0,'2015-01-21 11:11:02','2015-01-21 11:18:58','0000-00-00 00:00:00','ISE_Intraday_Mixed_Steady_15k_No_Restart_report_20150121_111102.html','uploads/home/Gts_Tests/PAT/Core/ISE_regression/ISE_Intraday_Mixed_Steady_15k_No_Restart_666_20150121_111102','ISE_Intraday_Mixed_Steady_15k_No_Restart_666_20150121_111102','Baseline rt 3.8',0,0,NULL,666,60,3),
 (667,624,2,243,0,'2015-01-21 11:18:58','2015-01-21 11:42:57','0000-00-00 00:00:00','ISE_Intraday_Mixed_Steady_15k_report_20150121_111858.html','uploads/home/Gts_Tests/PAT/Core/ISE_regression/ISE_Intraday_Mixed_Steady_15k_667_20150121_111858','ISE_Intraday_Mixed_Steady_15k_667_20150121_111858','Baseline rt 3.8',0,0,NULL,667,60,3),
 (668,631,2,124,0,'2015-01-21 16:16:07','2015-01-21 16:18:38','0000-00-00 00:00:00','Core_Health_Check_report_20150121_161607.html',NULL,'Core_Health_Check_668_20150121_161607','Health Check',0,0,NULL,593,66,4),
 (669,635,3,259,0,'2015-01-21 16:29:17','2015-01-21 16:29:18','0000-00-00 00:00:00','Git_Branch_Checkout_report_20150121_162917.html',NULL,'Git_Branch_Checkout_669_20150121_162917','Auto Trigger Test',0,0,NULL,669,68,9),
 (670,639,2,259,0,'2015-01-21 16:50:53','2015-01-21 16:50:53','0000-00-00 00:00:00','Git_Branch_Checkout_report_20150121_165053.html',NULL,'Git_Branch_Checkout_670_20150121_165053','Auto Trigger Test',0,0,NULL,670,69,9),
 (671,643,2,259,0,'2015-01-21 17:21:47','2015-01-21 17:21:47','0000-00-00 00:00:00','Git_Branch_Checkout_report_20150121_172147.html',NULL,'Git_Branch_Checkout_671_20150121_172147','Auto Trigger Test',0,0,NULL,671,69,9),
 (672,642,2,259,0,'2015-01-21 17:21:58','2015-01-21 17:21:58','0000-00-00 00:00:00','Git_Branch_Checkout_report_20150121_172158.html',NULL,'Git_Branch_Checkout_672_20150121_172158','Auto Trigger Test',0,0,NULL,672,69,2),
 (673,647,2,259,0,'2015-01-21 17:26:54','2015-01-21 17:26:54','0000-00-00 00:00:00','Git_Branch_Checkout_report_20150121_172654.html',NULL,'Git_Branch_Checkout_673_20150121_172654','Auto Trigger Test',0,0,NULL,673,69,9),
 (674,646,2,259,0,'2015-01-21 17:27:22','2015-01-21 17:27:22','0000-00-00 00:00:00','Git_Branch_Checkout_report_20150121_172722.html',NULL,'Git_Branch_Checkout_674_20150121_172722','Auto Trigger Test',0,0,NULL,674,69,2),
 (675,648,3,220,0,'2015-01-21 18:44:35','2015-01-21 18:46:42','0000-00-00 00:00:00','ISE_295_Config_Client_Cmd_Line_Export_Instance_report_20150121_184435.html',NULL,'ISE_295_Config_Client_Cmd_Line_Export_Instance_675_20150121_184435','Config Client 10.0.3.2',0,0,NULL,675,66,4),
 (676,648,3,223,0,'2015-01-21 18:46:42','2015-01-21 18:48:20','0000-00-00 00:00:00','ISE_297_Config_Client_Cmd_Line_Negative_Type_report_20150121_184642.html',NULL,'ISE_297_Config_Client_Cmd_Line_Negative_Type_676_20150121_184642','Config Client 10.0.3.2',0,0,NULL,676,66,4),
 (677,648,3,221,0,'2015-01-21 18:48:20','2015-01-21 18:50:01','0000-00-00 00:00:00','ISE_298_Config_Client_Cmd_Line_Export_All_report_20150121_184820.html',NULL,'ISE_298_Config_Client_Cmd_Line_Export_All_677_20150121_184820','Config Client 10.0.3.2',0,0,NULL,677,66,4),
 (678,648,3,222,0,'2015-01-21 18:50:01','2015-01-21 18:51:39','0000-00-00 00:00:00','ISE_299_Config_Client_Cmd_Line_Negative_Tags_report_20150121_185001.html',NULL,'ISE_299_Config_Client_Cmd_Line_Negative_Tags_678_20150121_185001','Config Client 10.0.3.2',0,0,NULL,678,66,4),
 (679,648,3,224,0,'2015-01-21 18:51:39','2015-01-21 18:53:17','0000-00-00 00:00:00','ISE_300_Config_Client_Cmd_Line_Negative_TagName_report_20150121_185139.html',NULL,'ISE_300_Config_Client_Cmd_Line_Negative_TagName_679_20150121_185139','Config Client 10.0.3.2',0,0,NULL,679,66,4),
 (680,649,3,220,0,'2015-01-21 20:27:57','2015-01-21 20:29:55','0000-00-00 00:00:00','ISE_295_Config_Client_Cmd_Line_Export_Instance_report_20150121_202757.html',NULL,'ISE_295_Config_Client_Cmd_Line_Export_Instance_680_20150121_202757','Config Client 10.0.3.2',0,0,NULL,675,66,4),
 (681,650,3,223,0,'2015-01-21 20:29:55','2015-01-21 20:31:33','0000-00-00 00:00:00','ISE_297_Config_Client_Cmd_Line_Negative_Type_report_20150121_202955.html',NULL,'ISE_297_Config_Client_Cmd_Line_Negative_Type_681_20150121_202955','Config Client 10.0.3.2',0,0,NULL,676,66,4),
 (682,651,3,221,0,'2015-01-21 20:31:33','2015-01-21 20:33:12','0000-00-00 00:00:00','ISE_298_Config_Client_Cmd_Line_Export_All_report_20150121_203133.html',NULL,'ISE_298_Config_Client_Cmd_Line_Export_All_682_20150121_203133','Config Client 10.0.3.2',0,0,NULL,677,66,4),
 (683,652,3,222,0,'2015-01-21 20:33:12','2015-01-21 20:34:51','0000-00-00 00:00:00','ISE_299_Config_Client_Cmd_Line_Negative_Tags_report_20150121_203312.html',NULL,'ISE_299_Config_Client_Cmd_Line_Negative_Tags_683_20150121_203312','Config Client 10.0.3.2',0,0,NULL,678,66,4),
 (684,653,3,224,0,'2015-01-21 20:34:51','2015-01-21 20:36:29','0000-00-00 00:00:00','ISE_300_Config_Client_Cmd_Line_Negative_TagName_report_20150121_203451.html',NULL,'ISE_300_Config_Client_Cmd_Line_Negative_TagName_684_20150121_203451','Config Client 10.0.3.2',0,0,NULL,679,66,4),
 (685,654,2,220,0,'2015-01-21 20:46:40','2015-01-21 20:48:35','0000-00-00 00:00:00','ISE_295_Config_Client_Cmd_Line_Export_Instance_report_20150121_204640.html',NULL,'ISE_295_Config_Client_Cmd_Line_Export_Instance_685_20150121_204640','Config Client 10.0.3.2',0,0,NULL,675,66,4),
 (686,655,3,223,0,'2015-01-21 20:48:35','2015-01-21 20:50:13','0000-00-00 00:00:00','ISE_297_Config_Client_Cmd_Line_Negative_Type_report_20150121_204835.html',NULL,'ISE_297_Config_Client_Cmd_Line_Negative_Type_686_20150121_204835','Config Client 10.0.3.2',0,0,NULL,676,66,4),
 (687,656,2,221,0,'2015-01-21 20:50:13','2015-01-21 20:52:04','0000-00-00 00:00:00','ISE_298_Config_Client_Cmd_Line_Export_All_report_20150121_205013.html',NULL,'ISE_298_Config_Client_Cmd_Line_Export_All_687_20150121_205013','Config Client 10.0.3.2',0,0,NULL,677,66,4),
 (688,657,3,222,0,'2015-01-21 20:52:04','2015-01-21 20:53:47','0000-00-00 00:00:00','ISE_299_Config_Client_Cmd_Line_Negative_Tags_report_20150121_205204.html',NULL,'ISE_299_Config_Client_Cmd_Line_Negative_Tags_688_20150121_205204','Config Client 10.0.3.2',0,0,NULL,678,66,4),
 (689,658,2,224,0,'2015-01-21 20:53:47','2015-01-21 20:55:29','0000-00-00 00:00:00','ISE_300_Config_Client_Cmd_Line_Negative_TagName_report_20150121_205347.html',NULL,'ISE_300_Config_Client_Cmd_Line_Negative_TagName_689_20150121_205347','Config Client 10.0.3.2',0,0,NULL,679,66,4),
 (690,661,3,120,0,'2015-01-21 21:45:43','2015-01-21 22:44:49','0000-00-00 00:00:00','OAT_Morning_Rotation_report_20150121_214543.html',NULL,'OAT_Morning_Rotation_690_20150121_214543','Testing Checkpoints',0,0,NULL,690,66,4),
 (691,663,3,223,0,'2015-01-21 22:44:49','2015-01-21 22:46:58','0000-00-00 00:00:00','ISE_297_Config_Client_Cmd_Line_Negative_Type_report_20150121_224450.html',NULL,'ISE_297_Config_Client_Cmd_Line_Negative_Type_691_20150121_224449','Config Client 10.0.3.2',0,0,NULL,676,66,4),
 (692,664,2,222,0,'2015-01-21 22:46:59','2015-01-21 22:48:42','0000-00-00 00:00:00','ISE_299_Config_Client_Cmd_Line_Negative_Tags_report_20150121_224659.html',NULL,'ISE_299_Config_Client_Cmd_Line_Negative_Tags_692_20150121_224659','Config Client 10.0.3.2',0,0,NULL,678,66,4),
 (693,665,3,223,0,'2015-01-21 23:21:49','2015-01-21 23:23:57','0000-00-00 00:00:00','ISE_297_Config_Client_Cmd_Line_Negative_Type_report_20150121_232149.html',NULL,'ISE_297_Config_Client_Cmd_Line_Negative_Type_693_20150121_232149','Config Client 10.0.3.2',0,0,NULL,676,66,4),
 (694,666,2,259,0,'2015-01-21 23:24:27','2015-01-21 23:24:28','0000-00-00 00:00:00','Git_Branch_Checkout_report_20150121_232427.html',NULL,'Git_Branch_Checkout_694_20150121_232427','Testing checkpoints',0,0,NULL,694,63,2),
 (695,667,2,259,0,'2015-01-21 23:29:14','2015-01-21 23:29:14','0000-00-00 00:00:00','Git_Branch_Checkout_report_20150121_232914.html',NULL,'Git_Branch_Checkout_695_20150121_232914','Testing checkpoints',0,0,NULL,695,63,2),
 (696,668,2,223,0,'2015-01-21 23:30:18','2015-01-21 23:32:07','0000-00-00 00:00:00','ISE_297_Config_Client_Cmd_Line_Negative_Type_report_20150121_233018.html',NULL,'ISE_297_Config_Client_Cmd_Line_Negative_Type_696_20150121_233018','Config Client 10.0.3.2',0,0,NULL,676,66,4),
 (697,669,3,120,0,'2015-01-22 00:00:44','2015-01-22 01:06:32','0000-00-00 00:00:00','OAT_Morning_Rotation_report_20150122_000044.html',NULL,'OAT_Morning_Rotation_697_20150122_000044','Morning Rotation',0,0,NULL,654,66,4),
 (698,670,2,121,0,'2015-01-22 01:06:32','2015-01-22 01:29:34','0000-00-00 00:00:00','OAT_ISE_Apps_Rotate_All_report_20150122_010632.html',NULL,'OAT_ISE_Apps_Rotate_All_698_20150122_010632','Morning Rotation',0,0,NULL,605,66,4),
 (699,671,3,248,0,'2015-01-22 09:33:06','2015-01-22 09:55:20','0000-00-00 00:00:00','ISE_PT105_with_BAITS_report_20150122_093306.html',NULL,'ISE_PT105_with_BAITS_699_20150122_093306','New Instruments Added',0,0,NULL,699,60,3),
 (700,672,3,192,0,'2015-01-22 10:04:34','2015-01-22 10:08:29','0000-00-00 00:00:00','OAT_Rotate_Products_Instruments_Quote_report_20150122_100434.html',NULL,'OAT_Rotate_Products_Instruments_Quote_700_20150122_100434','Rotate Instruments',0,0,NULL,700,66,4),
 (701,674,2,259,0,'2015-01-22 10:24:12','2015-01-22 10:24:12','0000-00-00 00:00:00','Git_Branch_Checkout_report_20150122_102412.html',NULL,'Git_Branch_Checkout_701_20150122_102412','Auto Trigger Test',0,0,NULL,701,63,10),
 (702,676,2,259,0,'2015-01-22 10:24:13','2015-01-22 10:24:14','0000-00-00 00:00:00','Git_Branch_Checkout_report_20150122_102413.html',NULL,'Git_Branch_Checkout_702_20150122_102413','Auto Trigger Test',0,0,NULL,702,63,9),
 (703,675,2,259,0,'2015-01-22 10:24:45','2015-01-22 10:24:46','0000-00-00 00:00:00','Git_Branch_Checkout_report_20150122_102445.html',NULL,'Git_Branch_Checkout_703_20150122_102445','Auto Trigger Test',0,0,NULL,703,63,2),
 (704,680,2,259,0,'2015-01-22 10:24:57','2015-01-22 10:25:01','0000-00-00 00:00:00','Git_Branch_Checkout_report_20150122_102457.html',NULL,'Git_Branch_Checkout_704_20150122_102457','Auto Trigger Test',0,0,NULL,704,63,3),
 (705,677,2,259,0,'2015-01-22 10:25:01','2015-01-22 10:25:02','0000-00-00 00:00:00','Git_Branch_Checkout_report_20150122_102501.html',NULL,'Git_Branch_Checkout_705_20150122_102501','Auto Trigger Test',0,0,NULL,705,63,5),
 (706,679,2,259,0,'2015-01-22 10:25:15','2015-01-22 10:25:16','0000-00-00 00:00:00','Git_Branch_Checkout_report_20150122_102515.html',NULL,'Git_Branch_Checkout_706_20150122_102515','Auto Trigger Test',0,0,NULL,706,63,7),
 (707,673,2,259,0,'2015-01-22 10:25:23','2015-01-22 10:25:25','0000-00-00 00:00:00','Git_Branch_Checkout_report_20150122_102524.html',NULL,'Git_Branch_Checkout_707_20150122_102523','Auto Trigger Test',0,0,NULL,707,63,4),
 (708,673,1,124,0,'2015-01-22 10:25:25','0000-00-00 00:00:00','0000-00-00 00:00:00','None',NULL,'Core_Health_Check_708_20150122_102525','Auto Trigger Test',0,0,NULL,708,63,4),
 (709,678,2,259,0,'2015-01-22 10:25:43','2015-01-22 10:25:44','0000-00-00 00:00:00','Git_Branch_Checkout_report_20150122_102543.html',NULL,'Git_Branch_Checkout_709_20150122_102543','Auto Trigger Test',0,0,NULL,709,63,6),
 (710,681,2,259,0,'2015-01-22 10:35:20','2015-01-22 10:35:20','0000-00-00 00:00:00','Git_Branch_Checkout_report_20150122_103520.html',NULL,'Git_Branch_Checkout_710_20150122_103520','Testing',0,0,NULL,710,63,2),
 (711,685,3,259,0,'2015-01-22 11:09:40','2015-01-22 11:09:40','0000-00-00 00:00:00','Git_Branch_Checkout_report_20150122_110940.html',NULL,'Git_Branch_Checkout_711_20150122_110940','Auto Trigger Test',0,0,NULL,711,69,9),
 (712,683,2,259,0,'2015-01-22 11:09:42','2015-01-22 11:09:42','0000-00-00 00:00:00','Git_Branch_Checkout_report_20150122_110942.html',NULL,'Git_Branch_Checkout_712_20150122_110942','Auto Trigger Test',0,0,NULL,712,69,10),
 (713,684,2,259,0,'2015-01-22 11:10:13','2015-01-22 11:10:13','0000-00-00 00:00:00','Git_Branch_Checkout_report_20150122_111013.html',NULL,'Git_Branch_Checkout_713_20150122_111013','Auto Trigger Test',0,0,NULL,713,69,2),
 (714,688,2,259,0,'2015-01-22 11:10:30','2015-01-22 11:10:30','0000-00-00 00:00:00','Git_Branch_Checkout_report_20150122_111030.html',NULL,'Git_Branch_Checkout_714_20150122_111030','Auto Trigger Test',0,0,NULL,714,69,7),
 (715,689,2,259,0,'2015-01-22 11:10:39','2015-01-22 11:10:42','0000-00-00 00:00:00','Git_Branch_Checkout_report_20150122_111039.html',NULL,'Git_Branch_Checkout_715_20150122_111039','Auto Trigger Test',0,0,NULL,715,69,3),
 (716,686,2,259,0,'2015-01-22 11:10:50','2015-01-22 11:10:51','0000-00-00 00:00:00','Git_Branch_Checkout_report_20150122_111050.html',NULL,'Git_Branch_Checkout_716_20150122_111050','Auto Trigger Test',0,0,NULL,716,69,5),
 (717,687,2,259,0,'2015-01-22 11:11:18','2015-01-22 11:11:19','0000-00-00 00:00:00','Git_Branch_Checkout_report_20150122_111118.html',NULL,'Git_Branch_Checkout_717_20150122_111118','Auto Trigger Test',0,0,NULL,717,69,6),
 (718,690,3,248,0,'2015-01-22 12:51:42','2015-01-22 13:02:54','0000-00-00 00:00:00','ISE_PT105_with_BAITS_report_20150122_125142.html',NULL,'ISE_PT105_with_BAITS_718_20150122_125142','After Instrument Injection',0,0,NULL,718,60,3),
 (719,691,2,248,0,'2015-01-22 13:28:06','2015-01-22 16:01:56','0000-00-00 00:00:00','ISE_PT105_with_BAITS_report_20150122_132806.html','uploads/home/Gts_Tests/PAT/Core/ISE_regression/ISE_PT105_with_BAITS_719_20150122_132806','ISE_PT105_with_BAITS_719_20150122_132806','Removed product 7883',0,0,NULL,719,60,3),
 (720,692,2,192,0,'2015-01-22 16:01:46','2015-01-22 16:08:16','0000-00-00 00:00:00','OAT_Rotate_Products_Instruments_Quote_report_20150122_160146.html',NULL,'OAT_Rotate_Products_Instruments_Quote_720_20150122_160146','Rotate Instruments',0,0,NULL,700,66,4),
 (721,693,2,243,0,'2015-01-22 16:26:56','2015-01-22 16:50:25','0000-00-00 00:00:00','ISE_Intraday_Mixed_Steady_15k_report_20150122_162656.html','uploads/home/Gts_Tests/PAT/Core/ISE_regression/ISE_Intraday_Mixed_Steady_15k_721_20150122_162656','ISE_Intraday_Mixed_Steady_15k_721_20150122_162656','New Baseline',0,0,NULL,721,60,3),
 (722,694,2,268,0,'2015-01-22 17:01:24','2015-01-22 17:11:50','0000-00-00 00:00:00','ISE_Intraday_Mixed_Steady_15k_No_Restart_report_20150122_170125.html','uploads/home/Gts_Tests/PAT/Core/ISE_regression/ISE_Intraday_Mixed_Steady_15k_No_Restart_722_20150122_170124','ISE_Intraday_Mixed_Steady_15k_No_Restart_722_20150122_170124','taskset 1-19',0,0,NULL,722,60,3),
 (723,695,2,268,0,'2015-01-22 17:31:31','2015-01-22 17:42:05','0000-00-00 00:00:00','ISE_Intraday_Mixed_Steady_15k_No_Restart_report_20150122_173131.html','uploads/home/Gts_Tests/PAT/Core/ISE_regression/ISE_Intraday_Mixed_Steady_15k_No_Restart_723_20150122_173131','ISE_Intraday_Mixed_Steady_15k_No_Restart_723_20150122_173131','--rr=1, no taskset',0,0,NULL,723,60,3),
 (724,696,2,248,0,'2015-01-22 17:50:43','2015-01-22 20:24:35','0000-00-00 00:00:00','ISE_PT105_with_BAITS_report_20150122_175043.html','uploads/home/Gts_Tests/PAT/Core/ISE_regression/ISE_PT105_with_BAITS_724_20150122_175043','ISE_PT105_with_BAITS_724_20150122_175043','-rr=1 no taskset',0,0,NULL,724,60,3),
 (725,698,2,120,0,'2015-01-23 06:46:51','2015-01-23 07:49:09','0000-00-00 00:00:00','OAT_Morning_Rotation_report_20150123_064651.html',NULL,'OAT_Morning_Rotation_725_20150123_064651','Morning Rotation',0,0,NULL,654,66,4),
 (726,699,2,121,0,'2015-01-23 07:49:10','2015-01-23 08:12:11','0000-00-00 00:00:00','OAT_ISE_Apps_Rotate_All_report_20150123_074910.html',NULL,'OAT_ISE_Apps_Rotate_All_726_20150123_074910','Morning Rotation',0,0,NULL,605,66,4),
 (727,700,3,248,0,'2015-01-23 08:48:01','2015-01-23 08:59:58','0000-00-00 00:00:00','ISE_PT105_with_BAITS_report_20150123_084802.html',NULL,'ISE_PT105_with_BAITS_727_20150123_084801','Baseline',0,0,NULL,727,60,3),
 (728,701,3,248,0,'2015-01-23 09:10:29','2015-01-23 09:23:02','0000-00-00 00:00:00','ISE_PT105_with_BAITS_report_20150123_091029.html',NULL,'ISE_PT105_with_BAITS_728_20150123_091029','Baseline',0,0,NULL,727,60,3),
 (729,702,3,248,0,'2015-01-23 11:07:57','2015-01-23 11:28:10','0000-00-00 00:00:00','ISE_PT105_with_BAITS_report_20150123_110757.html',NULL,'ISE_PT105_with_BAITS_729_20150123_110757','Baseline',0,0,NULL,727,60,3),
 (730,703,2,259,0,'2015-01-23 12:09:05','2015-01-23 12:09:06','0000-00-00 00:00:00','Git_Branch_Checkout_report_20150123_120905.html',NULL,'Git_Branch_Checkout_730_20150123_120905','Deployment',0,0,NULL,730,70,2),
 (731,704,2,259,0,'2015-01-23 12:22:06','2015-01-23 12:22:08','0000-00-00 00:00:00','Git_Branch_Checkout_report_20150123_122206.html',NULL,'Git_Branch_Checkout_731_20150123_122206','Deployment',0,0,NULL,731,70,4),
 (732,704,2,119,0,'2015-01-23 12:22:08','2015-01-23 12:53:16','0000-00-00 00:00:00','OAT_Full_Core_Rotation_report_20150123_122208.html',NULL,'OAT_Full_Core_Rotation_732_20150123_122208','Deployment',0,0,NULL,732,70,4),
 (733,705,3,58,0,'2015-01-23 12:42:04','2015-01-23 13:01:39','0000-00-00 00:00:00','Rotate_PAT_report_20150123_124204.html',NULL,'Rotate_PAT_733_20150123_124204','Inactivate 37000 instruments',0,0,NULL,733,60,3),
 (734,706,3,58,0,'2015-01-23 13:46:30','2015-01-23 14:05:26','0000-00-00 00:00:00','Rotate_PAT_report_20150123_134630.html',NULL,'Rotate_PAT_734_20150123_134630','35000 active inst',0,0,NULL,734,70,3),
 (735,707,3,58,0,'2015-01-23 15:02:23','2015-01-23 15:21:55','0000-00-00 00:00:00','Rotate_PAT_report_20150123_150223.html',NULL,'Rotate_PAT_735_20150123_150223','68k instr active',0,0,NULL,735,60,3),
 (736,709,3,248,0,'2015-01-23 16:23:37','2015-01-23 16:43:20','0000-00-00 00:00:00','ISE_PT105_with_BAITS_report_20150123_162337.html',NULL,'ISE_PT105_with_BAITS_736_20150123_162337','Baseline',0,0,NULL,727,60,3),
 (737,710,2,248,0,'2015-01-23 16:45:35','2015-01-24 09:41:54','0000-00-00 00:00:00','ISE_PT105_with_BAITS_report_20150123_164535.html','uploads/home/Gts_Tests/PAT/Core/ISE_regression/ISE_PT105_with_BAITS_737_20150123_164535','ISE_PT105_with_BAITS_737_20150123_164535','Baseline',0,0,NULL,727,60,3),
 (738,712,2,120,0,'2015-01-24 00:54:51','2015-01-24 01:56:54','0000-00-00 00:00:00','OAT_Morning_Rotation_report_20150124_005451.html',NULL,'OAT_Morning_Rotation_738_20150124_005451','Morning Rotation',0,0,NULL,738,70,4),
 (739,713,3,54,0,'2015-01-24 01:56:55','2015-01-24 02:28:51','0000-00-00 00:00:00','OAT_81_RefData_ME_Failure_report_20150124_015655.html',NULL,'OAT_81_RefData_ME_Failure_739_20150124_015655','OAT Full Core Regression',0,0,NULL,739,70,4),
 (740,713,3,55,0,'2015-01-24 02:28:51','2015-01-24 03:00:39','0000-00-00 00:00:00','OAT_82_RefData_Gateway_Failure_report_20150124_022851.html',NULL,'OAT_82_RefData_Gateway_Failure_740_20150124_022851','OAT Full Core Regression',0,0,NULL,740,70,4),
 (741,713,2,61,0,'2015-01-24 03:00:39','2015-01-24 03:47:01','0000-00-00 00:00:00','Core_431_Matcher_Leader_Failover_report_20150124_030039.html',NULL,'Core_431_Matcher_Leader_Failover_741_20150124_030039','OAT Full Core Regression',0,0,NULL,741,70,4),
 (742,713,2,62,0,'2015-01-24 03:47:01','2015-01-24 04:21:51','0000-00-00 00:00:00','Core_432_Pope_Leader_Failover_report_20150124_034701.html',NULL,'Core_432_Pope_Leader_Failover_742_20150124_034701','OAT Full Core Regression',0,0,NULL,742,70,4),
 (743,713,3,63,0,'2015-01-24 04:21:51','2015-01-24 04:56:34','0000-00-00 00:00:00','Core_433_RIB_Leader_Failover_report_20150124_042151.html',NULL,'Core_433_RIB_Leader_Failover_743_20150124_042151','OAT Full Core Regression',0,0,NULL,743,70,4),
 (744,713,2,64,0,'2015-01-24 04:56:34','2015-01-24 05:30:37','0000-00-00 00:00:00','Core_434_MDD_Leader_Failover_report_20150124_045634.html',NULL,'Core_434_MDD_Leader_Failover_744_20150124_045634','OAT Full Core Regression',0,0,NULL,744,70,4),
 (745,713,2,65,0,'2015-01-24 05:30:37','2015-01-24 06:14:22','0000-00-00 00:00:00','Core_435_Audit_Trail_Leader_Failover_report_20150124_053037.html',NULL,'Core_435_Audit_Trail_Leader_Failover_745_20150124_053037','OAT Full Core Regression',0,0,NULL,745,70,4),
 (746,713,2,66,0,'2015-01-24 06:14:22','2015-01-24 06:25:15','0000-00-00 00:00:00','Core_436_TM_Failover_report_20150124_061422.html',NULL,'Core_436_TM_Failover_746_20150124_061422','OAT Full Core Regression',0,0,NULL,746,70,4),
 (747,713,2,67,0,'2015-01-24 06:25:15','2015-01-24 06:41:12','0000-00-00 00:00:00','Core_438_System_Monitor_Failover_report_20150124_062515.html',NULL,'Core_438_System_Monitor_Failover_747_20150124_062515','OAT Full Core Regression',0,0,NULL,747,70,4),
 (748,713,2,68,0,'2015-01-24 06:41:12','2015-01-24 06:45:00','0000-00-00 00:00:00','Core_439_System_Controller_Failover_report_20150124_064112.html',NULL,'Core_439_System_Controller_Failover_748_20150124_064112','OAT Full Core Regression',0,0,NULL,748,70,4),
 (749,713,2,69,0,'2015-01-24 06:45:00','2015-01-24 07:00:07','0000-00-00 00:00:00','Core_440_Session_Manager_Failover_report_20150124_064500.html',NULL,'Core_440_Session_Manager_Failover_749_20150124_064500','OAT Full Core Regression',0,0,NULL,749,70,4),
 (750,713,2,70,0,'2015-01-24 07:00:07','2015-01-24 07:17:20','0000-00-00 00:00:00','Core_457_Status_Manager_Failover_report_20150124_070007.html',NULL,'Core_457_Status_Manager_Failover_750_20150124_070007','OAT Full Core Regression',0,0,NULL,750,70,4),
 (751,713,3,71,0,'2015-01-24 07:17:20','2015-01-24 07:48:27','0000-00-00 00:00:00','Core_415_Change_Product_State_Script_report_20150124_071720.html',NULL,'Core_415_Change_Product_State_Script_751_20150124_071720','OAT Full Core Regression',0,0,NULL,751,70,4),
 (752,713,3,72,0,'2015-01-24 07:48:27','2015-01-24 07:54:07','0000-00-00 00:00:00','Core_416_DB_Cleanups_report_20150124_074827.html',NULL,'Core_416_DB_Cleanups_752_20150124_074827','OAT Full Core Regression',0,0,NULL,752,70,4),
 (753,713,2,73,0,'2015-01-24 07:54:07','2015-01-24 08:31:48','0000-00-00 00:00:00','Core_417_SetPartitionSync_Wait_and_Release_report_20150124_075407.html',NULL,'Core_417_SetPartitionSync_Wait_and_Release_753_20150124_075407','OAT Full Core Regression',0,0,NULL,753,70,4),
 (754,713,2,74,0,'2015-01-24 08:31:48','2015-01-24 08:32:03','0000-00-00 00:00:00','Core_418_Gateway_Authentication_report_20150124_083148.html',NULL,'Core_418_Gateway_Authentication_754_20150124_083148','OAT Full Core Regression',0,0,NULL,754,70,4),
 (755,713,2,75,0,'2015-01-24 08:32:03','2015-01-24 08:38:34','0000-00-00 00:00:00','Core_419_Scheduler_Event_Pause_Resume_report_20150124_083203.html',NULL,'Core_419_Scheduler_Event_Pause_Resume_755_20150124_083203','OAT Full Core Regression',0,0,NULL,755,70,4),
 (756,713,3,76,0,'2015-01-24 08:38:34','2015-01-24 09:28:55','0000-00-00 00:00:00','Core_424_System_Startup_Shutdown_report_20150124_083834.html',NULL,'Core_424_System_Startup_Shutdown_756_20150124_083834','OAT Full Core Regression',0,0,NULL,756,70,4),
 (757,713,2,77,0,'2015-01-24 09:28:55','2015-01-24 10:08:39','0000-00-00 00:00:00','Core_426_dbsync_dbcheck_Local_DBs_report_20150124_092855.html',NULL,'Core_426_dbsync_dbcheck_Local_DBs_757_20150124_092855','OAT Full Core Regression',0,0,NULL,757,70,4),
 (758,713,2,78,0,'2015-01-24 10:08:39','2015-01-24 10:09:27','0000-00-00 00:00:00','Core_427_uCheck_Functionality_report_20150124_100840.html',NULL,'Core_427_uCheck_Functionality_758_20150124_100839','OAT Full Core Regression',0,0,NULL,758,70,4),
 (759,713,2,79,0,'2015-01-24 10:09:27','2015-01-24 10:09:40','0000-00-00 00:00:00','Core_500_MG_Session_Manager_Load_Balancing_report_20150124_100927.html',NULL,'Core_500_MG_Session_Manager_Load_Balancing_759_20150124_100927','OAT Full Core Regression',0,0,NULL,759,70,4),
 (760,713,2,212,0,'2015-01-24 10:09:40','2015-01-24 10:09:49','0000-00-00 00:00:00','Core_606_LLO_Connecting_to_LLO_via_Non_CGW_report_20150124_100940.html',NULL,'Core_606_LLO_Connecting_to_LLO_via_Non_CGW_760_20150124_100940','OAT Full Core Regression',0,0,NULL,760,70,4),
 (761,713,2,91,0,'2015-01-24 10:09:49','2015-01-24 10:45:07','0000-00-00 00:00:00','OAT_55_24h_Cycle_BC_Trade_Open_Failure_report_20150124_100949.html',NULL,'OAT_55_24h_Cycle_BC_Trade_Open_Failure_761_20150124_100949','OAT Full Core Regression',0,0,NULL,761,70,4);
INSERT INTO `test_execution` (`id`,`task_id`,`status`,`test_id`,`suite_id`,`start_time`,`end_time`,`request_time`,`report`,`test_folder_path`,`test_folder_name`,`label`,`user_id`,`approval_status`,`approved_by`,`group_id`,`release_id`,`template_id`) VALUES 
 (762,713,2,92,0,'2015-01-24 10:45:07','2015-01-24 11:19:23','0000-00-00 00:00:00','OAT_56_24h_Cycle_BC_Order_Open_Failure_report_20150124_104507.html',NULL,'OAT_56_24h_Cycle_BC_Order_Open_Failure_762_20150124_104507','OAT Full Core Regression',0,0,NULL,762,70,4),
 (763,713,2,93,0,'2015-01-24 11:19:23','2015-01-24 12:14:38','0000-00-00 00:00:00','OAT_57_24h_Cycle_Matcher_Release_Failure_report_20150124_111923.html',NULL,'OAT_57_24h_Cycle_Matcher_Release_Failure_763_20150124_111923','OAT Full Core Regression',0,0,NULL,763,70,4),
 (764,713,2,94,0,'2015-01-24 12:14:38','2015-01-24 12:49:37','0000-00-00 00:00:00','OAT_58_24h_Cycle_Trading_Start_of_Day_Failure_report_20150124_121438.html',NULL,'OAT_58_24h_Cycle_Trading_Start_of_Day_Failure_764_20150124_121438','OAT Full Core Regression',0,0,NULL,764,70,4),
 (765,713,2,95,0,'2015-01-24 12:49:37','2015-01-24 13:25:51','0000-00-00 00:00:00','OAT_62_24h_Cycle_Trading_Open_Failure_report_20150124_124937.html',NULL,'OAT_62_24h_Cycle_Trading_Open_Failure_765_20150124_124937','OAT Full Core Regression',0,0,NULL,765,70,4),
 (766,713,2,96,0,'2015-01-24 13:25:51','2015-01-24 14:02:00','0000-00-00 00:00:00','OAT_63_24h_Cycle_Trading_Open_Failure_report_20150124_132551.html',NULL,'OAT_63_24h_Cycle_Trading_Open_Failure_766_20150124_132551','OAT Full Core Regression',0,0,NULL,766,70,4),
 (767,713,2,97,0,'2015-01-24 14:02:00','2015-01-24 14:36:17','0000-00-00 00:00:00','OAT_68_24h_Cycle_Trading_Post_End_of_Day_Failure_report_20150124_140200.html',NULL,'OAT_68_24h_Cycle_Trading_Post_End_of_Day_Failure_767_20150124_140200','OAT Full Core Regression',0,0,NULL,767,70,4),
 (768,713,2,98,0,'2015-01-24 14:36:17','2015-01-24 15:25:03','0000-00-00 00:00:00','OAT_77_24h_Cycle_System_Monitor_Failure_report_20150124_143617.html',NULL,'OAT_77_24h_Cycle_System_Monitor_Failure_768_20150124_143617','OAT Full Core Regression',0,0,NULL,768,70,4),
 (769,713,2,99,0,'2015-01-24 15:25:03','2015-01-24 15:44:47','0000-00-00 00:00:00','OAT_79_24h_Cycle_Cross_DBs_Failure_report_20150124_152504.html',NULL,'OAT_79_24h_Cycle_Cross_DBs_Failure_769_20150124_152503','OAT Full Core Regression',0,0,NULL,769,70,4),
 (770,713,3,100,0,'2015-01-24 15:44:47','2015-01-24 16:20:13','0000-00-00 00:00:00','OAT_20_Gateway_Failure_report_20150124_154447.html',NULL,'OAT_20_Gateway_Failure_770_20150124_154447','OAT Full Core Regression',0,0,NULL,770,70,4),
 (771,713,2,101,0,'2015-01-24 16:20:13','2015-01-24 16:55:20','0000-00-00 00:00:00','OAT_21_ME_Failover_report_20150124_162013.html',NULL,'OAT_21_ME_Failover_771_20150124_162013','OAT Full Core Regression',0,0,NULL,771,70,4),
 (772,713,3,102,0,'2015-01-24 16:55:21','2015-01-24 17:56:56','0000-00-00 00:00:00','OAT_30_Mdd_Failover_report_20150124_165521.html',NULL,'OAT_30_Mdd_Failover_772_20150124_165521','OAT Full Core Regression',0,0,NULL,772,70,4),
 (773,713,2,104,0,'2015-01-24 17:56:56','2015-01-24 18:39:23','0000-00-00 00:00:00','OAT_38_ME_Failure_report_20150124_175656.html',NULL,'OAT_38_ME_Failure_773_20150124_175656','OAT Full Core Regression',0,0,NULL,773,70,4),
 (774,713,3,105,0,'2015-01-24 18:39:23','2015-01-24 19:40:53','0000-00-00 00:00:00','OAT_39_Mdd_Failure_report_20150124_183923.html',NULL,'OAT_39_Mdd_Failure_774_20150124_183923','OAT Full Core Regression',0,0,NULL,774,70,4),
 (775,713,3,225,0,'2015-01-24 19:40:54','2015-01-24 19:51:31','0000-00-00 00:00:00','Core_607_MDMDB_Cleanup_report_20150124_194054.html',NULL,'Core_607_MDMDB_Cleanup_775_20150124_194054','OAT Full Core Regression',0,0,NULL,775,70,4),
 (776,713,3,110,0,'2015-01-24 19:51:31','2015-01-24 20:23:20','0000-00-00 00:00:00','OAT_83_RefData_Base_Line_report_20150124_195131.html',NULL,'OAT_83_RefData_Base_Line_776_20150124_195131','OAT Full Core Regression',0,0,NULL,776,70,4),
 (777,713,3,111,0,'2015-01-24 20:23:20','2015-01-24 20:43:30','0000-00-00 00:00:00','OAT_84_RefData_Pope_Failure_report_20150124_202320.html',NULL,'OAT_84_RefData_Pope_Failure_777_20150124_202320','OAT Full Core Regression',0,0,NULL,777,70,4),
 (778,713,3,112,0,'2015-01-24 20:43:30','2015-01-24 21:44:11','0000-00-00 00:00:00','OAT_85_RefData_RdaIB_Failure_report_20150124_204330.html',NULL,'OAT_85_RefData_RdaIB_Failure_778_20150124_204330','OAT Full Core Regression',0,0,NULL,778,70,4),
 (779,713,3,113,0,'2015-01-24 21:44:11','2015-01-24 22:19:11','0000-00-00 00:00:00','OAT_86_RefData_ActiveMQ_Failure_report_20150124_214411.html',NULL,'OAT_86_RefData_ActiveMQ_Failure_779_20150124_214411','OAT Full Core Regression',0,0,NULL,779,70,4),
 (780,713,3,114,0,'2015-01-24 22:19:11','2015-01-24 22:53:14','0000-00-00 00:00:00','OAT_87_RefData_Jboss_Failure_report_20150124_221911.html',NULL,'OAT_87_RefData_Jboss_Failure_780_20150124_221911','OAT Full Core Regression',0,0,NULL,780,70,4),
 (781,713,3,115,0,'2015-01-24 22:53:14','2015-01-24 23:25:37','0000-00-00 00:00:00','OAT_88_RefData_RdaOB_Failure_report_20150124_225314.html',NULL,'OAT_88_RefData_RdaOB_Failure_781_20150124_225314','OAT Full Core Regression',0,0,NULL,781,70,4),
 (782,713,3,116,0,'2015-01-24 23:25:37','2015-01-24 23:57:33','0000-00-00 00:00:00','OAT_89_RefData_Rdd_Failure_report_20150124_232537.html',NULL,'OAT_89_RefData_Rdd_Failure_782_20150124_232537','OAT Full Core Regression',0,0,NULL,782,70,4),
 (783,713,2,117,0,'2015-01-24 23:57:33','2015-01-24 23:58:51','0000-00-00 00:00:00','OAT_93_eventCheck_Functionality_report_20150124_235733.html',NULL,'OAT_93_eventCheck_Functionality_783_20150124_235733','OAT Full Core Regression',0,0,NULL,783,70,4),
 (784,713,2,118,0,'2015-01-24 23:58:51','2015-01-25 00:00:25','0000-00-00 00:00:00','OAT_94_piCheck_Functionality_report_20150124_235851.html',NULL,'OAT_94_piCheck_Functionality_784_20150124_235851','OAT Full Core Regression',0,0,NULL,784,70,4),
 (785,713,2,250,0,'2015-01-25 00:00:25','2015-01-25 00:00:32','0000-00-00 00:00:00','Core_634_Gateway_Reject_NonPersistent_GTCD_report_20150125_000025.html',NULL,'Core_634_Gateway_Reject_NonPersistent_GTCD_785_20150125_000025','OAT Full Core Regression',0,0,NULL,785,70,4),
 (786,713,2,251,0,'2015-01-25 00:00:32','2015-01-25 00:00:56','0000-00-00 00:00:00','OAT_104_sendcreatedevent_Functionality_report_20150125_000032.html',NULL,'OAT_104_sendcreatedevent_Functionality_786_20150125_000032','OAT Full Core Regression',0,0,NULL,786,70,4),
 (787,714,2,120,0,'2015-01-26 07:03:31','2015-01-26 08:05:51','0000-00-00 00:00:00','OAT_Morning_Rotation_report_20150126_070331.html',NULL,'OAT_Morning_Rotation_787_20150126_070331','Morning Rotation',0,0,NULL,738,70,4),
 (788,715,2,121,0,'2015-01-26 08:05:51','2015-01-26 08:29:13','0000-00-00 00:00:00','OAT_ISE_Apps_Rotate_All_report_20150126_080551.html',NULL,'OAT_ISE_Apps_Rotate_All_788_20150126_080551','Morning Rotation',0,0,NULL,788,70,4),
 (789,716,2,54,0,'2015-01-26 08:30:30','2015-01-26 09:14:55','0000-00-00 00:00:00','OAT_81_RefData_ME_Failure_report_20150126_083030.html',NULL,'OAT_81_RefData_ME_Failure_789_20150126_083030','OAT Full Core Regression',0,0,NULL,739,70,4),
 (790,717,3,55,0,'2015-01-26 09:14:55','2015-01-26 09:47:11','0000-00-00 00:00:00','OAT_82_RefData_Gateway_Failure_report_20150126_091455.html',NULL,'OAT_82_RefData_Gateway_Failure_790_20150126_091455','OAT Full Core Regression',0,0,NULL,740,70,4),
 (791,718,3,63,0,'2015-01-26 09:47:11','2015-01-26 10:22:53','0000-00-00 00:00:00','Core_433_RIB_Leader_Failover_report_20150126_094711.html',NULL,'Core_433_RIB_Leader_Failover_791_20150126_094711','OAT Full Core Regression',0,0,NULL,743,70,4),
 (792,719,2,71,0,'2015-01-26 10:22:53','2015-01-26 10:56:52','0000-00-00 00:00:00','Core_415_Change_Product_State_Script_report_20150126_102253.html',NULL,'Core_415_Change_Product_State_Script_792_20150126_102253','OAT Full Core Regression',0,0,NULL,751,70,4),
 (793,720,2,100,0,'2015-01-26 10:56:52','2015-01-26 11:33:20','0000-00-00 00:00:00','OAT_20_Gateway_Failure_report_20150126_105652.html',NULL,'OAT_20_Gateway_Failure_793_20150126_105652','OAT Full Core Regression',0,0,NULL,770,70,4),
 (794,721,3,110,0,'2015-01-26 11:33:20','2015-01-26 12:05:21','0000-00-00 00:00:00','OAT_83_RefData_Base_Line_report_20150126_113320.html',NULL,'OAT_83_RefData_Base_Line_794_20150126_113320','OAT Full Core Regression',0,0,NULL,776,70,4),
 (795,722,3,111,0,'2015-01-26 12:05:21','2015-01-26 12:25:40','0000-00-00 00:00:00','OAT_84_RefData_Pope_Failure_report_20150126_120522.html',NULL,'OAT_84_RefData_Pope_Failure_795_20150126_120521','OAT Full Core Regression',0,0,NULL,777,70,4),
 (796,723,3,112,0,'2015-01-26 12:25:40','2015-01-26 13:26:30','0000-00-00 00:00:00','OAT_85_RefData_RdaIB_Failure_report_20150126_122541.html',NULL,'OAT_85_RefData_RdaIB_Failure_796_20150126_122540','OAT Full Core Regression',0,0,NULL,778,70,4),
 (797,724,3,113,0,'2015-01-26 13:26:30','2015-01-26 13:57:11','0000-00-00 00:00:00','OAT_86_RefData_ActiveMQ_Failure_report_20150126_132630.html',NULL,'OAT_86_RefData_ActiveMQ_Failure_797_20150126_132630','OAT Full Core Regression',0,0,NULL,779,70,4),
 (798,728,3,58,0,'2015-01-26 13:37:40','2015-01-26 13:49:57','0000-00-00 00:00:00','Rotate_PAT_report_20150126_133740.html',NULL,'Rotate_PAT_798_20150126_133740','TC-PAT210 on 510',0,0,NULL,798,70,3),
 (799,725,3,114,0,'2015-01-26 13:57:11','2015-01-26 14:23:45','0000-00-00 00:00:00','OAT_87_RefData_Jboss_Failure_report_20150126_135711.html',NULL,'OAT_87_RefData_Jboss_Failure_799_20150126_135711','OAT Full Core Regression',0,0,NULL,780,70,4),
 (800,726,3,115,0,'2015-01-26 14:23:45','2015-01-26 14:48:52','0000-00-00 00:00:00','OAT_88_RefData_RdaOB_Failure_report_20150126_142345.html',NULL,'OAT_88_RefData_RdaOB_Failure_800_20150126_142345','OAT Full Core Regression',0,0,NULL,781,70,4),
 (801,727,3,116,0,'2015-01-26 14:48:52','2015-01-26 15:24:02','0000-00-00 00:00:00','OAT_89_RefData_Rdd_Failure_report_20150126_144852.html',NULL,'OAT_89_RefData_Rdd_Failure_801_20150126_144852','OAT Full Core Regression',0,0,NULL,782,70,4),
 (802,729,2,58,0,'2015-01-26 15:43:41','2015-01-26 15:58:17','0000-00-00 00:00:00','Rotate_PAT_report_20150126_154341.html',NULL,'Rotate_PAT_802_20150126_154341','Created Events for SOD',0,0,NULL,802,70,3),
 (803,730,3,243,0,'2015-01-27 09:40:26','2015-01-27 09:51:29','0000-00-00 00:00:00','ISE_Intraday_Mixed_Steady_15k_report_20150127_094026.html',NULL,'ISE_Intraday_Mixed_Steady_15k_803_20150127_094026','Phase 0 - Testing Perfmon',0,0,NULL,803,70,3),
 (804,732,2,243,0,'2015-01-27 10:09:31','2015-01-27 10:33:45','0000-00-00 00:00:00','ISE_Intraday_Mixed_Steady_15k_report_20150127_100931.html','uploads/home/Gts_Tests/PAT/Core/ISE_regression/ISE_Intraday_Mixed_Steady_15k_804_20150127_100931','ISE_Intraday_Mixed_Steady_15k_804_20150127_100931','Phase 0 - Testing Perfmon',0,0,NULL,803,70,3),
 (805,731,3,120,0,'2015-01-27 10:16:17','2015-01-27 11:17:00','0000-00-00 00:00:00','OAT_Morning_Rotation_report_20150127_101617.html',NULL,'OAT_Morning_Rotation_805_20150127_101617','Morning Rotation',0,0,NULL,738,70,4),
 (806,733,2,268,0,'2015-01-27 10:49:28','2015-01-27 10:59:41','0000-00-00 00:00:00','ISE_Intraday_Mixed_Steady_15k_No_Restart_report_20150127_104928.html','uploads/home/Gts_Tests/PAT/Core/ISE_regression/ISE_Intraday_Mixed_Steady_15k_No_Restart_806_20150127_104928','ISE_Intraday_Mixed_Steady_15k_No_Restart_806_20150127_104928','rt 3.10 baseline',0,0,NULL,806,70,3),
 (807,734,2,243,0,'2015-01-27 11:51:42','2015-01-27 12:13:45','0000-00-00 00:00:00','ISE_Intraday_Mixed_Steady_15k_report_20150127_115142.html','uploads/home/Gts_Tests/PAT/Core/ISE_regression/ISE_Intraday_Mixed_Steady_15k_807_20150127_115142','ISE_Intraday_Mixed_Steady_15k_807_20150127_115142','Bad product removed',0,0,NULL,807,70,3),
 (808,736,2,268,0,'2015-01-27 13:10:30','2015-01-27 13:20:46','0000-00-00 00:00:00','ISE_Intraday_Mixed_Steady_15k_No_Restart_report_20150127_131030.html','uploads/home/Gts_Tests/PAT/Core/ISE_regression/ISE_Intraday_Mixed_Steady_15k_No_Restart_808_20150127_131030','ISE_Intraday_Mixed_Steady_15k_No_Restart_808_20150127_131030','Work ....please...irq core 0',0,0,NULL,808,70,3),
 (809,737,2,192,0,'2015-01-27 13:13:18','2015-01-27 13:22:09','0000-00-00 00:00:00','OAT_Rotate_Products_Instruments_Quote_report_20150127_131318.html',NULL,'OAT_Rotate_Products_Instruments_Quote_809_20150127_131318','Product and Instrument Rotation',0,0,NULL,809,70,4),
 (810,738,2,110,0,'2015-01-27 13:25:27','2015-01-27 13:29:39','0000-00-00 00:00:00','OAT_83_RefData_Base_Line_report_20150127_132527.html',NULL,'OAT_83_RefData_Base_Line_810_20150127_132527','OAT Full Core Regression',0,0,NULL,776,70,4),
 (811,739,2,248,0,'2015-01-27 13:27:51','2015-01-27 13:53:45','0000-00-00 00:00:00','ISE_PT105_with_BAITS_report_20150127_132751.html','uploads/home/Gts_Tests/PAT/Core/ISE_regression/ISE_PT105_with_BAITS_811_20150127_132751','ISE_PT105_with_BAITS_811_20150127_132751','Baseline, irq core 0 ',0,0,NULL,811,70,3),
 (812,740,2,111,0,'2015-01-27 13:32:12','2015-01-27 13:55:59','0000-00-00 00:00:00','OAT_84_RefData_Pope_Failure_report_20150127_133212.html',NULL,'OAT_84_RefData_Pope_Failure_812_20150127_133212','OAT Full Core Regression',0,0,NULL,777,70,4),
 (813,741,2,112,0,'2015-01-27 13:55:59','2015-01-27 15:00:38','0000-00-00 00:00:00','OAT_85_RefData_RdaIB_Failure_report_20150127_135559.html',NULL,'OAT_85_RefData_RdaIB_Failure_813_20150127_135559','OAT Full Core Regression',0,0,NULL,778,70,4),
 (814,743,2,243,0,'2015-01-27 14:30:01','2015-01-27 14:52:52','0000-00-00 00:00:00','ISE_Intraday_Mixed_Steady_15k_report_20150127_143001.html','uploads/home/Gts_Tests/PAT/Core/ISE_regression/ISE_Intraday_Mixed_Steady_15k_814_20150127_143001','ISE_Intraday_Mixed_Steady_15k_814_20150127_143001','New baseline, ME no numa balancing ',0,0,NULL,814,70,3),
 (815,744,2,248,0,'2015-01-27 14:58:20','2015-01-27 15:25:16','0000-00-00 00:00:00','ISE_PT105_with_BAITS_report_20150127_145820.html','uploads/home/Gts_Tests/PAT/Core/ISE_regression/ISE_PT105_with_BAITS_815_20150127_145820','ISE_PT105_with_BAITS_815_20150127_145820','Baseline with ME no numa balance',0,0,NULL,815,70,3),
 (816,742,2,113,0,'2015-01-27 15:00:38','2015-01-27 15:53:41','0000-00-00 00:00:00','OAT_86_RefData_ActiveMQ_Failure_report_20150127_150038.html',NULL,'OAT_86_RefData_ActiveMQ_Failure_816_20150127_150038','OAT Full Core Regression',0,0,NULL,779,70,4),
 (817,748,3,248,0,'2015-01-27 15:30:45','2015-01-27 15:58:42','0000-00-00 00:00:00','ISE_PT105_with_BAITS_report_20150127_153045.html','uploads/home/Gts_Tests/PAT/Core/ISE_regression/ISE_PT105_with_BAITS_817_20150127_153045','ISE_PT105_with_BAITS_817_20150127_153045','Baseline with ME no numa balance',0,0,NULL,815,70,3),
 (818,745,2,55,0,'2015-01-27 15:53:41','2015-01-27 15:58:26','0000-00-00 00:00:00','OAT_82_RefData_Gateway_Failure_report_20150127_155341.html',NULL,'OAT_82_RefData_Gateway_Failure_818_20150127_155341','OAT Full Core Regression',0,0,NULL,740,70,4),
 (819,746,2,114,0,'2015-01-27 15:58:27','2015-01-27 16:39:49','0000-00-00 00:00:00','OAT_87_RefData_Jboss_Failure_report_20150127_155827.html',NULL,'OAT_87_RefData_Jboss_Failure_819_20150127_155827','OAT Full Core Regression',0,0,NULL,780,70,4),
 (820,747,2,115,0,'2015-01-27 16:39:50','2015-01-27 17:36:33','0000-00-00 00:00:00','OAT_88_RefData_RdaOB_Failure_report_20150127_163950.html',NULL,'OAT_88_RefData_RdaOB_Failure_820_20150127_163950','OAT Full Core Regression',0,0,NULL,781,70,4),
 (821,752,3,248,0,'2015-01-27 16:46:21','2015-01-27 17:13:23','0000-00-00 00:00:00','ISE_PT105_with_BAITS_report_20150127_164621.html','uploads/home/Gts_Tests/PAT/Core/ISE_regression/ISE_PT105_with_BAITS_821_20150127_164621','ISE_PT105_with_BAITS_821_20150127_164621','Baseline with ME no numa balance',0,0,NULL,815,70,3),
 (822,750,2,116,0,'2015-01-27 17:36:34','2015-01-27 18:14:13','0000-00-00 00:00:00','OAT_89_RefData_Rdd_Failure_report_20150127_173634.html',NULL,'OAT_89_RefData_Rdd_Failure_822_20150127_173634','OAT Full Core Regression',0,0,NULL,782,70,4),
 (823,751,2,63,0,'2015-01-27 18:14:13','2015-01-27 18:56:54','0000-00-00 00:00:00','Core_433_RIB_Leader_Failover_report_20150127_181413.html',NULL,'Core_433_RIB_Leader_Failover_823_20150127_181413','OAT Full Core Regression',0,0,NULL,743,70,4),
 (824,753,2,120,0,'2015-01-28 08:45:16','2015-01-28 09:49:33','0000-00-00 00:00:00','OAT_Morning_Rotation_report_20150128_084516.html',NULL,'OAT_Morning_Rotation_824_20150128_084516','Morning Rotation',0,0,NULL,738,70,4),
 (825,754,2,121,0,'2015-01-28 09:50:11','2015-01-28 10:13:20','0000-00-00 00:00:00','OAT_ISE_Apps_Rotate_All_report_20150128_095011.html',NULL,'OAT_ISE_Apps_Rotate_All_825_20150128_095011','Morning Rotation',0,0,NULL,788,70,4),
 (826,755,5,271,0,'2015-01-28 09:51:58','2015-01-28 09:51:58','0000-00-00 00:00:00','None',NULL,'Start_of_Day_Rotation_826_20150128_095158','Rotate to SOD',0,0,NULL,826,70,3),
 (827,756,3,271,0,'2015-01-28 09:53:16','2015-01-28 09:56:44','0000-00-00 00:00:00','Start_of_Day_Rotation_report_20150128_095316.html',NULL,'Start_of_Day_Rotation_827_20150128_095316','Rotate to SOD',0,0,NULL,826,70,3),
 (828,757,3,271,0,'2015-01-28 09:58:43','2015-01-28 09:59:56','0000-00-00 00:00:00','Start_of_Day_Rotation_report_20150128_095843.html',NULL,'Start_of_Day_Rotation_828_20150128_095843','Rotate to SOD',0,0,NULL,826,70,3),
 (829,758,3,271,0,'2015-01-28 10:03:10','2015-01-28 10:08:20','0000-00-00 00:00:00','Start_of_Day_Rotation_report_20150128_100310.html',NULL,'Start_of_Day_Rotation_829_20150128_100310','Rotate to SOD',0,0,NULL,826,70,3),
 (830,759,2,243,0,'2015-01-28 10:08:21','2015-01-28 10:33:50','0000-00-00 00:00:00','ISE_Intraday_Mixed_Steady_15k_report_20150128_100821.html','uploads/home/Gts_Tests/PAT/Core/ISE_regression/ISE_Intraday_Mixed_Steady_15k_830_20150128_100821','ISE_Intraday_Mixed_Steady_15k_830_20150128_100821','ME no NUMA Balance, GW no NUMA , IRQ Core 0',0,0,NULL,830,70,3),
 (831,760,2,260,0,'2015-01-28 10:56:06','2015-01-28 11:18:20','0000-00-00 00:00:00','ISE_Intraday_Mixed_Steady_15k_Only_GW3_report_20150128_105606.html','uploads/home/Gts_Tests/PAT/Core/ISE_regression/ISE_Intraday_Mixed_Steady_15k_Only_GW3_831_20150128_105606','ISE_Intraday_Mixed_Steady_15k_Only_GW3_831_20150128_105606','GW3 ME no Numa, GW  IRQ Core 0 , No Numa balance',0,0,NULL,831,70,3),
 (832,761,2,261,0,'2015-01-28 11:30:44','2015-01-28 12:07:53','0000-00-00 00:00:00','ISE_PT105_with_BAITS_Only_GW3_report_20150128_113044.html','uploads/home/Gts_Tests/PAT/Core/ISE_regression/ISE_PT105_with_BAITS_Only_GW3_832_20150128_113044','ISE_PT105_with_BAITS_Only_GW3_832_20150128_113044','Baseline ',0,0,NULL,832,70,3),
 (833,762,2,269,0,'2015-01-28 12:48:29','2015-01-28 13:11:30','0000-00-00 00:00:00','ISE_Intraday_Mixed_Steady_15k_Only_GW1_and_GW2_report_20150128_124829.html','uploads/home/Gts_Tests/PAT/Core/ISE_regression/ISE_Intraday_Mixed_Steady_15k_Only_GW1_and_GW2_833_20150128_124829','ISE_Intraday_Mixed_Steady_15k_Only_GW1_and_GW2_833_20150128_124829','Comparison, no SF, Me NO NUMA ',0,0,NULL,833,70,3),
 (834,763,2,248,0,'2015-01-28 13:17:05','2015-01-28 13:43:10','0000-00-00 00:00:00','ISE_PT105_with_BAITS_report_20150128_131705.html','uploads/home/Gts_Tests/PAT/Core/ISE_regression/ISE_PT105_with_BAITS_834_20150128_131705','ISE_PT105_with_BAITS_834_20150128_131705','Baseline run GW3 GW4 pt105 New Gateway',0,0,NULL,834,70,3),
 (835,764,2,248,0,'2015-01-28 14:14:08','2015-01-28 14:41:00','0000-00-00 00:00:00','ISE_PT105_with_BAITS_report_20150128_141408.html','uploads/home/Gts_Tests/PAT/Core/ISE_regression/ISE_PT105_with_BAITS_835_20150128_141407','ISE_PT105_with_BAITS_835_20150128_141407','Baseline run GW3 GW4 pt105 New Gateway',0,0,NULL,834,70,3),
 (836,765,2,248,0,'2015-01-28 14:46:10','2015-01-28 15:13:38','0000-00-00 00:00:00','ISE_PT105_with_BAITS_report_20150128_144610.html','uploads/home/Gts_Tests/PAT/Core/ISE_regression/ISE_PT105_with_BAITS_836_20150128_144610','ISE_PT105_with_BAITS_836_20150128_144610','pt105 w baits gw3 and 4',0,0,NULL,836,70,3),
 (837,766,2,248,0,'2015-01-28 15:55:48','2015-01-28 16:23:32','0000-00-00 00:00:00','ISE_PT105_with_BAITS_report_20150128_155548.html','uploads/home/Gts_Tests/PAT/Core/ISE_regression/ISE_PT105_with_BAITS_837_20150128_155548','ISE_PT105_with_BAITS_837_20150128_155548','pt105 w baits gw3 and 4',0,0,NULL,836,70,3),
 (838,770,2,259,0,'2015-01-28 20:06:07','2015-01-28 20:06:07','0000-00-00 00:00:00','Git_Branch_Checkout_report_20150128_200607.html',NULL,'Git_Branch_Checkout_838_20150128_200607','Deployment',0,0,NULL,838,70,2),
 (839,771,2,120,0,'2015-01-29 07:58:31','2015-01-29 09:05:13','0000-00-00 00:00:00','OAT_Morning_Rotation_report_20150129_075831.html',NULL,'OAT_Morning_Rotation_839_20150129_075831','Morning Rotation',0,0,NULL,738,70,4),
 (840,772,2,121,0,'2015-01-29 09:05:13','2015-01-29 09:28:51','0000-00-00 00:00:00','OAT_ISE_Apps_Rotate_All_report_20150129_090513.html',NULL,'OAT_ISE_Apps_Rotate_All_840_20150129_090513','Morning Rotation',0,0,NULL,788,70,4),
 (841,773,3,52,0,'2015-01-29 09:53:20','2015-01-29 10:06:24','0000-00-00 00:00:00','OAT_22_Pope_Leader_to_Member_Failover_report_20150129_095320.html',NULL,'OAT_22_Pope_Leader_to_Member_Failover_841_20150129_095320','Additional 10.1.510 Testing',0,0,NULL,841,70,4),
 (842,774,3,271,0,'2015-01-29 10:02:31','2015-01-29 10:07:42','0000-00-00 00:00:00','Start_of_Day_Rotation_report_20150129_100232.html',NULL,'Start_of_Day_Rotation_842_20150129_100231','Rotate to SOD',0,0,NULL,826,70,3),
 (843,775,3,271,0,'2015-01-29 10:47:55','2015-01-29 10:53:34','0000-00-00 00:00:00','Start_of_Day_Rotation_report_20150129_104755.html',NULL,'Start_of_Day_Rotation_843_20150129_104755','Rotate to SOD',0,0,NULL,826,70,3),
 (844,777,2,58,0,'2015-01-29 13:39:53','2015-01-29 13:55:24','0000-00-00 00:00:00','Rotate_PAT_report_20150129_133953.html',NULL,'Rotate_PAT_844_20150129_133953','Primary Hosts Upgraded (Phase 1)',0,0,NULL,844,70,3),
 (845,778,3,256,0,'2015-01-29 13:59:07','2015-01-29 14:19:27','0000-00-00 00:00:00','Create_200k_Complex_Instruments_report_20150129_135907.html','uploads/home/Gts_Tests/PAT/Core/ISE_regression/Create_200k_Complex_Instruments_845_20150129_135907','Create_200k_Complex_Instruments_845_20150129_135907','MySQL 5.6 Phase 1 - Primary Hosts',0,0,NULL,845,70,3),
 (846,779,2,41,0,'2015-01-29 14:19:27','2015-01-29 15:10:28','0000-00-00 00:00:00','ISE_PT107_report_20150129_141927.html','uploads/home/Gts_Tests/PAT/Core/ISE_regression/ISE_PT107_846_20150129_141927','ISE_PT107_846_20150129_141927','MySQL 5.6 Phase 1 - Primary Hosts',0,0,NULL,846,70,3),
 (847,780,2,270,0,'2015-01-29 15:10:28','2015-01-29 15:50:08','0000-00-00 00:00:00','ISE_PT105_with_BAITS_Only_GW1_and_GW2_report_20150129_151028.html','uploads/home/Gts_Tests/PAT/Core/ISE_regression/ISE_PT105_with_BAITS_Only_GW1_and_GW2_847_20150129_151028','ISE_PT105_with_BAITS_Only_GW1_and_GW2_847_20150129_151028','MySQL 5.6 Phase 1 - Primary Hosts',0,0,NULL,847,70,3),
 (848,781,3,270,0,'2015-01-29 16:27:34','2015-01-29 16:31:38','0000-00-00 00:00:00','ISE_PT105_with_BAITS_Only_GW1_and_GW2_report_20150129_162734.html',NULL,'ISE_PT105_with_BAITS_Only_GW1_and_GW2_848_20150129_162734','MySQL 5.6 Phase 1 - Primary Hosts',0,0,NULL,847,70,3),
 (849,782,3,270,0,'2015-01-29 17:03:22','2015-01-29 17:36:54','0000-00-00 00:00:00','ISE_PT105_with_BAITS_Only_GW1_and_GW2_report_20150129_170322.html','uploads/home/Gts_Tests/PAT/Core/ISE_regression/ISE_PT105_with_BAITS_Only_GW1_and_GW2_849_20150129_170322','ISE_PT105_with_BAITS_Only_GW1_and_GW2_849_20150129_170322','MySQL 5.6 Phase 1 - Primary Hosts',0,0,NULL,847,70,3),
 (850,776,2,259,0,'2015-01-29 17:40:52','2015-01-29 17:40:52','0000-00-00 00:00:00','Git_Branch_Checkout_report_20150129_174052.html',NULL,'Git_Branch_Checkout_850_20150129_174052','Auto Trigger Test',0,0,NULL,850,72,2),
 (851,783,3,270,0,'2015-01-29 17:56:24','2015-01-29 18:35:28','0000-00-00 00:00:00','ISE_PT105_with_BAITS_Only_GW1_and_GW2_report_20150129_175624.html','uploads/home/Gts_Tests/PAT/Core/ISE_regression/ISE_PT105_with_BAITS_Only_GW1_and_GW2_851_20150129_175624','ISE_PT105_with_BAITS_Only_GW1_and_GW2_851_20150129_175624','MySQL 5.6 Phase 1 - Primary Hosts',0,0,NULL,847,70,3),
 (852,784,3,271,0,'2015-01-30 10:14:13','2015-01-30 10:20:06','0000-00-00 00:00:00','Start_of_Day_Rotation_report_20150130_101413.html',NULL,'Start_of_Day_Rotation_852_20150130_101413','Rotate to SOD',0,0,NULL,826,70,3),
 (853,785,3,270,0,'2015-01-30 10:20:06','2015-01-30 10:26:33','0000-00-00 00:00:00','ISE_PT105_with_BAITS_Only_GW1_and_GW2_report_20150130_102006.html',NULL,'ISE_PT105_with_BAITS_Only_GW1_and_GW2_853_20150130_102006','MySQL 5.6 Phase 1 - Primary Hosts',0,0,NULL,847,70,3),
 (854,786,3,270,0,'2015-01-30 11:05:00','2015-01-30 11:19:52','0000-00-00 00:00:00','ISE_PT105_with_BAITS_Only_GW1_and_GW2_report_20150130_110500.html',NULL,'ISE_PT105_with_BAITS_Only_GW1_and_GW2_854_20150130_110500','MySQL 5.6 Phase 1 - Primary Hosts',0,0,NULL,847,70,3),
 (855,787,2,120,0,'2015-01-30 11:18:11','2015-01-30 12:22:18','0000-00-00 00:00:00','OAT_Morning_Rotation_report_20150130_111811.html',NULL,'OAT_Morning_Rotation_855_20150130_111811','Morning Rotation',0,0,NULL,738,70,4),
 (856,789,3,270,0,'2015-01-30 11:24:13','2015-01-30 11:27:15','0000-00-00 00:00:00','ISE_PT105_with_BAITS_Only_GW1_and_GW2_report_20150130_112413.html',NULL,'ISE_PT105_with_BAITS_Only_GW1_and_GW2_856_20150130_112413','MySQL 5.6 Phase 1 - Primary Hosts',0,0,NULL,847,70,3),
 (857,791,3,270,0,'2015-01-30 11:32:33','2015-01-30 11:32:34','0000-00-00 00:00:00','ISE_PT105_with_BAITS_Only_GW1_and_GW2_report_20150130_113233.html',NULL,'ISE_PT105_with_BAITS_Only_GW1_and_GW2_857_20150130_113233','MySQL 5.6 Phase 1 - Primary Hosts',0,0,NULL,847,70,3),
 (858,792,2,270,0,'2015-01-30 11:47:20','2015-01-30 12:17:07','0000-00-00 00:00:00','ISE_PT105_with_BAITS_Only_GW1_and_GW2_report_20150130_114720.html','uploads/home/Gts_Tests/PAT/Core/ISE_regression/ISE_PT105_with_BAITS_Only_GW1_and_GW2_858_20150130_114720','ISE_PT105_with_BAITS_Only_GW1_and_GW2_858_20150130_114720','MySQL 5.6 Phase 1 - Primary Hosts',0,0,NULL,847,70,3),
 (859,788,2,121,0,'2015-01-30 12:22:18','2015-01-30 12:45:08','0000-00-00 00:00:00','OAT_ISE_Apps_Rotate_All_report_20150130_122218.html',NULL,'OAT_ISE_Apps_Rotate_All_859_20150130_122218','Morning Rotation',0,0,NULL,788,70,4),
 (860,793,2,270,0,'2015-01-30 13:11:21','2015-01-30 13:41:36','0000-00-00 00:00:00','ISE_PT105_with_BAITS_Only_GW1_and_GW2_report_20150130_131121.html','uploads/home/Gts_Tests/PAT/Core/ISE_regression/ISE_PT105_with_BAITS_Only_GW1_and_GW2_860_20150130_131121','ISE_PT105_with_BAITS_Only_GW1_and_GW2_860_20150130_131121','TC-PAT207 on .60 - MySQL 5.6 Phase 1 - Primary Hosts',0,0,NULL,860,70,3),
 (861,794,2,120,0,'2015-02-02 08:58:07','2015-02-02 10:09:57','0000-00-00 00:00:00','OAT_Morning_Rotation_report_20150202_085807.html',NULL,'OAT_Morning_Rotation_861_20150202_085807','Morning Rotation',0,0,NULL,738,70,4),
 (862,795,2,121,0,'2015-02-02 10:09:57','2015-02-02 10:33:20','0000-00-00 00:00:00','OAT_ISE_Apps_Rotate_All_report_20150202_100957.html',NULL,'OAT_ISE_Apps_Rotate_All_862_20150202_100957','Morning Rotation',0,0,NULL,788,70,4),
 (863,796,3,271,0,'2015-02-02 11:17:35','2015-02-02 11:23:47','0000-00-00 00:00:00','Start_of_Day_Rotation_report_20150202_111735.html',NULL,'Start_of_Day_Rotation_863_20150202_111735','Rotate',0,0,NULL,863,70,3),
 (864,797,3,243,0,'2015-02-02 13:49:31','2015-02-02 13:57:59','0000-00-00 00:00:00','ISE_Intraday_Mixed_Steady_15k_report_20150202_134932.html',NULL,'ISE_Intraday_Mixed_Steady_15k_864_20150202_134931','Baseline with new hotfix kernel',0,0,NULL,864,70,3),
 (865,798,3,248,0,'2015-02-02 13:58:00','2015-02-02 14:06:52','0000-00-00 00:00:00','ISE_PT105_with_BAITS_report_20150202_135800.html',NULL,'ISE_PT105_with_BAITS_865_20150202_135800','New baseline with new kernel',0,0,NULL,865,70,3),
 (866,799,2,243,0,'2015-02-02 14:11:15','2015-02-02 14:36:37','0000-00-00 00:00:00','ISE_Intraday_Mixed_Steady_15k_report_20150202_141115.html','uploads/home/Gts_Tests/PAT/Core/ISE_regression/ISE_Intraday_Mixed_Steady_15k_866_20150202_141115','ISE_Intraday_Mixed_Steady_15k_866_20150202_141115','Baseline with new hotfix kernel',0,0,NULL,864,70,3),
 (867,800,2,248,0,'2015-02-02 14:36:37','2015-02-02 15:03:13','0000-00-00 00:00:00','ISE_PT105_with_BAITS_report_20150202_143637.html','uploads/home/Gts_Tests/PAT/Core/ISE_regression/ISE_PT105_with_BAITS_867_20150202_143637','ISE_PT105_with_BAITS_867_20150202_143637','New baseline with new kernel',0,0,NULL,865,70,3),
 (868,801,2,243,0,'2015-02-02 15:40:56','2015-02-02 16:03:40','0000-00-00 00:00:00','ISE_Intraday_Mixed_Steady_15k_report_20150202_154056.html','uploads/home/Gts_Tests/PAT/Core/ISE_regression/ISE_Intraday_Mixed_Steady_15k_868_20150202_154056','ISE_Intraday_Mixed_Steady_15k_868_20150202_154056','Baseline with new hotfix kernel',0,0,NULL,864,70,3),
 (869,802,2,248,0,'2015-02-02 16:28:29','2015-02-02 16:54:18','0000-00-00 00:00:00','ISE_PT105_with_BAITS_report_20150202_162829.html','uploads/home/Gts_Tests/PAT/Core/ISE_regression/ISE_PT105_with_BAITS_869_20150202_162829','ISE_PT105_with_BAITS_869_20150202_162829','New baseline with new kernel',0,0,NULL,865,70,3),
 (870,803,2,120,0,'2015-02-03 08:01:56','2015-02-03 09:09:12','0000-00-00 00:00:00','OAT_Morning_Rotation_report_20150203_080156.html',NULL,'OAT_Morning_Rotation_870_20150203_080156','Morning Rotation',0,0,NULL,738,70,4),
 (871,804,2,121,0,'2015-02-03 09:09:12','2015-02-03 09:31:09','0000-00-00 00:00:00','OAT_ISE_Apps_Rotate_All_report_20150203_090912.html',NULL,'OAT_ISE_Apps_Rotate_All_871_20150203_090912','Morning Rotation',0,0,NULL,788,70,4),
 (872,805,3,271,0,'2015-02-03 10:59:59','2015-02-03 11:06:11','0000-00-00 00:00:00','Start_of_Day_Rotation_report_20150203_105959.html',NULL,'Start_of_Day_Rotation_872_20150203_105959','Rotate to SOD',0,0,NULL,826,70,3),
 (873,806,3,248,0,'2015-02-03 11:06:11','2015-02-03 11:27:18','0000-00-00 00:00:00','ISE_PT105_with_BAITS_report_20150203_110611.html',NULL,'ISE_PT105_with_BAITS_873_20150203_110611','New baseline with new kernel',0,0,NULL,865,70,3),
 (874,807,3,248,0,'2015-02-03 11:31:54','2015-02-03 11:59:31','0000-00-00 00:00:00','ISE_PT105_with_BAITS_report_20150203_113154.html','uploads/home/Gts_Tests/PAT/Core/ISE_regression/ISE_PT105_with_BAITS_874_20150203_113154','ISE_PT105_with_BAITS_874_20150203_113154','New baseline with new kernel',0,0,NULL,865,70,3),
 (875,808,2,2,0,'2015-02-03 12:09:06','2015-02-03 12:09:36','0000-00-00 00:00:00','OAT_Troubleshooting_1_report_20150203_120906.html',NULL,'OAT_Troubleshooting_1_875_20150203_120906','Testing JS File Breakup',0,0,NULL,875,70,4),
 (876,809,2,270,0,'2015-02-03 13:33:33','2015-02-03 14:10:05','0000-00-00 00:00:00','ISE_PT105_with_BAITS_Only_GW1_and_GW2_report_20150203_133333.html','uploads/home/Gts_Tests/PAT/Core/ISE_regression/ISE_PT105_with_BAITS_Only_GW1_and_GW2_876_20150203_133333','ISE_PT105_with_BAITS_Only_GW1_and_GW2_876_20150203_133333','Phase 1 - (Members upgraded 203/205/207/209)',0,0,NULL,876,70,3),
 (877,810,3,248,0,'2015-02-03 14:23:57','2015-02-03 14:35:04','0000-00-00 00:00:00','ISE_PT105_with_BAITS_report_20150203_142357.html',NULL,'ISE_PT105_with_BAITS_877_20150203_142357','Phase 1 - (Members upgraded 203/205/207/209)',0,0,NULL,877,70,3),
 (878,811,2,270,0,'2015-02-03 14:36:19','2015-02-03 15:04:09','0000-00-00 00:00:00','ISE_PT105_with_BAITS_Only_GW1_and_GW2_report_20150203_143619.html','uploads/home/Gts_Tests/PAT/Core/ISE_regression/ISE_PT105_with_BAITS_Only_GW1_and_GW2_878_20150203_143619','ISE_PT105_with_BAITS_Only_GW1_and_GW2_878_20150203_143619','Phase 1 - (Members upgraded) - Cleaned Core Dump on 202/213',0,0,NULL,878,70,3),
 (879,812,2,270,0,'2015-02-03 16:39:33','2015-02-03 17:06:19','0000-00-00 00:00:00','ISE_PT105_with_BAITS_Only_GW1_and_GW2_report_20150203_163933.html','uploads/home/Gts_Tests/PAT/Core/ISE_regression/ISE_PT105_with_BAITS_Only_GW1_and_GW2_879_20150203_163933','ISE_PT105_with_BAITS_Only_GW1_and_GW2_879_20150203_163933','Phase 1 - (Members upgraded)  - 209 Puppet Locked',0,0,NULL,879,71,3),
 (880,813,2,120,0,'2015-02-04 09:09:00','2015-02-04 10:13:22','0000-00-00 00:00:00','OAT_Morning_Rotation_report_20150204_090900.html',NULL,'OAT_Morning_Rotation_880_20150204_090900','Morning Rotation',0,0,NULL,738,70,4),
 (881,815,3,58,0,'2015-02-04 09:19:14','2015-02-04 09:32:01','0000-00-00 00:00:00','Rotate_PAT_report_20150204_091914.html',NULL,'Rotate_PAT_881_20150204_091914','Primary Hosts Upgraded (Phase 1)',0,0,NULL,844,70,3),
 (882,816,3,248,0,'2015-02-04 09:35:09','2015-02-04 10:03:32','0000-00-00 00:00:00','ISE_PT105_with_BAITS_report_20150204_093509.html','uploads/home/Gts_Tests/PAT/Core/ISE_regression/ISE_PT105_with_BAITS_882_20150204_093509','ISE_PT105_with_BAITS_882_20150204_093509','Baseline',0,0,NULL,882,70,3),
 (883,814,2,121,0,'2015-02-04 10:13:22','2015-02-04 10:35:38','0000-00-00 00:00:00','OAT_ISE_Apps_Rotate_All_report_20150204_101322.html',NULL,'OAT_ISE_Apps_Rotate_All_883_20150204_101322','Morning Rotation',0,0,NULL,788,70,4),
 (884,817,2,248,0,'2015-02-04 10:21:19','2015-02-04 10:48:25','0000-00-00 00:00:00','ISE_PT105_with_BAITS_report_20150204_102119.html','uploads/home/Gts_Tests/PAT/Core/ISE_regression/ISE_PT105_with_BAITS_884_20150204_102119','ISE_PT105_with_BAITS_884_20150204_102119','Baseline',0,0,NULL,882,70,3),
 (885,818,3,248,0,'2015-02-04 17:03:16','2015-02-04 17:04:11','0000-00-00 00:00:00','ISE_PT105_with_BAITS_report_20150204_170316.html',NULL,'ISE_PT105_with_BAITS_885_20150204_170316','All hosts except 201 and 215 upgraded',0,0,NULL,885,70,3),
 (886,819,2,248,0,'2015-02-04 17:17:22','2015-02-04 17:44:54','0000-00-00 00:00:00','ISE_PT105_with_BAITS_report_20150204_171722.html','uploads/home/Gts_Tests/PAT/Core/ISE_regression/ISE_PT105_with_BAITS_886_20150204_171722','ISE_PT105_with_BAITS_886_20150204_171722','All hosts except 201 and 215 upgraded',0,0,NULL,885,70,3),
 (887,820,2,120,0,'2015-02-05 08:59:49','2015-02-05 10:04:29','0000-00-00 00:00:00','OAT_Morning_Rotation_report_20150205_085949.html',NULL,'OAT_Morning_Rotation_887_20150205_085949','Morning Rotation',0,0,NULL,738,70,4),
 (888,821,2,121,0,'2015-02-05 10:04:30','2015-02-05 10:26:37','0000-00-00 00:00:00','OAT_ISE_Apps_Rotate_All_report_20150205_100430.html',NULL,'OAT_ISE_Apps_Rotate_All_888_20150205_100430','Morning Rotation',0,0,NULL,788,70,4),
 (889,822,3,248,0,'2015-02-05 10:27:46','2015-02-05 10:41:11','0000-00-00 00:00:00','ISE_PT105_with_BAITS_report_20150205_102746.html',NULL,'ISE_PT105_with_BAITS_889_20150205_102746','All hosts upgraded ',0,0,NULL,889,70,3),
 (890,823,2,58,0,'2015-02-05 10:52:00','2015-02-05 11:06:01','0000-00-00 00:00:00','Rotate_PAT_report_20150205_105200.html',NULL,'Rotate_PAT_890_20150205_105200','Primary Hosts Upgraded (Phase 1)',0,0,NULL,844,70,3),
 (891,824,2,248,0,'2015-02-05 11:06:01','2015-02-05 11:32:12','0000-00-00 00:00:00','ISE_PT105_with_BAITS_report_20150205_110601.html','uploads/home/Gts_Tests/PAT/Core/ISE_regression/ISE_PT105_with_BAITS_891_20150205_110601','ISE_PT105_with_BAITS_891_20150205_110601','All hosts upgraded ',0,0,NULL,889,70,3),
 (892,825,3,248,0,'2015-02-05 12:43:53','2015-02-05 13:11:07','0000-00-00 00:00:00','ISE_PT105_with_BAITS_report_20150205_124353.html','uploads/home/Gts_Tests/PAT/Core/ISE_regression/ISE_PT105_with_BAITS_892_20150205_124353','ISE_PT105_with_BAITS_892_20150205_124353','All hosts upgraded ',0,0,NULL,889,70,3),
 (893,826,2,248,0,'2015-02-05 13:45:10','2015-02-05 14:12:39','0000-00-00 00:00:00','ISE_PT105_with_BAITS_report_20150205_134510.html','uploads/home/Gts_Tests/PAT/Core/ISE_regression/ISE_PT105_with_BAITS_893_20150205_134510','ISE_PT105_with_BAITS_893_20150205_134510','All hosts upgraded ',0,0,NULL,889,70,3),
 (894,827,2,2,0,'2015-02-05 15:42:53','2015-02-05 15:43:23','0000-00-00 00:00:00','OAT_Troubleshooting_1_report_20150205_154253.html',NULL,'OAT_Troubleshooting_1_894_20150205_154253','Testing JS File Breakup',0,0,NULL,875,70,4),
 (895,828,2,120,0,'2015-02-06 11:51:31','2015-02-06 12:55:24','0000-00-00 00:00:00','OAT_Morning_Rotation_report_20150206_115131.html',NULL,'OAT_Morning_Rotation_895_20150206_115131','Morning Rotation',0,0,NULL,738,70,4),
 (896,830,3,271,0,'2015-02-06 12:18:59','2015-02-06 12:26:09','0000-00-00 00:00:00','Start_of_Day_Rotation_report_20150206_121859.html',NULL,'Start_of_Day_Rotation_896_20150206_121859','Morning Rotation',0,0,NULL,896,70,3),
 (897,831,3,271,0,'2015-02-06 12:53:55','2015-02-06 13:01:04','0000-00-00 00:00:00','Start_of_Day_Rotation_report_20150206_125355.html',NULL,'Start_of_Day_Rotation_897_20150206_125355','Morning Rotation',0,0,NULL,896,70,3),
 (898,829,2,121,0,'2015-02-06 12:55:24','2015-02-06 13:17:22','0000-00-00 00:00:00','OAT_ISE_Apps_Rotate_All_report_20150206_125525.html',NULL,'OAT_ISE_Apps_Rotate_All_898_20150206_125524','Morning Rotation',0,0,NULL,788,70,4),
 (899,832,3,271,0,'2015-02-06 13:20:43','2015-02-06 13:27:53','0000-00-00 00:00:00','Start_of_Day_Rotation_report_20150206_132043.html',NULL,'Start_of_Day_Rotation_899_20150206_132043','Morning Rotation',0,0,NULL,896,70,3),
 (900,833,3,271,0,'2015-02-06 14:06:03','2015-02-06 14:16:03','0000-00-00 00:00:00','Start_of_Day_Rotation_report_20150206_140603.html',NULL,'Start_of_Day_Rotation_900_20150206_140603','Morning Rotation',0,0,NULL,896,70,3),
 (901,834,2,248,0,'2015-02-06 14:20:07','2015-02-06 14:50:27','0000-00-00 00:00:00','ISE_PT105_with_BAITS_report_20150206_142007.html','uploads/home/Gts_Tests/PAT/Core/ISE_regression/ISE_PT105_with_BAITS_901_20150206_142007','ISE_PT105_with_BAITS_901_20150206_142007','ME Logical core 1-9',0,0,NULL,901,71,3),
 (902,835,2,120,0,'2015-02-09 09:22:08','2015-02-09 10:29:50','0000-00-00 00:00:00','OAT_Morning_Rotation_report_20150209_092208.html',NULL,'OAT_Morning_Rotation_902_20150209_092208','Morning Rotation',0,0,NULL,738,70,4),
 (903,836,2,121,0,'2015-02-09 10:29:51','2015-02-09 10:52:25','0000-00-00 00:00:00','OAT_ISE_Apps_Rotate_All_report_20150209_102951.html',NULL,'OAT_ISE_Apps_Rotate_All_903_20150209_102951','Morning Rotation',0,0,NULL,788,70,4),
 (904,838,3,248,0,'2015-02-09 16:48:12','2015-02-09 17:04:28','0000-00-00 00:00:00','ISE_PT105_with_BAITS_report_20150209_164812.html',NULL,'ISE_PT105_with_BAITS_904_20150209_164812','PAT214 GW Upgraded',0,0,NULL,904,70,3),
 (905,837,2,171,0,'2015-02-09 16:48:16','2015-02-09 16:48:34','0000-00-00 00:00:00','Audit_Trail_Cleaning_report_20150209_164817.html',NULL,'Audit_Trail_Cleaning_905_20150209_164816','Testing',0,0,NULL,905,70,4),
 (906,837,2,28,0,'2015-02-09 16:48:34','2015-02-09 16:49:11','0000-00-00 00:00:00','Clean_Disk_Space_report_20150209_164834.html',NULL,'Clean_Disk_Space_906_20150209_164834','Testing',0,0,NULL,906,70,4),
 (907,837,2,172,0,'2015-02-09 16:49:11','2015-02-09 16:52:45','0000-00-00 00:00:00','Clean_Everything_report_20150209_164911.html',NULL,'Clean_Everything_907_20150209_164911','Testing',0,0,NULL,907,70,4),
 (908,837,3,71,0,'2015-02-09 16:52:45','2015-02-09 17:33:57','0000-00-00 00:00:00','Core_415_Change_Product_State_Script_report_20150209_165245.html',NULL,'Core_415_Change_Product_State_Script_908_20150209_165245','Testing',0,0,NULL,908,70,4),
 (909,837,2,73,0,'2015-02-09 17:33:57','2015-02-09 18:12:16','0000-00-00 00:00:00','Core_417_SetPartitionSync_Wait_and_Release_report_20150209_173357.html',NULL,'Core_417_SetPartitionSync_Wait_and_Release_909_20150209_173357','Testing',0,0,NULL,909,70,4),
 (910,837,3,72,0,'2015-02-09 18:12:17','2015-02-09 18:19:17','0000-00-00 00:00:00','Core_416_DB_Cleanups_report_20150209_181217.html',NULL,'Core_416_DB_Cleanups_910_20150209_181217','Testing',0,0,NULL,910,70,4),
 (911,837,2,75,0,'2015-02-09 18:19:17','2015-02-09 18:26:02','0000-00-00 00:00:00','Core_419_Scheduler_Event_Pause_Resume_report_20150209_181917.html',NULL,'Core_419_Scheduler_Event_Pause_Resume_911_20150209_181917','Testing',0,0,NULL,911,70,4),
 (912,837,2,74,0,'2015-02-09 18:26:02','2015-02-09 18:26:17','0000-00-00 00:00:00','Core_418_Gateway_Authentication_report_20150209_182602.html',NULL,'Core_418_Gateway_Authentication_912_20150209_182602','Testing',0,0,NULL,912,70,4),
 (913,837,3,76,0,'2015-02-09 18:26:17','2015-02-09 19:17:36','0000-00-00 00:00:00','Core_424_System_Startup_Shutdown_report_20150209_182617.html',NULL,'Core_424_System_Startup_Shutdown_913_20150209_182617','Testing',0,0,NULL,913,70,4),
 (914,839,2,248,0,'2015-02-09 19:28:03','2015-02-09 19:54:30','0000-00-00 00:00:00','ISE_PT105_with_BAITS_report_20150209_192803.html','uploads/home/Gts_Tests/PAT/Core/ISE_regression/ISE_PT105_with_BAITS_914_20150209_192803','ISE_PT105_with_BAITS_914_20150209_192803','PAT214 GW Upgraded',0,0,NULL,904,70,3),
 (915,840,2,248,0,'2015-02-10 08:36:33','2015-02-10 09:06:40','0000-00-00 00:00:00','ISE_PT105_with_BAITS_report_20150210_083633.html','uploads/home/Gts_Tests/PAT/Core/ISE_regression/ISE_PT105_with_BAITS_915_20150210_083633','ISE_PT105_with_BAITS_915_20150210_083633','PAT214 GW Upgraded',0,0,NULL,904,70,3),
 (916,841,2,120,0,'2015-02-10 08:36:50','2015-02-10 09:44:04','0000-00-00 00:00:00','OAT_Morning_Rotation_report_20150210_083650.html',NULL,'OAT_Morning_Rotation_916_20150210_083650','Morning Rotation',0,0,NULL,738,70,4),
 (917,844,2,268,0,'2015-02-10 09:08:22','2015-02-10 09:18:06','0000-00-00 00:00:00','ISE_Intraday_Mixed_Steady_15k_No_Restart_report_20150210_090822.html','uploads/home/Gts_Tests/PAT/Core/ISE_regression/ISE_Intraday_Mixed_Steady_15k_No_Restart_917_20150210_090822','ISE_Intraday_Mixed_Steady_15k_No_Restart_917_20150210_090822','GW Build certification',0,0,NULL,917,70,3),
 (918,842,2,121,0,'2015-02-10 09:44:04','2015-02-10 10:05:49','0000-00-00 00:00:00','OAT_ISE_Apps_Rotate_All_report_20150210_094404.html',NULL,'OAT_ISE_Apps_Rotate_All_918_20150210_094404','Morning Rotation',0,0,NULL,788,70,4),
 (919,845,2,268,0,'2015-02-10 10:24:24','2015-02-10 10:34:12','0000-00-00 00:00:00','ISE_Intraday_Mixed_Steady_15k_No_Restart_report_20150210_102424.html','uploads/home/Gts_Tests/PAT/Core/ISE_regression/ISE_Intraday_Mixed_Steady_15k_No_Restart_919_20150210_102424','ISE_Intraday_Mixed_Steady_15k_No_Restart_919_20150210_102424','GW Build certification',0,0,NULL,917,70,3),
 (920,846,2,243,0,'2015-02-10 10:37:13','2015-02-10 10:59:21','0000-00-00 00:00:00','ISE_Intraday_Mixed_Steady_15k_report_20150210_103713.html','uploads/home/Gts_Tests/PAT/Core/ISE_regression/ISE_Intraday_Mixed_Steady_15k_920_20150210_103713','ISE_Intraday_Mixed_Steady_15k_920_20150210_103713','GW Build certification (restart)',0,0,NULL,920,70,3),
 (921,847,2,271,0,'2015-02-10 16:42:18','2015-02-10 16:50:46','0000-00-00 00:00:00','Start_of_Day_Rotation_report_20150210_164218.html',NULL,'Start_of_Day_Rotation_921_20150210_164218','Morning Rotation',0,0,NULL,896,70,3),
 (922,848,2,120,0,'2015-02-11 08:21:24','2015-02-11 09:27:39','0000-00-00 00:00:00','OAT_Morning_Rotation_report_20150211_082124.html',NULL,'OAT_Morning_Rotation_922_20150211_082124','Morning Rotation',0,0,NULL,738,70,4),
 (923,849,2,121,0,'2015-02-11 09:27:39','2015-02-11 09:49:32','0000-00-00 00:00:00','OAT_ISE_Apps_Rotate_All_report_20150211_092739.html',NULL,'OAT_ISE_Apps_Rotate_All_923_20150211_092739','Morning Rotation',0,0,NULL,788,70,4),
 (924,854,2,120,0,'2015-02-12 08:06:02','2015-02-12 09:12:59','0000-00-00 00:00:00','OAT_Morning_Rotation_report_20150212_080602.html',NULL,'OAT_Morning_Rotation_924_20150212_080602','Morning Rotation',0,0,NULL,738,70,4),
 (925,855,2,121,0,'2015-02-12 09:12:59','2015-02-12 09:36:01','0000-00-00 00:00:00','OAT_ISE_Apps_Rotate_All_report_20150212_091259.html',NULL,'OAT_ISE_Apps_Rotate_All_925_20150212_091259','Morning Rotation',0,0,NULL,788,70,4),
 (926,856,2,120,0,'2015-02-13 07:51:48','2015-02-13 08:59:42','0000-00-00 00:00:00','OAT_Morning_Rotation_report_20150213_075148.html',NULL,'OAT_Morning_Rotation_926_20150213_075148','Morning Rotation',0,0,NULL,738,70,4),
 (927,857,2,121,0,'2015-02-13 08:59:42','2015-02-13 09:21:52','0000-00-00 00:00:00','OAT_ISE_Apps_Rotate_All_report_20150213_085942.html',NULL,'OAT_ISE_Apps_Rotate_All_927_20150213_085942','Morning Rotation',0,0,NULL,788,70,4),
 (928,858,2,120,0,'2015-02-17 08:26:48','2015-02-17 09:35:35','0000-00-00 00:00:00','OAT_Morning_Rotation_report_20150217_082648.html',NULL,'OAT_Morning_Rotation_928_20150217_082648','Morning Rotation',0,0,NULL,738,70,4),
 (929,859,3,121,0,'2015-02-17 09:35:35','2015-02-17 09:42:21','0000-00-00 00:00:00','OAT_ISE_Apps_Rotate_All_report_20150217_093535.html',NULL,'OAT_ISE_Apps_Rotate_All_929_20150217_093535','Morning Rotation',0,0,NULL,788,70,4),
 (930,860,2,2,0,'2015-02-17 16:44:28','2015-02-17 16:44:58','0000-00-00 00:00:00','OAT_Troubleshooting_1_report_20150217_164428.html',NULL,'OAT_Troubleshooting_1_930_20150217_164428','Release_ID Mapping',0,0,NULL,930,72,4),
 (931,861,2,2,0,'2015-02-17 17:07:37','2015-02-17 17:08:07','0000-00-00 00:00:00','OAT_Troubleshooting_1_report_20150217_170737.html',NULL,'OAT_Troubleshooting_1_931_20150217_170737','template_id test',0,0,NULL,931,72,4),
 (932,862,3,273,0,'2015-02-17 17:19:07','2015-02-17 17:57:53','0000-00-00 00:00:00','OAT_110_ViewDB_Refresh_BCEvent_MPSP_report_20150217_171907.html',NULL,'OAT_110_ViewDB_Refresh_BCEvent_MPSP_932_20150217_171907','Testing New ViewDB Refresh Tests',0,0,NULL,932,70,4),
 (933,862,3,274,0,'2015-02-17 17:57:53','2015-02-17 18:26:46','0000-00-00 00:00:00','OAT_111_ViewDB_Refresh_Product_Instrument_RDCXSecurity_report_20150217_175753.html',NULL,'OAT_111_ViewDB_Refresh_Product_Instrument_RDCXSecurity_933_20150217_175753','Testing New ViewDB Refresh Tests',0,0,NULL,933,70,4),
 (934,863,2,120,0,'2015-02-18 07:01:19','2015-02-18 08:08:44','0000-00-00 00:00:00','OAT_Morning_Rotation_report_20150218_070119.html',NULL,'OAT_Morning_Rotation_934_20150218_070119','Morning Rotation',0,0,NULL,738,70,4),
 (935,864,3,121,0,'2015-02-18 08:08:44','2015-02-18 08:15:01','0000-00-00 00:00:00','OAT_ISE_Apps_Rotate_All_report_20150218_080844.html',NULL,'OAT_ISE_Apps_Rotate_All_935_20150218_080844','Morning Rotation',0,0,NULL,788,70,4),
 (936,865,2,121,0,'2015-02-18 08:22:04','2015-02-18 08:44:03','0000-00-00 00:00:00','OAT_ISE_Apps_Rotate_All_report_20150218_082204.html',NULL,'OAT_ISE_Apps_Rotate_All_936_20150218_082204','Morning Rotation',0,0,NULL,788,70,4),
 (937,866,3,273,0,'2015-02-18 08:44:03','2015-02-18 09:20:06','0000-00-00 00:00:00','OAT_110_ViewDB_Refresh_BCEvent_MPSP_report_20150218_084403.html',NULL,'OAT_110_ViewDB_Refresh_BCEvent_MPSP_937_20150218_084403','Testing New ViewDB Refresh Tests',0,0,NULL,932,70,4),
 (938,867,3,274,0,'2015-02-18 09:20:06','2015-02-18 09:49:06','0000-00-00 00:00:00','OAT_111_ViewDB_Refresh_Product_Instrument_RDCXSecurity_report_20150218_092006.html',NULL,'OAT_111_ViewDB_Refresh_Product_Instrument_RDCXSecurity_938_20150218_092006','Testing New ViewDB Refresh Tests',0,0,NULL,933,70,4),
 (939,868,3,273,0,'2015-02-18 09:50:19','2015-02-18 10:30:14','0000-00-00 00:00:00','OAT_110_ViewDB_Refresh_BCEvent_MPSP_report_20150218_095019.html',NULL,'OAT_110_ViewDB_Refresh_BCEvent_MPSP_939_20150218_095019','Testing New ViewDB Refresh Tests',0,0,NULL,932,70,4),
 (940,869,3,274,0,'2015-02-18 10:30:14','2015-02-18 11:07:56','0000-00-00 00:00:00','OAT_111_ViewDB_Refresh_Product_Instrument_RDCXSecurity_report_20150218_103014.html',NULL,'OAT_111_ViewDB_Refresh_Product_Instrument_RDCXSecurity_940_20150218_103014','Testing New ViewDB Refresh Tests',0,0,NULL,933,70,4),
 (941,870,2,259,0,'2015-02-18 11:25:17','2015-02-18 11:25:17','0000-00-00 00:00:00','Git_Branch_Checkout_report_20150218_112517.html',NULL,'Git_Branch_Checkout_941_20150218_112517','Auto Trigger Test',0,0,NULL,941,73,2),
 (942,871,2,259,0,'2015-02-18 12:40:38','2015-02-18 12:40:40','0000-00-00 00:00:00','Git_Branch_Checkout_report_20150218_124038.html',NULL,'Git_Branch_Checkout_942_20150218_124038','Auto Trigger Test',0,0,NULL,942,73,4),
 (943,871,2,119,0,'2015-02-18 12:40:40','2015-02-18 13:14:24','0000-00-00 00:00:00','OAT_Full_Core_Rotation_report_20150218_124040.html',NULL,'OAT_Full_Core_Rotation_943_20150218_124040','Auto Trigger Test',0,0,NULL,943,73,4),
 (944,874,3,248,0,'2015-02-18 12:56:33','2015-02-18 13:08:19','0000-00-00 00:00:00','ISE_PT105_with_BAITS_report_20150218_125633.html',NULL,'ISE_PT105_with_BAITS_944_20150218_125633','201 Diskspace Freed',0,0,NULL,944,73,3),
 (945,873,3,273,0,'2015-02-18 13:14:24','2015-02-18 14:12:35','0000-00-00 00:00:00','OAT_110_ViewDB_Refresh_BCEvent_MPSP_report_20150218_131424.html',NULL,'OAT_110_ViewDB_Refresh_BCEvent_MPSP_945_20150218_131424','Testing New ViewDB Refresh Tests',0,0,NULL,945,73,4),
 (946,873,3,274,0,'2015-02-18 14:12:35','2015-02-18 14:45:15','0000-00-00 00:00:00','OAT_111_ViewDB_Refresh_Product_Instrument_RDCXSecurity_report_20150218_141235.html',NULL,'OAT_111_ViewDB_Refresh_Product_Instrument_RDCXSecurity_946_20150218_141235','Testing New ViewDB Refresh Tests',0,0,NULL,946,73,4),
 (947,875,2,248,0,'2015-02-18 14:22:12','2015-02-18 14:47:30','0000-00-00 00:00:00','ISE_PT105_with_BAITS_report_20150218_142212.html','uploads/home/Gts_Tests/PAT/Core/ISE_regression/ISE_PT105_with_BAITS_947_20150218_142212','ISE_PT105_with_BAITS_947_20150218_142212','201 Diskspace Freed',0,0,NULL,944,73,3),
 (948,876,3,273,0,'2015-02-18 15:04:22','2015-02-18 16:02:38','0000-00-00 00:00:00','OAT_110_ViewDB_Refresh_BCEvent_MPSP_report_20150218_150422.html',NULL,'OAT_110_ViewDB_Refresh_BCEvent_MPSP_948_20150218_150422','Testing New ViewDB Refresh Tests',0,0,NULL,945,73,4),
 (949,878,2,248,0,'2015-02-18 15:54:50','2015-02-18 16:17:27','0000-00-00 00:00:00','ISE_PT105_with_BAITS_report_20150218_155451.html','uploads/home/Gts_Tests/PAT/Core/ISE_regression/ISE_PT105_with_BAITS_949_20150218_155450','ISE_PT105_with_BAITS_949_20150218_155450','50 Products',0,0,NULL,949,73,3),
 (950,877,3,274,0,'2015-02-18 16:02:38','2015-02-18 16:56:46','0000-00-00 00:00:00','OAT_111_ViewDB_Refresh_Product_Instrument_RDCXSecurity_report_20150218_160238.html',NULL,'OAT_111_ViewDB_Refresh_Product_Instrument_RDCXSecurity_950_20150218_160238','Testing New ViewDB Refresh Tests',0,0,NULL,946,73,4),
 (951,879,1,248,0,'2015-02-18 16:17:27','0000-00-00 00:00:00','0000-00-00 00:00:00','None',NULL,'ISE_PT105_with_BAITS_951_20150218_161727','False',0,0,NULL,951,73,3),
 (952,881,3,274,0,'2015-02-18 18:39:10','2015-02-18 19:21:10','0000-00-00 00:00:00','OAT_111_ViewDB_Refresh_Product_Instrument_RDCXSecurity_report_20150218_183910.html',NULL,'OAT_111_ViewDB_Refresh_Product_Instrument_RDCXSecurity_952_20150218_183910','Testing New ViewDB Refresh Tests',0,0,NULL,946,73,4),
 (953,882,3,120,0,'2015-02-19 06:59:41','2015-02-19 07:54:50','0000-00-00 00:00:00','OAT_Morning_Rotation_report_20150219_065941.html',NULL,'OAT_Morning_Rotation_953_20150219_065941','Morning Rotation',0,0,NULL,953,73,4),
 (954,882,2,121,0,'2015-02-19 07:54:50','2015-02-19 08:17:34','0000-00-00 00:00:00','OAT_ISE_Apps_Rotate_All_report_20150219_075450.html',NULL,'OAT_ISE_Apps_Rotate_All_954_20150219_075450','Morning Rotation',0,0,NULL,954,73,4),
 (955,883,2,259,0,'2015-02-19 14:07:30','2015-02-19 14:07:30','0000-00-00 00:00:00','Git_Branch_Checkout_report_20150219_140730.html',NULL,'Git_Branch_Checkout_955_20150219_140730','Auto Trigger Test',0,0,NULL,955,72,2),
 (956,885,3,61,0,'2015-02-19 14:41:48','2015-02-19 16:05:46','0000-00-00 00:00:00','Core_431_Matcher_Leader_Failover_report_20150219_144148.html',NULL,'Core_431_Matcher_Leader_Failover_956_20150219_144148','Auto Trigger Test',0,0,NULL,956,72,4),
 (957,885,3,62,0,'2015-02-19 16:05:46','2015-02-19 17:27:00','0000-00-00 00:00:00','Core_432_Pope_Leader_Failover_report_20150219_160546.html',NULL,'Core_432_Pope_Leader_Failover_957_20150219_160546','Auto Trigger Test',0,0,NULL,957,72,4),
 (958,885,3,63,0,'2015-02-19 17:27:00','2015-02-19 18:48:20','0000-00-00 00:00:00','Core_433_RIB_Leader_Failover_report_20150219_172701.html',NULL,'Core_433_RIB_Leader_Failover_958_20150219_172700','Auto Trigger Test',0,0,NULL,958,72,4),
 (959,885,3,64,0,'2015-02-19 18:48:20','2015-02-19 20:09:31','0000-00-00 00:00:00','Core_434_MDD_Leader_Failover_report_20150219_184820.html',NULL,'Core_434_MDD_Leader_Failover_959_20150219_184820','Auto Trigger Test',0,0,NULL,959,72,4),
 (960,885,3,65,0,'2015-02-19 20:09:31','2015-02-19 21:30:57','0000-00-00 00:00:00','Core_435_Audit_Trail_Leader_Failover_report_20150219_200931.html',NULL,'Core_435_Audit_Trail_Leader_Failover_960_20150219_200931','Auto Trigger Test',0,0,NULL,960,72,4),
 (961,885,3,66,0,'2015-02-19 21:30:57','2015-02-19 21:37:10','0000-00-00 00:00:00','Core_436_TM_Failover_report_20150219_213057.html',NULL,'Core_436_TM_Failover_961_20150219_213057','Auto Trigger Test',0,0,NULL,961,72,4),
 (962,885,2,67,0,'2015-02-19 21:37:10','2015-02-19 21:53:05','0000-00-00 00:00:00','Core_438_System_Monitor_Failover_report_20150219_213710.html',NULL,'Core_438_System_Monitor_Failover_962_20150219_213710','Auto Trigger Test',0,0,NULL,962,72,4),
 (963,885,2,68,0,'2015-02-19 21:53:05','2015-02-19 21:56:51','0000-00-00 00:00:00','Core_439_System_Controller_Failover_report_20150219_215305.html',NULL,'Core_439_System_Controller_Failover_963_20150219_215305','Auto Trigger Test',0,0,NULL,963,72,4),
 (964,885,3,69,0,'2015-02-19 21:56:51','2015-02-19 22:11:18','0000-00-00 00:00:00','Core_440_Session_Manager_Failover_report_20150219_215651.html',NULL,'Core_440_Session_Manager_Failover_964_20150219_215651','Auto Trigger Test',0,0,NULL,964,72,4),
 (965,885,2,70,0,'2015-02-19 22:11:18','2015-02-19 22:28:49','0000-00-00 00:00:00','Core_457_Status_Manager_Failover_report_20150219_221118.html',NULL,'Core_457_Status_Manager_Failover_965_20150219_221118','Auto Trigger Test',0,0,NULL,965,72,4),
 (966,885,3,71,0,'2015-02-19 22:28:49','2015-02-19 23:19:55','0000-00-00 00:00:00','Core_415_Change_Product_State_Script_report_20150219_222849.html',NULL,'Core_415_Change_Product_State_Script_966_20150219_222849','Auto Trigger Test',0,0,NULL,966,72,4),
 (967,885,3,72,0,'2015-02-19 23:19:55','2015-02-19 23:22:17','0000-00-00 00:00:00','Core_416_DB_Cleanups_report_20150219_231955.html',NULL,'Core_416_DB_Cleanups_967_20150219_231955','Auto Trigger Test',0,0,NULL,967,72,4),
 (968,885,3,73,0,'2015-02-19 23:22:17','2015-02-20 00:09:51','0000-00-00 00:00:00','Core_417_SetPartitionSync_Wait_and_Release_report_20150219_232217.html',NULL,'Core_417_SetPartitionSync_Wait_and_Release_968_20150219_232217','Auto Trigger Test',0,0,NULL,968,72,4),
 (969,885,3,74,0,'2015-02-20 00:09:51','2015-02-20 00:09:56','0000-00-00 00:00:00','Core_418_Gateway_Authentication_report_20150220_000951.html',NULL,'Core_418_Gateway_Authentication_969_20150220_000951','Auto Trigger Test',0,0,NULL,969,72,4),
 (970,885,3,76,0,'2015-02-20 00:09:56','2015-02-20 01:09:28','0000-00-00 00:00:00','Core_424_System_Startup_Shutdown_report_20150220_000956.html',NULL,'Core_424_System_Startup_Shutdown_970_20150220_000956','Auto Trigger Test',0,0,NULL,970,72,4),
 (971,885,3,77,0,'2015-02-20 01:09:28','2015-02-20 01:56:51','0000-00-00 00:00:00','Core_426_dbsync_dbcheck_Local_DBs_report_20150220_010928.html',NULL,'Core_426_dbsync_dbcheck_Local_DBs_971_20150220_010928','Auto Trigger Test',0,0,NULL,971,72,4),
 (972,885,3,78,0,'2015-02-20 01:56:51','2015-02-20 01:57:09','0000-00-00 00:00:00','Core_427_uCheck_Functionality_report_20150220_015651.html',NULL,'Core_427_uCheck_Functionality_972_20150220_015651','Auto Trigger Test',0,0,NULL,972,72,4),
 (973,885,3,79,0,'2015-02-20 01:57:09','2015-02-20 01:57:13','0000-00-00 00:00:00','Core_500_MG_Session_Manager_Load_Balancing_report_20150220_015709.html',NULL,'Core_500_MG_Session_Manager_Load_Balancing_973_20150220_015709','Auto Trigger Test',0,0,NULL,973,72,4),
 (974,885,3,212,0,'2015-02-20 01:57:13','2015-02-20 01:57:17','0000-00-00 00:00:00','Core_606_LLO_Connecting_to_LLO_via_Non_CGW_report_20150220_015713.html',NULL,'Core_606_LLO_Connecting_to_LLO_via_Non_CGW_974_20150220_015713','Auto Trigger Test',0,0,NULL,974,72,4),
 (975,885,3,91,0,'2015-02-20 01:57:17','2015-02-20 03:15:46','0000-00-00 00:00:00','OAT_55_24h_Cycle_BC_Trade_Open_Failure_report_20150220_015717.html',NULL,'OAT_55_24h_Cycle_BC_Trade_Open_Failure_975_20150220_015717','Auto Trigger Test',0,0,NULL,975,72,4),
 (976,885,3,92,0,'2015-02-20 03:15:46','2015-02-20 04:34:03','0000-00-00 00:00:00','OAT_56_24h_Cycle_BC_Order_Open_Failure_report_20150220_031546.html',NULL,'OAT_56_24h_Cycle_BC_Order_Open_Failure_976_20150220_031546','Auto Trigger Test',0,0,NULL,976,72,4),
 (977,885,3,93,0,'2015-02-20 04:34:04','2015-02-20 05:29:56','0000-00-00 00:00:00','OAT_57_24h_Cycle_Matcher_Release_Failure_report_20150220_043404.html',NULL,'OAT_57_24h_Cycle_Matcher_Release_Failure_977_20150220_043404','Auto Trigger Test',0,0,NULL,977,72,4),
 (978,885,3,94,0,'2015-02-20 05:29:56','2015-02-20 06:48:05','0000-00-00 00:00:00','OAT_58_24h_Cycle_Trading_Start_of_Day_Failure_report_20150220_052956.html',NULL,'OAT_58_24h_Cycle_Trading_Start_of_Day_Failure_978_20150220_052956','Auto Trigger Test',0,0,NULL,978,72,4),
 (979,885,3,95,0,'2015-02-20 06:48:05','2015-02-20 08:06:13','0000-00-00 00:00:00','OAT_62_24h_Cycle_Trading_Open_Failure_report_20150220_064805.html',NULL,'OAT_62_24h_Cycle_Trading_Open_Failure_979_20150220_064805','Auto Trigger Test',0,0,NULL,979,72,4),
 (980,885,3,96,0,'2015-02-20 08:06:13','2015-02-20 09:24:52','0000-00-00 00:00:00','OAT_63_24h_Cycle_Trading_Open_Failure_report_20150220_080613.html',NULL,'OAT_63_24h_Cycle_Trading_Open_Failure_980_20150220_080613','Auto Trigger Test',0,0,NULL,980,72,4),
 (981,885,3,225,0,'2015-02-20 09:24:52','2015-02-20 09:38:03','0000-00-00 00:00:00','Core_607_MDMDB_Cleanup_report_20150220_092452.html',NULL,'Core_607_MDMDB_Cleanup_981_20150220_092452','Auto Trigger Test',0,0,NULL,981,72,4),
 (982,885,3,100,0,'2015-02-20 09:38:03','2015-02-20 10:25:13','0000-00-00 00:00:00','OAT_20_Gateway_Failure_report_20150220_093803.html',NULL,'OAT_20_Gateway_Failure_982_20150220_093803','Auto Trigger Test',0,0,NULL,982,72,4),
 (983,885,3,101,0,'2015-02-20 10:25:13','2015-02-20 11:10:39','0000-00-00 00:00:00','OAT_21_ME_Failover_report_20150220_102513.html',NULL,'OAT_21_ME_Failover_983_20150220_102513','Auto Trigger Test',0,0,NULL,983,72,4),
 (984,885,3,102,0,'2015-02-20 11:10:39','2015-02-20 12:17:25','0000-00-00 00:00:00','OAT_30_Mdd_Failover_report_20150220_111039.html',NULL,'OAT_30_Mdd_Failover_984_20150220_111039','Auto Trigger Test',0,0,NULL,984,72,4),
 (985,885,3,104,0,'2015-02-20 12:17:25','2015-02-20 13:05:00','0000-00-00 00:00:00','OAT_38_ME_Failure_report_20150220_121725.html',NULL,'OAT_38_ME_Failure_985_20150220_121725','Auto Trigger Test',0,0,NULL,985,72,4),
 (986,885,3,105,0,'2015-02-20 13:05:00','2015-02-20 14:11:32','0000-00-00 00:00:00','OAT_39_Mdd_Failure_report_20150220_130500.html',NULL,'OAT_39_Mdd_Failure_986_20150220_130500','Auto Trigger Test',0,0,NULL,986,72,4),
 (987,885,3,250,0,'2015-02-20 14:11:32','2015-02-20 14:11:37','0000-00-00 00:00:00','Core_634_Gateway_Reject_NonPersistent_GTCD_report_20150220_141132.html',NULL,'Core_634_Gateway_Reject_NonPersistent_GTCD_987_20150220_141132','Auto Trigger Test',0,0,NULL,987,72,4),
 (988,885,2,251,0,'2015-02-20 14:11:37','2015-02-20 14:11:59','0000-00-00 00:00:00','OAT_104_sendcreatedevent_Functionality_report_20150220_141137.html',NULL,'OAT_104_sendcreatedevent_Functionality_988_20150220_141137','Auto Trigger Test',0,0,NULL,988,72,4),
 (989,885,3,97,0,'2015-02-20 14:11:59','2015-02-20 15:30:41','0000-00-00 00:00:00','OAT_68_24h_Cycle_Trading_Post_End_of_Day_Failure_report_20150220_141159.html',NULL,'OAT_68_24h_Cycle_Trading_Post_End_of_Day_Failure_989_20150220_141159','Auto Trigger Test',0,0,NULL,989,72,4),
 (990,885,3,98,0,'2015-02-20 15:30:41','2015-02-20 16:20:52','0000-00-00 00:00:00','OAT_77_24h_Cycle_System_Monitor_Failure_report_20150220_153041.html',NULL,'OAT_77_24h_Cycle_System_Monitor_Failure_990_20150220_153041','Auto Trigger Test',0,0,NULL,990,72,4),
 (991,885,3,99,0,'2015-02-20 16:20:52','2015-02-20 17:09:53','0000-00-00 00:00:00','OAT_79_24h_Cycle_Cross_DBs_Failure_report_20150220_162052.html',NULL,'OAT_79_24h_Cycle_Cross_DBs_Failure_991_20150220_162052','Auto Trigger Test',0,0,NULL,991,72,4),
 (992,885,2,118,0,'2015-02-20 17:09:53','2015-02-20 17:11:23','0000-00-00 00:00:00','OAT_94_piCheck_Functionality_report_20150220_170953.html',NULL,'OAT_94_piCheck_Functionality_992_20150220_170953','Auto Trigger Test',0,0,NULL,992,72,4),
 (993,885,3,110,0,'2015-02-20 17:11:23','2015-02-20 18:29:42','0000-00-00 00:00:00','OAT_83_RefData_Base_Line_report_20150220_171123.html',NULL,'OAT_83_RefData_Base_Line_993_20150220_171123','Auto Trigger Test',0,0,NULL,993,72,4),
 (994,885,3,111,0,'2015-02-20 18:29:42','2015-02-20 19:20:24','0000-00-00 00:00:00','OAT_84_RefData_Pope_Failure_report_20150220_182943.html',NULL,'OAT_84_RefData_Pope_Failure_994_20150220_182942','Auto Trigger Test',0,0,NULL,994,72,4),
 (995,885,3,112,0,'2015-02-20 19:20:25','2015-02-20 20:38:46','0000-00-00 00:00:00','OAT_85_RefData_RdaIB_Failure_report_20150220_192025.html',NULL,'OAT_85_RefData_RdaIB_Failure_995_20150220_192025','Auto Trigger Test',0,0,NULL,995,72,4),
 (996,885,3,113,0,'2015-02-20 20:38:46','2015-02-20 21:59:02','0000-00-00 00:00:00','OAT_86_RefData_ActiveMQ_Failure_report_20150220_203846.html',NULL,'OAT_86_RefData_ActiveMQ_Failure_996_20150220_203846','Auto Trigger Test',0,0,NULL,996,72,4),
 (997,885,3,114,0,'2015-02-20 21:59:02','2015-02-20 23:19:24','0000-00-00 00:00:00','OAT_87_RefData_Jboss_Failure_report_20150220_215902.html',NULL,'OAT_87_RefData_Jboss_Failure_997_20150220_215902','Auto Trigger Test',0,0,NULL,997,72,4),
 (998,885,3,115,0,'2015-02-20 23:19:24','2015-02-21 00:37:14','0000-00-00 00:00:00','OAT_88_RefData_RdaOB_Failure_report_20150220_231924.html',NULL,'OAT_88_RefData_RdaOB_Failure_998_20150220_231924','Auto Trigger Test',0,0,NULL,998,72,4),
 (999,885,3,116,0,'2015-02-21 00:37:14','2015-02-21 01:54:40','0000-00-00 00:00:00','OAT_89_RefData_Rdd_Failure_report_20150221_003714.html',NULL,'OAT_89_RefData_Rdd_Failure_999_20150221_003714','Auto Trigger Test',0,0,NULL,999,72,4),
 (1000,885,3,117,0,'2015-02-21 01:54:40','2015-02-21 01:55:27','0000-00-00 00:00:00','OAT_93_eventCheck_Functionality_report_20150221_015440.html',NULL,'OAT_93_eventCheck_Functionality_1000_20150221_015440','Auto Trigger Test',0,0,NULL,1000,72,4),
 (1001,885,3,54,0,'2015-02-21 01:55:27','2015-02-21 03:12:58','0000-00-00 00:00:00','OAT_81_RefData_ME_Failure_report_20150221_015527.html',NULL,'OAT_81_RefData_ME_Failure_1001_20150221_015527','Auto Trigger Test',0,0,NULL,1001,72,4),
 (1002,885,3,55,0,'2015-02-21 03:12:58','2015-02-21 04:30:11','0000-00-00 00:00:00','OAT_82_RefData_Gateway_Failure_report_20150221_031258.html',NULL,'OAT_82_RefData_Gateway_Failure_1002_20150221_031258','Auto Trigger Test',0,0,NULL,1002,72,4),
 (1003,885,3,75,0,'2015-02-21 04:30:11','2015-02-21 04:33:20','0000-00-00 00:00:00','Core_419_Scheduler_Event_Pause_Resume_report_20150221_043011.html',NULL,'Core_419_Scheduler_Event_Pause_Resume_1003_20150221_043011','Auto Trigger Test',0,0,NULL,1003,72,4),
 (1004,887,3,248,0,'2015-02-19 15:15:27','2015-02-19 15:15:28','0000-00-00 00:00:00','ISE_PT105_with_BAITS_report_20150219_151527.html',NULL,'ISE_PT105_with_BAITS_1004_20150219_151527','50 Products, Fixed BAITS Cfg',0,0,NULL,1004,73,3),
 (1005,888,3,272,0,'2015-02-19 15:18:07','2015-02-19 15:23:18','0000-00-00 00:00:00','ISE_PT105_with_BAITS_No_Restart_report_20150219_151807.html',NULL,'ISE_PT105_with_BAITS_No_Restart_1005_20150219_151807','50 products fixed BAITS cfg',0,0,NULL,1005,73,3),
 (1006,889,2,272,0,'2015-02-19 15:37:41','2015-02-19 15:48:02','0000-00-00 00:00:00','ISE_PT105_with_BAITS_No_Restart_report_20150219_153741.html','uploads/home/Gts_Tests/PAT/Core/ISE_regression/ISE_PT105_with_BAITS_No_Restart_1006_20150219_153741','ISE_PT105_with_BAITS_No_Restart_1006_20150219_153741','50 products fixed BAITS cfg',0,0,NULL,1005,73,3),
 (1007,890,2,248,0,'2015-02-19 16:09:51','2015-02-19 16:51:35','0000-00-00 00:00:00','ISE_PT105_with_BAITS_report_20150219_160951.html','uploads/home/Gts_Tests/PAT/Core/ISE_regression/ISE_PT105_with_BAITS_1007_20150219_160951','ISE_PT105_with_BAITS_1007_20150219_160951','50 Products, Fixed BAITS Cfg',0,0,NULL,1004,73,3),
 (1008,892,2,248,0,'2015-02-19 17:20:40','2015-02-19 18:01:57','0000-00-00 00:00:00','ISE_PT105_with_BAITS_report_20150219_172040.html','uploads/home/Gts_Tests/PAT/Core/ISE_regression/ISE_PT105_with_BAITS_1008_20150219_172040','ISE_PT105_with_BAITS_1008_20150219_172040','200 Products',0,0,NULL,1008,73,3);
INSERT INTO `test_execution` (`id`,`task_id`,`status`,`test_id`,`suite_id`,`start_time`,`end_time`,`request_time`,`report`,`test_folder_path`,`test_folder_name`,`label`,`user_id`,`approval_status`,`approved_by`,`group_id`,`release_id`,`template_id`) VALUES 
 (1009,893,2,248,0,'2015-02-20 10:38:41','2015-02-20 11:21:03','0000-00-00 00:00:00','ISE_PT105_with_BAITS_report_20150220_103841.html','uploads/home/Gts_Tests/PAT/Core/ISE_regression/ISE_PT105_with_BAITS_1009_20150220_103841','ISE_PT105_with_BAITS_1009_20150220_103841','After 200 Prod Swap - Restarted 208 AT Server',0,0,NULL,1009,73,3),
 (1010,894,2,248,0,'2015-02-20 11:43:36','2015-02-20 12:10:43','0000-00-00 00:00:00','ISE_PT105_with_BAITS_report_20150220_114336.html','uploads/home/Gts_Tests/PAT/Core/ISE_regression/ISE_PT105_with_BAITS_1010_20150220_114336','ISE_PT105_with_BAITS_1010_20150220_114336','After 200 Prod move, Restart AT Member 209',0,0,NULL,1010,73,3),
 (1011,895,2,272,0,'2015-02-20 12:23:26','2015-02-20 12:50:37','0000-00-00 00:00:00','ISE_PT105_with_BAITS_No_Restart_report_20150220_122327.html','uploads/home/Gts_Tests/PAT/Core/ISE_regression/ISE_PT105_with_BAITS_No_Restart_1011_20150220_122326','ISE_PT105_with_BAITS_No_Restart_1011_20150220_122326','Shut Down AT Member MySQL 209',0,0,NULL,1011,73,3),
 (1012,896,2,272,0,'2015-02-20 14:05:05','2015-02-20 14:19:07','0000-00-00 00:00:00','ISE_PT105_with_BAITS_No_Restart_report_20150220_140505.html','uploads/home/Gts_Tests/PAT/Core/ISE_regression/ISE_PT105_with_BAITS_No_Restart_1012_20150220_140505','ISE_PT105_with_BAITS_No_Restart_1012_20150220_140505','200 prod move, Stop 208 and 209 mysql proc',0,0,NULL,1012,73,3),
 (1013,897,3,272,0,'2015-02-20 14:32:33','2015-02-20 14:47:30','0000-00-00 00:00:00','ISE_PT105_with_BAITS_No_Restart_report_20150220_143233.html','uploads/home/Gts_Tests/PAT/Core/ISE_regression/ISE_PT105_with_BAITS_No_Restart_1013_20150220_143232','ISE_PT105_with_BAITS_No_Restart_1013_20150220_143232','Stop Pope-12',0,0,NULL,1013,73,3),
 (1014,898,2,270,0,'2015-02-20 14:52:20','2015-02-20 15:17:42','0000-00-00 00:00:00','ISE_PT105_with_BAITS_Only_GW1_and_GW2_report_20150220_145220.html','uploads/home/Gts_Tests/PAT/Core/ISE_regression/ISE_PT105_with_BAITS_Only_GW1_and_GW2_1014_20150220_145220','ISE_PT105_with_BAITS_Only_GW1_and_GW2_1014_20150220_145220','Restart SQL on 208,209',0,0,NULL,1014,73,3),
 (1015,899,3,272,0,'2015-02-20 15:47:13','2015-02-20 15:54:32','0000-00-00 00:00:00','ISE_PT105_with_BAITS_No_Restart_report_20150220_154713.html',NULL,'ISE_PT105_with_BAITS_No_Restart_1015_20150220_154713','Lock puppet on 204/205/208/209',0,0,NULL,1015,73,3),
 (1016,900,2,272,0,'2015-02-20 16:01:31','2015-02-20 16:28:51','0000-00-00 00:00:00','ISE_PT105_with_BAITS_No_Restart_report_20150220_160131.html','uploads/home/Gts_Tests/PAT/Core/ISE_regression/ISE_PT105_with_BAITS_No_Restart_1016_20150220_160131','ISE_PT105_with_BAITS_No_Restart_1016_20150220_160131','Lock puppet on 204/205/208/209',0,0,NULL,1015,73,3),
 (1017,901,3,120,0,'2015-02-22 12:46:56','2015-02-22 13:45:27','0000-00-00 00:00:00','OAT_Morning_Rotation_report_20150222_124656.html',NULL,'OAT_Morning_Rotation_1017_20150222_124656','Morning Rotation',0,0,NULL,1017,72,4),
 (1018,901,2,121,0,'2015-02-22 13:45:27','2015-02-22 14:09:39','0000-00-00 00:00:00','OAT_ISE_Apps_Rotate_All_report_20150222_134527.html',NULL,'OAT_ISE_Apps_Rotate_All_1018_20150222_134527','Morning Rotation',0,0,NULL,1018,72,4),
 (1019,902,2,120,0,'2015-02-23 08:54:04','2015-02-23 10:03:23','0000-00-00 00:00:00','OAT_Morning_Rotation_report_20150223_085404.html',NULL,'OAT_Morning_Rotation_1019_20150223_085404','Morning Rotation',0,0,NULL,1017,72,4),
 (1020,903,3,248,0,'2015-02-23 10:36:47','2015-02-23 10:49:15','0000-00-00 00:00:00','ISE_PT105_with_BAITS_report_20150223_103647.html',NULL,'ISE_PT105_with_BAITS_1020_20150223_103647','Shutdown MySQL on 208/209',0,0,NULL,1020,73,3),
 (1021,904,2,248,0,'2015-02-23 10:56:40','2015-02-23 11:21:54','0000-00-00 00:00:00','ISE_PT105_with_BAITS_report_20150223_105640.html','uploads/home/Gts_Tests/PAT/Core/ISE_regression/ISE_PT105_with_BAITS_1021_20150223_105640','ISE_PT105_with_BAITS_1021_20150223_105640','Shutdown MySQL on 208/209',0,0,NULL,1020,73,3),
 (1022,905,2,272,0,'2015-02-23 11:48:34','2015-02-23 12:01:45','0000-00-00 00:00:00','ISE_PT105_with_BAITS_No_Restart_report_20150223_114834.html','uploads/home/Gts_Tests/PAT/Core/ISE_regression/ISE_PT105_with_BAITS_No_Restart_1022_20150223_114834','ISE_PT105_with_BAITS_No_Restart_1022_20150223_114834','Clean diskspace on 206: MySQL down on 208/209',0,0,NULL,1022,73,3),
 (1023,906,2,61,0,'2015-02-23 14:07:27','2015-02-23 14:55:58','0000-00-00 00:00:00','Core_431_Matcher_Leader_Failover_report_20150223_140727.html',NULL,'Core_431_Matcher_Leader_Failover_1023_20150223_140727','Auto Trigger Test',0,0,NULL,956,72,4),
 (1024,907,2,62,0,'2015-02-23 14:55:58','2015-02-23 15:32:51','0000-00-00 00:00:00','Core_432_Pope_Leader_Failover_report_20150223_145558.html',NULL,'Core_432_Pope_Leader_Failover_1024_20150223_145558','Auto Trigger Test',0,0,NULL,957,72,4),
 (1025,910,2,248,0,'2015-02-23 15:11:30','2015-02-23 15:50:25','0000-00-00 00:00:00','ISE_PT105_with_BAITS_report_20150223_151130.html','uploads/home/Gts_Tests/PAT/Core/ISE_regression/ISE_PT105_with_BAITS_1025_20150223_151130','ISE_PT105_with_BAITS_1025_20150223_151130','Clean diskspace on 206: MySQL down on 208/209',0,0,NULL,1025,73,3),
 (1026,908,2,63,0,'2015-02-23 15:32:51','2015-02-23 16:16:46','0000-00-00 00:00:00','Core_433_RIB_Leader_Failover_report_20150223_153252.html',NULL,'Core_433_RIB_Leader_Failover_1026_20150223_153251','Auto Trigger Test',0,0,NULL,958,72,4),
 (1027,909,2,64,0,'2015-02-23 16:16:46','2015-02-23 16:52:06','0000-00-00 00:00:00','Core_434_MDD_Leader_Failover_report_20150223_161646.html',NULL,'Core_434_MDD_Leader_Failover_1027_20150223_161646','Auto Trigger Test',0,0,NULL,959,72,4),
 (1028,911,2,65,0,'2015-02-23 17:51:21','2015-02-23 18:36:32','0000-00-00 00:00:00','Core_435_Audit_Trail_Leader_Failover_report_20150223_175121.html',NULL,'Core_435_Audit_Trail_Leader_Failover_1028_20150223_175121','Auto Trigger Test',0,0,NULL,960,72,4),
 (1029,926,2,248,0,'2015-02-23 17:52:05','2015-02-23 18:25:54','0000-00-00 00:00:00','ISE_PT105_with_BAITS_report_20150223_175206.html','uploads/home/Gts_Tests/PAT/Core/ISE_regression/ISE_PT105_with_BAITS_1029_20150223_175205','ISE_PT105_with_BAITS_1029_20150223_175205','Restarted 206 Server (TM Primary)',0,0,NULL,1029,73,3),
 (1030,912,2,66,0,'2015-02-23 18:36:32','2015-02-23 18:48:21','0000-00-00 00:00:00','Core_436_TM_Failover_report_20150223_183633.html',NULL,'Core_436_TM_Failover_1030_20150223_183632','Auto Trigger Test',0,0,NULL,961,72,4),
 (1031,913,2,67,0,'2015-02-23 18:48:21','2015-02-23 19:04:44','0000-00-00 00:00:00','Core_438_System_Monitor_Failover_report_20150223_184821.html',NULL,'Core_438_System_Monitor_Failover_1031_20150223_184821','Auto Trigger Test',0,0,NULL,962,72,4),
 (1032,914,2,68,0,'2015-02-23 19:04:44','2015-02-23 19:08:36','0000-00-00 00:00:00','Core_439_System_Controller_Failover_report_20150223_190444.html',NULL,'Core_439_System_Controller_Failover_1032_20150223_190444','Auto Trigger Test',0,0,NULL,963,72,4),
 (1033,915,2,69,0,'2015-02-23 19:08:37','2015-02-23 19:23:59','0000-00-00 00:00:00','Core_440_Session_Manager_Failover_report_20150223_190837.html',NULL,'Core_440_Session_Manager_Failover_1033_20150223_190837','Auto Trigger Test',0,0,NULL,964,72,4),
 (1034,916,2,70,0,'2015-02-23 19:23:59','2015-02-23 19:41:34','0000-00-00 00:00:00','Core_457_Status_Manager_Failover_report_20150223_192359.html',NULL,'Core_457_Status_Manager_Failover_1034_20150223_192359','Auto Trigger Test',0,0,NULL,965,72,4),
 (1035,917,3,71,0,'2015-02-23 19:41:34','2015-02-23 20:14:06','0000-00-00 00:00:00','Core_415_Change_Product_State_Script_report_20150223_194134.html',NULL,'Core_415_Change_Product_State_Script_1035_20150223_194134','Auto Trigger Test',0,0,NULL,966,72,4),
 (1036,918,3,72,0,'2015-02-23 20:14:06','2015-02-23 20:21:24','0000-00-00 00:00:00','Core_416_DB_Cleanups_report_20150223_201406.html',NULL,'Core_416_DB_Cleanups_1036_20150223_201406','Auto Trigger Test',0,0,NULL,967,72,4),
 (1037,919,2,73,0,'2015-02-23 20:21:24','2015-02-23 21:00:31','0000-00-00 00:00:00','Core_417_SetPartitionSync_Wait_and_Release_report_20150223_202124.html',NULL,'Core_417_SetPartitionSync_Wait_and_Release_1037_20150223_202124','Auto Trigger Test',0,0,NULL,968,72,4),
 (1038,920,2,74,0,'2015-02-23 21:00:32','2015-02-23 21:00:49','0000-00-00 00:00:00','Core_418_Gateway_Authentication_report_20150223_210032.html',NULL,'Core_418_Gateway_Authentication_1038_20150223_210032','Auto Trigger Test',0,0,NULL,969,72,4),
 (1039,921,3,76,0,'2015-02-23 21:00:49','2015-02-23 21:53:23','0000-00-00 00:00:00','Core_424_System_Startup_Shutdown_report_20150223_210049.html',NULL,'Core_424_System_Startup_Shutdown_1039_20150223_210049','Auto Trigger Test',0,0,NULL,970,72,4),
 (1040,922,3,77,0,'2015-02-23 21:53:23','2015-02-23 22:36:22','0000-00-00 00:00:00','Core_426_dbsync_dbcheck_Local_DBs_report_20150223_215323.html',NULL,'Core_426_dbsync_dbcheck_Local_DBs_1040_20150223_215323','Auto Trigger Test',0,0,NULL,971,72,4),
 (1041,923,2,78,0,'2015-02-23 22:36:22','2015-02-23 22:37:16','0000-00-00 00:00:00','Core_427_uCheck_Functionality_report_20150223_223623.html',NULL,'Core_427_uCheck_Functionality_1041_20150223_223622','Auto Trigger Test',0,0,NULL,972,72,4),
 (1042,924,2,79,0,'2015-02-23 22:37:16','2015-02-23 22:37:31','0000-00-00 00:00:00','Core_500_MG_Session_Manager_Load_Balancing_report_20150223_223716.html',NULL,'Core_500_MG_Session_Manager_Load_Balancing_1042_20150223_223716','Auto Trigger Test',0,0,NULL,973,72,4),
 (1043,925,2,212,0,'2015-02-23 22:37:31','2015-02-23 22:37:41','0000-00-00 00:00:00','Core_606_LLO_Connecting_to_LLO_via_Non_CGW_report_20150223_223731.html',NULL,'Core_606_LLO_Connecting_to_LLO_via_Non_CGW_1043_20150223_223731','Auto Trigger Test',0,0,NULL,974,72,4),
 (1044,927,2,120,0,'2015-02-24 09:02:38','2015-02-24 10:10:54','0000-00-00 00:00:00','OAT_Morning_Rotation_report_20150224_090238.html',NULL,'OAT_Morning_Rotation_1044_20150224_090238','Morning Rotation',0,0,NULL,1017,72,4),
 (1045,928,2,121,0,'2015-02-24 10:10:54','2015-02-24 10:34:26','0000-00-00 00:00:00','OAT_ISE_Apps_Rotate_All_report_20150224_101054.html',NULL,'OAT_ISE_Apps_Rotate_All_1045_20150224_101054','Morning Rotation',0,0,NULL,1018,72,4),
 (1046,929,2,91,0,'2015-02-24 10:35:20','2015-02-24 11:12:42','0000-00-00 00:00:00','OAT_55_24h_Cycle_BC_Trade_Open_Failure_report_20150224_103520.html',NULL,'OAT_55_24h_Cycle_BC_Trade_Open_Failure_1046_20150224_103520','Auto Trigger Test',0,0,NULL,975,72,4),
 (1047,930,2,92,0,'2015-02-24 11:12:42','2015-02-24 11:49:06','0000-00-00 00:00:00','OAT_56_24h_Cycle_BC_Order_Open_Failure_report_20150224_111242.html',NULL,'OAT_56_24h_Cycle_BC_Order_Open_Failure_1047_20150224_111242','Auto Trigger Test',0,0,NULL,976,72,4),
 (1048,931,2,93,0,'2015-02-24 11:49:06','2015-02-24 12:46:13','0000-00-00 00:00:00','OAT_57_24h_Cycle_Matcher_Release_Failure_report_20150224_114906.html',NULL,'OAT_57_24h_Cycle_Matcher_Release_Failure_1048_20150224_114906','Auto Trigger Test',0,0,NULL,977,72,4),
 (1049,932,2,94,0,'2015-02-24 12:46:13','2015-02-24 13:23:02','0000-00-00 00:00:00','OAT_58_24h_Cycle_Trading_Start_of_Day_Failure_report_20150224_124613.html',NULL,'OAT_58_24h_Cycle_Trading_Start_of_Day_Failure_1049_20150224_124613','Auto Trigger Test',0,0,NULL,978,72,4),
 (1050,933,2,95,0,'2015-02-24 13:23:02','2015-02-24 14:01:04','0000-00-00 00:00:00','OAT_62_24h_Cycle_Trading_Open_Failure_report_20150224_132302.html',NULL,'OAT_62_24h_Cycle_Trading_Open_Failure_1050_20150224_132302','Auto Trigger Test',0,0,NULL,979,72,4),
 (1051,934,2,96,0,'2015-02-24 14:01:04','2015-02-24 14:38:59','0000-00-00 00:00:00','OAT_63_24h_Cycle_Trading_Open_Failure_report_20150224_140104.html',NULL,'OAT_63_24h_Cycle_Trading_Open_Failure_1051_20150224_140104','Auto Trigger Test',0,0,NULL,980,72,4),
 (1052,935,3,225,0,'2015-02-24 14:38:59','2015-02-24 14:50:32','0000-00-00 00:00:00','Core_607_MDMDB_Cleanup_report_20150224_143859.html',NULL,'Core_607_MDMDB_Cleanup_1052_20150224_143859','Auto Trigger Test',0,0,NULL,981,72,4),
 (1053,956,2,248,0,'2015-02-24 14:43:06','2015-02-24 15:11:46','0000-00-00 00:00:00','ISE_PT105_with_BAITS_report_20150224_144306.html','uploads/home/Gts_Tests/PAT/Core/ISE_regression/ISE_PT105_with_BAITS_1053_20150224_144306','ISE_PT105_with_BAITS_1053_20150224_144306','Updated Order Add Cfg to Exclude BAITS Products',0,0,NULL,1053,73,3),
 (1054,936,2,100,0,'2015-02-24 14:50:32','2015-02-24 15:28:15','0000-00-00 00:00:00','OAT_20_Gateway_Failure_report_20150224_145032.html',NULL,'OAT_20_Gateway_Failure_1054_20150224_145032','Auto Trigger Test',0,0,NULL,982,72,4),
 (1055,957,2,58,0,'2015-02-24 15:17:38','2015-02-24 15:29:43','0000-00-00 00:00:00','Rotate_PAT_report_20150224_151738.html',NULL,'Rotate_PAT_1055_20150224_151738','Set PAT to Clean State',0,0,NULL,1055,73,3),
 (1056,937,2,101,0,'2015-02-24 15:28:15','2015-02-24 16:05:01','0000-00-00 00:00:00','OAT_21_ME_Failover_report_20150224_152815.html',NULL,'OAT_21_ME_Failover_1056_20150224_152815','Auto Trigger Test',0,0,NULL,983,72,4),
 (1057,958,3,272,0,'2015-02-24 15:46:29','2015-02-24 16:01:22','0000-00-00 00:00:00','ISE_PT105_with_BAITS_No_Restart_report_20150224_154629.html','uploads/home/Gts_Tests/PAT/Core/ISE_regression/ISE_PT105_with_BAITS_No_Restart_1057_20150224_154629','ISE_PT105_with_BAITS_No_Restart_1057_20150224_154629','Updated Excluded Products in Quoters',0,0,NULL,1057,73,3),
 (1058,938,2,104,0,'2015-02-24 16:05:01','2015-02-24 16:48:42','0000-00-00 00:00:00','OAT_38_ME_Failure_report_20150224_160501.html',NULL,'OAT_38_ME_Failure_1058_20150224_160501','Auto Trigger Test',0,0,NULL,985,72,4),
 (1059,959,2,259,0,'2015-02-24 16:27:56','2015-02-24 16:27:56','0000-00-00 00:00:00','Git_Branch_Checkout_report_20150224_162756.html',NULL,'Git_Branch_Checkout_1059_20150224_162756','Auto Trigger Test',0,0,NULL,1059,74,2),
 (1060,939,2,250,0,'2015-02-24 16:48:42','2015-02-24 16:48:49','0000-00-00 00:00:00','Core_634_Gateway_Reject_NonPersistent_GTCD_report_20150224_164842.html',NULL,'Core_634_Gateway_Reject_NonPersistent_GTCD_1060_20150224_164842','Auto Trigger Test',0,0,NULL,987,72,4),
 (1061,940,2,251,0,'2015-02-24 16:48:50','2015-02-24 16:49:18','0000-00-00 00:00:00','OAT_104_sendcreatedevent_Functionality_report_20150224_164850.html',NULL,'OAT_104_sendcreatedevent_Functionality_1061_20150224_164850','Auto Trigger Test',0,0,NULL,988,72,4),
 (1062,941,2,97,0,'2015-02-24 16:49:19','2015-02-24 17:55:21','0000-00-00 00:00:00','OAT_68_24h_Cycle_Trading_Post_End_of_Day_Failure_report_20150224_164919.html',NULL,'OAT_68_24h_Cycle_Trading_Post_End_of_Day_Failure_1062_20150224_164919','Auto Trigger Test',0,0,NULL,989,72,4),
 (1063,942,2,98,0,'2015-02-24 17:55:21','2015-02-24 18:45:47','0000-00-00 00:00:00','OAT_77_24h_Cycle_System_Monitor_Failure_report_20150224_175521.html',NULL,'OAT_77_24h_Cycle_System_Monitor_Failure_1063_20150224_175521','Auto Trigger Test',0,0,NULL,990,72,4),
 (1064,943,2,99,0,'2015-02-24 18:45:48','2015-02-24 19:06:25','0000-00-00 00:00:00','OAT_79_24h_Cycle_Cross_DBs_Failure_report_20150224_184548.html',NULL,'OAT_79_24h_Cycle_Cross_DBs_Failure_1064_20150224_184548','Auto Trigger Test',0,0,NULL,991,72,4),
 (1065,944,2,118,0,'2015-02-24 19:06:25','2015-02-24 19:08:06','0000-00-00 00:00:00','OAT_94_piCheck_Functionality_report_20150224_190625.html',NULL,'OAT_94_piCheck_Functionality_1065_20150224_190625','Auto Trigger Test',0,0,NULL,992,72,4),
 (1066,945,2,110,0,'2015-02-24 19:08:07','2015-02-24 19:44:17','0000-00-00 00:00:00','OAT_83_RefData_Base_Line_report_20150224_190807.html',NULL,'OAT_83_RefData_Base_Line_1066_20150224_190807','Auto Trigger Test',0,0,NULL,993,72,4),
 (1067,946,2,111,0,'2015-02-24 19:44:17','2015-02-24 20:09:03','0000-00-00 00:00:00','OAT_84_RefData_Pope_Failure_report_20150224_194418.html',NULL,'OAT_84_RefData_Pope_Failure_1067_20150224_194417','Auto Trigger Test',0,0,NULL,994,72,4),
 (1068,947,2,112,0,'2015-02-24 20:09:03','2015-02-24 21:16:10','0000-00-00 00:00:00','OAT_85_RefData_RdaIB_Failure_report_20150224_200903.html',NULL,'OAT_85_RefData_RdaIB_Failure_1068_20150224_200903','Auto Trigger Test',0,0,NULL,995,72,4),
 (1069,948,2,113,0,'2015-02-24 21:16:10','2015-02-24 22:11:13','0000-00-00 00:00:00','OAT_86_RefData_ActiveMQ_Failure_report_20150224_211610.html',NULL,'OAT_86_RefData_ActiveMQ_Failure_1069_20150224_211610','Auto Trigger Test',0,0,NULL,996,72,4),
 (1070,949,2,114,0,'2015-02-24 22:11:13','2015-02-24 22:55:13','0000-00-00 00:00:00','OAT_87_RefData_Jboss_Failure_report_20150224_221113.html',NULL,'OAT_87_RefData_Jboss_Failure_1070_20150224_221113','Auto Trigger Test',0,0,NULL,997,72,4),
 (1071,950,2,115,0,'2015-02-24 22:55:13','2015-02-24 23:54:13','0000-00-00 00:00:00','OAT_88_RefData_RdaOB_Failure_report_20150224_225513.html',NULL,'OAT_88_RefData_RdaOB_Failure_1071_20150224_225513','Auto Trigger Test',0,0,NULL,998,72,4),
 (1072,951,3,116,0,'2015-02-24 23:54:14','2015-02-25 00:34:02','0000-00-00 00:00:00','OAT_89_RefData_Rdd_Failure_report_20150224_235414.html',NULL,'OAT_89_RefData_Rdd_Failure_1072_20150224_235414','Auto Trigger Test',0,0,NULL,999,72,4),
 (1073,952,3,117,0,'2015-02-25 00:34:02','2015-02-25 00:34:55','0000-00-00 00:00:00','OAT_93_eventCheck_Functionality_report_20150225_003402.html',NULL,'OAT_93_eventCheck_Functionality_1073_20150225_003402','Auto Trigger Test',0,0,NULL,1000,72,4),
 (1074,953,2,54,0,'2015-02-25 00:34:55','2015-02-25 01:20:47','0000-00-00 00:00:00','OAT_81_RefData_ME_Failure_report_20150225_003455.html',NULL,'OAT_81_RefData_ME_Failure_1074_20150225_003455','Auto Trigger Test',0,0,NULL,1001,72,4),
 (1075,954,2,55,0,'2015-02-25 01:20:48','2015-02-25 01:25:33','0000-00-00 00:00:00','OAT_82_RefData_Gateway_Failure_report_20150225_012048.html',NULL,'OAT_82_RefData_Gateway_Failure_1075_20150225_012048','Auto Trigger Test',0,0,NULL,1002,72,4),
 (1076,955,2,75,0,'2015-02-25 01:25:33','2015-02-25 01:32:15','0000-00-00 00:00:00','Core_419_Scheduler_Event_Pause_Resume_report_20150225_012533.html',NULL,'Core_419_Scheduler_Event_Pause_Resume_1076_20150225_012533','Auto Trigger Test',0,0,NULL,1003,72,4),
 (1077,960,2,119,0,'2015-02-25 01:40:03','2015-02-25 02:12:18','0000-00-00 00:00:00','OAT_Full_Core_Rotation_report_20150225_014004.html',NULL,'OAT_Full_Core_Rotation_1077_20150225_014003','Auto Trigger Test',0,0,NULL,1077,74,4),
 (1078,960,2,61,0,'2015-02-25 02:12:18','2015-02-25 03:01:24','0000-00-00 00:00:00','Core_431_Matcher_Leader_Failover_report_20150225_021218.html',NULL,'Core_431_Matcher_Leader_Failover_1078_20150225_021218','Auto Trigger Test',0,0,NULL,1078,74,4),
 (1079,960,2,62,0,'2015-02-25 03:01:24','2015-02-25 03:36:45','0000-00-00 00:00:00','Core_432_Pope_Leader_Failover_report_20150225_030124.html',NULL,'Core_432_Pope_Leader_Failover_1079_20150225_030124','Auto Trigger Test',0,0,NULL,1079,74,4),
 (1080,960,2,63,0,'2015-02-25 03:36:45','2015-02-25 04:20:36','0000-00-00 00:00:00','Core_433_RIB_Leader_Failover_report_20150225_033645.html',NULL,'Core_433_RIB_Leader_Failover_1080_20150225_033645','Auto Trigger Test',0,0,NULL,1080,74,4),
 (1081,960,2,64,0,'2015-02-25 04:20:36','2015-02-25 04:56:00','0000-00-00 00:00:00','Core_434_MDD_Leader_Failover_report_20150225_042036.html',NULL,'Core_434_MDD_Leader_Failover_1081_20150225_042036','Auto Trigger Test',0,0,NULL,1081,74,4),
 (1082,960,2,65,0,'2015-02-25 04:56:00','2015-02-25 05:40:38','0000-00-00 00:00:00','Core_435_Audit_Trail_Leader_Failover_report_20150225_045600.html',NULL,'Core_435_Audit_Trail_Leader_Failover_1082_20150225_045600','Auto Trigger Test',0,0,NULL,1082,74,4),
 (1083,960,2,66,0,'2015-02-25 05:40:38','2015-02-25 05:51:48','0000-00-00 00:00:00','Core_436_TM_Failover_report_20150225_054038.html',NULL,'Core_436_TM_Failover_1083_20150225_054038','Auto Trigger Test',0,0,NULL,1083,74,4),
 (1084,960,2,67,0,'2015-02-25 05:51:48','2015-02-25 06:07:54','0000-00-00 00:00:00','Core_438_System_Monitor_Failover_report_20150225_055148.html',NULL,'Core_438_System_Monitor_Failover_1084_20150225_055148','Auto Trigger Test',0,0,NULL,1084,74,4),
 (1085,960,2,68,0,'2015-02-25 06:07:54','2015-02-25 06:11:46','0000-00-00 00:00:00','Core_439_System_Controller_Failover_report_20150225_060754.html',NULL,'Core_439_System_Controller_Failover_1085_20150225_060754','Auto Trigger Test',0,0,NULL,1085,74,4),
 (1086,960,2,69,0,'2015-02-25 06:11:46','2015-02-25 06:26:59','0000-00-00 00:00:00','Core_440_Session_Manager_Failover_report_20150225_061146.html',NULL,'Core_440_Session_Manager_Failover_1086_20150225_061146','Auto Trigger Test',0,0,NULL,1086,74,4),
 (1087,960,2,70,0,'2015-02-25 06:26:59','2015-02-25 06:44:32','0000-00-00 00:00:00','Core_457_Status_Manager_Failover_report_20150225_062659.html',NULL,'Core_457_Status_Manager_Failover_1087_20150225_062659','Auto Trigger Test',0,0,NULL,1087,74,4),
 (1088,960,3,71,0,'2015-02-25 06:44:32','2015-02-25 07:16:52','0000-00-00 00:00:00','Core_415_Change_Product_State_Script_report_20150225_064432.html',NULL,'Core_415_Change_Product_State_Script_1088_20150225_064432','Auto Trigger Test',0,0,NULL,1088,74,4),
 (1089,960,3,72,0,'2015-02-25 07:16:53','2015-02-25 07:31:01','0000-00-00 00:00:00','Core_416_DB_Cleanups_report_20150225_071653.html',NULL,'Core_416_DB_Cleanups_1089_20150225_071653','Auto Trigger Test',0,0,NULL,1089,74,4),
 (1090,960,2,73,0,'2015-02-25 07:31:01','2015-02-25 08:09:55','0000-00-00 00:00:00','Core_417_SetPartitionSync_Wait_and_Release_report_20150225_073101.html',NULL,'Core_417_SetPartitionSync_Wait_and_Release_1090_20150225_073101','Auto Trigger Test',0,0,NULL,1090,74,4),
 (1091,960,2,74,0,'2015-02-25 08:09:55','2015-02-25 08:10:11','0000-00-00 00:00:00','Core_418_Gateway_Authentication_report_20150225_080955.html',NULL,'Core_418_Gateway_Authentication_1091_20150225_080955','Auto Trigger Test',0,0,NULL,1091,74,4),
 (1092,960,2,75,0,'2015-02-25 08:10:11','2015-02-25 08:16:53','0000-00-00 00:00:00','Core_419_Scheduler_Event_Pause_Resume_report_20150225_081011.html',NULL,'Core_419_Scheduler_Event_Pause_Resume_1092_20150225_081011','Auto Trigger Test',0,0,NULL,1092,74,4),
 (1093,960,3,76,0,'2015-02-25 08:16:53','2015-02-25 09:08:51','0000-00-00 00:00:00','None',NULL,'Core_424_System_Startup_Shutdown_1093_20150225_081653','Auto Trigger Test',0,0,NULL,1093,74,4),
 (1094,960,3,77,0,'2015-02-25 09:08:51','2015-02-25 09:50:16','0000-00-00 00:00:00','Core_426_dbsync_dbcheck_Local_DBs_report_20150225_090851.html',NULL,'Core_426_dbsync_dbcheck_Local_DBs_1094_20150225_090851','Auto Trigger Test',0,0,NULL,1094,74,4),
 (1095,960,2,78,0,'2015-02-25 09:50:16','2015-02-25 09:51:07','0000-00-00 00:00:00','Core_427_uCheck_Functionality_report_20150225_095016.html',NULL,'Core_427_uCheck_Functionality_1095_20150225_095016','Auto Trigger Test',0,0,NULL,1095,74,4),
 (1096,960,2,79,0,'2015-02-25 09:51:07','2015-02-25 09:51:21','0000-00-00 00:00:00','Core_500_MG_Session_Manager_Load_Balancing_report_20150225_095107.html',NULL,'Core_500_MG_Session_Manager_Load_Balancing_1096_20150225_095107','Auto Trigger Test',0,0,NULL,1096,74,4),
 (1097,960,2,212,0,'2015-02-25 09:51:21','2015-02-25 09:51:30','0000-00-00 00:00:00','Core_606_LLO_Connecting_to_LLO_via_Non_CGW_report_20150225_095121.html',NULL,'Core_606_LLO_Connecting_to_LLO_via_Non_CGW_1097_20150225_095121','Auto Trigger Test',0,0,NULL,1097,74,4),
 (1098,960,3,225,0,'2015-02-25 09:51:31','2015-02-25 10:03:03','0000-00-00 00:00:00','Core_607_MDMDB_Cleanup_report_20150225_095131.html',NULL,'Core_607_MDMDB_Cleanup_1098_20150225_095131','Auto Trigger Test',0,0,NULL,1098,74,4),
 (1099,960,2,250,0,'2015-02-25 10:03:03','2015-02-25 10:03:10','0000-00-00 00:00:00','Core_634_Gateway_Reject_NonPersistent_GTCD_report_20150225_100303.html',NULL,'Core_634_Gateway_Reject_NonPersistent_GTCD_1099_20150225_100303','Auto Trigger Test',0,0,NULL,1099,74,4),
 (1100,960,2,54,0,'2015-02-25 10:03:10','2015-02-25 10:49:09','0000-00-00 00:00:00','OAT_81_RefData_ME_Failure_report_20150225_100310.html',NULL,'OAT_81_RefData_ME_Failure_1100_20150225_100310','Auto Trigger Test',0,0,NULL,1100,74,4),
 (1101,960,2,55,0,'2015-02-25 10:49:09','2015-02-25 10:53:52','0000-00-00 00:00:00','OAT_82_RefData_Gateway_Failure_report_20150225_104909.html',NULL,'OAT_82_RefData_Gateway_Failure_1101_20150225_104909','Auto Trigger Test',0,0,NULL,1101,74,4),
 (1102,960,2,91,0,'2015-02-25 10:53:52','2015-02-25 11:30:35','0000-00-00 00:00:00','OAT_55_24h_Cycle_BC_Trade_Open_Failure_report_20150225_105352.html',NULL,'OAT_55_24h_Cycle_BC_Trade_Open_Failure_1102_20150225_105352','Auto Trigger Test',0,0,NULL,1102,74,4),
 (1103,960,2,92,0,'2015-02-25 11:30:36','2015-02-25 12:06:30','0000-00-00 00:00:00','OAT_56_24h_Cycle_BC_Order_Open_Failure_report_20150225_113036.html',NULL,'OAT_56_24h_Cycle_BC_Order_Open_Failure_1103_20150225_113036','Auto Trigger Test',0,0,NULL,1103,74,4),
 (1104,960,2,93,0,'2015-02-25 12:06:30','2015-02-25 13:03:14','0000-00-00 00:00:00','OAT_57_24h_Cycle_Matcher_Release_Failure_report_20150225_120630.html',NULL,'OAT_57_24h_Cycle_Matcher_Release_Failure_1104_20150225_120630','Auto Trigger Test',0,0,NULL,1104,74,4),
 (1105,960,2,94,0,'2015-02-25 13:03:14','2015-02-25 13:39:58','0000-00-00 00:00:00','OAT_58_24h_Cycle_Trading_Start_of_Day_Failure_report_20150225_130314.html',NULL,'OAT_58_24h_Cycle_Trading_Start_of_Day_Failure_1105_20150225_130314','Auto Trigger Test',0,0,NULL,1105,74,4),
 (1106,960,2,95,0,'2015-02-25 13:39:58','2015-02-25 14:17:33','0000-00-00 00:00:00','OAT_62_24h_Cycle_Trading_Open_Failure_report_20150225_133958.html',NULL,'OAT_62_24h_Cycle_Trading_Open_Failure_1106_20150225_133958','Auto Trigger Test',0,0,NULL,1106,74,4),
 (1107,960,2,96,0,'2015-02-25 14:17:33','2015-02-25 14:55:10','0000-00-00 00:00:00','OAT_63_24h_Cycle_Trading_Open_Failure_report_20150225_141733.html',NULL,'OAT_63_24h_Cycle_Trading_Open_Failure_1107_20150225_141733','Auto Trigger Test',0,0,NULL,1107,74,4),
 (1108,960,2,97,0,'2015-02-25 14:55:10','2015-02-25 15:30:41','0000-00-00 00:00:00','OAT_68_24h_Cycle_Trading_Post_End_of_Day_Failure_report_20150225_145510.html',NULL,'OAT_68_24h_Cycle_Trading_Post_End_of_Day_Failure_1108_20150225_145510','Auto Trigger Test',0,0,NULL,1108,74,4),
 (1109,960,2,98,0,'2015-02-25 15:30:41','2015-02-25 16:21:06','0000-00-00 00:00:00','OAT_77_24h_Cycle_System_Monitor_Failure_report_20150225_153041.html',NULL,'OAT_77_24h_Cycle_System_Monitor_Failure_1109_20150225_153041','Auto Trigger Test',0,0,NULL,1109,74,4),
 (1110,960,2,99,0,'2015-02-25 16:21:06','2015-02-25 16:41:38','0000-00-00 00:00:00','OAT_79_24h_Cycle_Cross_DBs_Failure_report_20150225_162106.html',NULL,'OAT_79_24h_Cycle_Cross_DBs_Failure_1110_20150225_162106','Auto Trigger Test',0,0,NULL,1110,74,4),
 (1111,960,3,100,0,'2015-02-25 16:41:38','2015-02-25 17:17:57','0000-00-00 00:00:00','OAT_20_Gateway_Failure_report_20150225_164139.html',NULL,'OAT_20_Gateway_Failure_1111_20150225_164138','Auto Trigger Test',0,0,NULL,1111,74,4),
 (1112,960,2,101,0,'2015-02-25 17:17:57','2015-02-25 17:53:59','0000-00-00 00:00:00','OAT_21_ME_Failover_report_20150225_171757.html',NULL,'OAT_21_ME_Failover_1112_20150225_171757','Auto Trigger Test',0,0,NULL,1112,74,4),
 (1113,960,3,102,0,'2015-02-25 17:53:59','2015-02-25 18:43:46','0000-00-00 00:00:00','OAT_30_Mdd_Failover_report_20150225_175359.html',NULL,'OAT_30_Mdd_Failover_1113_20150225_175359','Auto Trigger Test',0,0,NULL,1113,74,4),
 (1114,960,2,104,0,'2015-02-25 18:43:46','2015-02-25 19:26:58','0000-00-00 00:00:00','OAT_38_ME_Failure_report_20150225_184346.html',NULL,'OAT_38_ME_Failure_1114_20150225_184346','Auto Trigger Test',0,0,NULL,1114,74,4),
 (1115,960,3,105,0,'2015-02-25 19:26:58','2015-02-25 20:16:56','0000-00-00 00:00:00','OAT_39_Mdd_Failure_report_20150225_192659.html',NULL,'OAT_39_Mdd_Failure_1115_20150225_192658','Auto Trigger Test',0,0,NULL,1115,74,4),
 (1116,960,2,110,0,'2015-02-25 20:16:56','2015-02-25 20:21:15','0000-00-00 00:00:00','OAT_83_RefData_Base_Line_report_20150225_201656.html',NULL,'OAT_83_RefData_Base_Line_1116_20150225_201656','Auto Trigger Test',0,0,NULL,1116,74,4),
 (1117,960,2,111,0,'2015-02-25 20:21:15','2015-02-25 20:45:22','0000-00-00 00:00:00','OAT_84_RefData_Pope_Failure_report_20150225_202115.html',NULL,'OAT_84_RefData_Pope_Failure_1117_20150225_202115','Auto Trigger Test',0,0,NULL,1117,74,4),
 (1118,960,2,112,0,'2015-02-25 20:45:22','2015-02-25 21:51:34','0000-00-00 00:00:00','OAT_85_RefData_RdaIB_Failure_report_20150225_204522.html',NULL,'OAT_85_RefData_RdaIB_Failure_1118_20150225_204522','Auto Trigger Test',0,0,NULL,1118,74,4),
 (1119,960,2,113,0,'2015-02-25 21:51:34','2015-02-25 22:46:04','0000-00-00 00:00:00','OAT_86_RefData_ActiveMQ_Failure_report_20150225_215134.html',NULL,'OAT_86_RefData_ActiveMQ_Failure_1119_20150225_215134','Auto Trigger Test',0,0,NULL,1119,74,4),
 (1120,960,2,114,0,'2015-02-25 22:46:04','2015-02-25 23:29:16','0000-00-00 00:00:00','OAT_87_RefData_Jboss_Failure_report_20150225_224604.html',NULL,'OAT_87_RefData_Jboss_Failure_1120_20150225_224604','Auto Trigger Test',0,0,NULL,1120,74,4),
 (1121,960,2,115,0,'2015-02-25 23:29:16','2015-02-26 00:26:58','0000-00-00 00:00:00','OAT_88_RefData_RdaOB_Failure_report_20150225_232916.html',NULL,'OAT_88_RefData_RdaOB_Failure_1121_20150225_232916','Auto Trigger Test',0,0,NULL,1121,74,4),
 (1122,960,2,116,0,'2015-02-26 00:26:58','2015-02-26 01:05:29','0000-00-00 00:00:00','OAT_89_RefData_Rdd_Failure_report_20150226_002658.html',NULL,'OAT_89_RefData_Rdd_Failure_1122_20150226_002658','Auto Trigger Test',0,0,NULL,1122,74,4),
 (1123,960,3,117,0,'2015-02-26 01:05:29','2015-02-26 01:06:21','0000-00-00 00:00:00','OAT_93_eventCheck_Functionality_report_20150226_010529.html',NULL,'OAT_93_eventCheck_Functionality_1123_20150226_010529','Auto Trigger Test',0,0,NULL,1123,74,4),
 (1124,960,2,118,0,'2015-02-26 01:06:21','2015-02-26 01:07:57','0000-00-00 00:00:00','OAT_94_piCheck_Functionality_report_20150226_010621.html',NULL,'OAT_94_piCheck_Functionality_1124_20150226_010621','Auto Trigger Test',0,0,NULL,1124,74,4),
 (1125,960,2,251,0,'2015-02-26 01:07:57','2015-02-26 01:08:19','0000-00-00 00:00:00','OAT_104_sendcreatedevent_Functionality_report_20150226_010757.html',NULL,'OAT_104_sendcreatedevent_Functionality_1125_20150226_010757','Auto Trigger Test',0,0,NULL,1125,74,4),
 (1126,962,2,58,0,'2015-02-25 14:30:30','2015-02-25 14:45:34','0000-00-00 00:00:00','Rotate_PAT_report_20150225_143030.html',NULL,'Rotate_PAT_1126_20150225_143030','Rotate PAT - With gcc profile',0,0,NULL,1126,73,3),
 (1127,963,2,120,0,'2015-02-26 08:28:16','2015-02-26 09:34:09','0000-00-00 00:00:00','OAT_Morning_Rotation_report_20150226_082816.html',NULL,'OAT_Morning_Rotation_1127_20150226_082816','Morning Rotation',0,0,NULL,1127,74,4),
 (1128,963,2,121,0,'2015-02-26 09:34:09','2015-02-26 09:57:08','0000-00-00 00:00:00','OAT_ISE_Apps_Rotate_All_report_20150226_093409.html',NULL,'OAT_ISE_Apps_Rotate_All_1128_20150226_093409','Morning Rotation',0,0,NULL,1128,74,4),
 (1129,964,2,259,0,'2015-02-26 10:42:54','2015-02-26 10:42:54','0000-00-00 00:00:00','Git_Branch_Checkout_report_20150226_104254.html',NULL,'Git_Branch_Checkout_1129_20150226_104254','Auto Trigger Test',0,0,NULL,1129,74,2),
 (1130,967,2,259,0,'2015-02-26 12:35:20','2015-02-26 12:35:22','0000-00-00 00:00:00','Git_Branch_Checkout_report_20150226_123520.html',NULL,'Git_Branch_Checkout_1130_20150226_123520','For SIR 297244',0,0,NULL,1130,74,4),
 (1131,969,2,259,0,'2015-02-27 11:52:50','2015-02-27 11:52:51','0000-00-00 00:00:00','Git_Branch_Checkout_report_20150227_115250.html',NULL,'Git_Branch_Checkout_1131_20150227_115250','For SIR 297244',0,0,NULL,1130,74,4),
 (1132,970,2,120,0,'2015-03-02 08:04:03','2015-03-02 09:09:25','0000-00-00 00:00:00','OAT_Morning_Rotation_report_20150302_080403.html',NULL,'OAT_Morning_Rotation_1132_20150302_080403','Morning Rotation',0,0,NULL,1127,74,4),
 (1133,971,2,121,0,'2015-03-02 09:09:55','2015-03-02 09:32:55','0000-00-00 00:00:00','OAT_ISE_Apps_Rotate_All_report_20150302_090955.html',NULL,'OAT_ISE_Apps_Rotate_All_1133_20150302_090955','Morning Rotation',0,0,NULL,1128,74,4),
 (1134,972,2,259,0,'2015-03-02 09:41:29','2015-03-02 09:41:30','0000-00-00 00:00:00','Git_Branch_Checkout_report_20150302_094129.html',NULL,'Git_Branch_Checkout_1134_20150302_094129','Auto Trigger Test',0,0,NULL,1134,74,2),
 (1135,974,2,259,0,'2015-03-02 09:42:10','2015-03-02 09:42:12','0000-00-00 00:00:00','Git_Branch_Checkout_report_20150302_094210.html',NULL,'Git_Branch_Checkout_1135_20150302_094210','Auto Trigger Test',0,0,NULL,1135,74,4),
 (1136,976,2,71,0,'2015-03-02 12:42:14','2015-03-02 13:16:41','0000-00-00 00:00:00','Core_415_Change_Product_State_Script_report_20150302_124214.html',NULL,'Core_415_Change_Product_State_Script_1136_20150302_124214','Auto Trigger Test',0,0,NULL,1088,74,4),
 (1137,977,2,117,0,'2015-03-02 13:16:41','2015-03-02 13:17:57','0000-00-00 00:00:00','OAT_93_eventCheck_Functionality_report_20150302_131641.html',NULL,'OAT_93_eventCheck_Functionality_1137_20150302_131641','Auto Trigger Test',0,0,NULL,1123,74,4),
 (1138,978,2,100,0,'2015-03-02 13:22:33','2015-03-02 13:59:17','0000-00-00 00:00:00','OAT_20_Gateway_Failure_report_20150302_132234.html',NULL,'OAT_20_Gateway_Failure_1138_20150302_132233','Auto Trigger Test',0,0,NULL,1111,74,4),
 (1139,979,2,259,0,'2015-03-02 14:29:06','2015-03-02 14:29:07','0000-00-00 00:00:00','Git_Branch_Checkout_report_20150302_142907.html',NULL,'Git_Branch_Checkout_1139_20150302_142906','Auto Trigger Test',0,0,NULL,1139,74,2),
 (1140,981,2,259,0,'2015-03-02 14:29:33','2015-03-02 14:29:35','0000-00-00 00:00:00','Git_Branch_Checkout_report_20150302_142933.html',NULL,'Git_Branch_Checkout_1140_20150302_142933','Auto Trigger Test',0,0,NULL,1140,74,4),
 (1141,983,3,225,0,'2015-03-02 14:39:21','2015-03-02 14:49:11','0000-00-00 00:00:00','Core_607_MDMDB_Cleanup_report_20150302_143921.html',NULL,'Core_607_MDMDB_Cleanup_1141_20150302_143921','Auto Trigger Test',0,0,NULL,1098,74,4),
 (1142,985,3,225,0,'2015-03-02 14:56:37','2015-03-02 15:06:15','0000-00-00 00:00:00','Core_607_MDMDB_Cleanup_report_20150302_145637.html',NULL,'Core_607_MDMDB_Cleanup_1142_20150302_145637','Auto Trigger Test',0,0,NULL,1098,74,4),
 (1143,986,3,58,0,'2015-03-02 15:40:50','2015-03-02 15:55:23','0000-00-00 00:00:00','Rotate_PAT_report_20150302_154050.html',NULL,'Rotate_PAT_1143_20150302_154050','Added 600 Products to ISE',0,0,NULL,1143,73,3),
 (1144,987,3,225,0,'2015-03-02 16:10:06','2015-03-02 16:19:55','0000-00-00 00:00:00','Core_607_MDMDB_Cleanup_report_20150302_161006.html',NULL,'Core_607_MDMDB_Cleanup_1144_20150302_161006','Auto Trigger Test',0,0,NULL,1098,74,4),
 (1145,988,3,225,0,'2015-03-02 16:46:24','2015-03-02 16:56:08','0000-00-00 00:00:00','Core_607_MDMDB_Cleanup_report_20150302_164624.html',NULL,'Core_607_MDMDB_Cleanup_1145_20150302_164624','Auto Trigger Test',0,0,NULL,1098,74,4),
 (1146,989,3,225,0,'2015-03-02 17:10:52','2015-03-02 17:20:46','0000-00-00 00:00:00','Core_607_MDMDB_Cleanup_report_20150302_171052.html',NULL,'Core_607_MDMDB_Cleanup_1146_20150302_171052','Auto Trigger Test',0,0,NULL,1098,74,4),
 (1147,990,2,120,0,'2015-03-03 08:49:18','2015-03-03 10:03:57','0000-00-00 00:00:00','OAT_Morning_Rotation_report_20150303_084918.html',NULL,'OAT_Morning_Rotation_1147_20150303_084918','Morning Rotation',0,0,NULL,1127,74,4),
 (1148,991,3,77,0,'2015-03-03 11:14:17','2015-03-03 11:53:22','0000-00-00 00:00:00','Core_426_dbsync_dbcheck_Local_DBs_report_20150303_111417.html',NULL,'Core_426_dbsync_dbcheck_Local_DBs_1148_20150303_111417','Auto Trigger Test',0,0,NULL,1094,74,4),
 (1149,992,3,77,0,'2015-03-03 12:23:59','2015-03-03 13:13:05','0000-00-00 00:00:00','Core_426_dbsync_dbcheck_Local_DBs_report_20150303_122359.html',NULL,'Core_426_dbsync_dbcheck_Local_DBs_1149_20150303_122359','Auto Trigger Test',0,0,NULL,1094,74,4),
 (1150,993,3,77,0,'2015-03-03 15:43:54','2015-03-03 16:35:03','0000-00-00 00:00:00','Core_426_dbsync_dbcheck_Local_DBs_report_20150303_154354.html',NULL,'Core_426_dbsync_dbcheck_Local_DBs_1150_20150303_154354','Auto Trigger Test',0,0,NULL,1094,74,4),
 (1151,994,3,248,0,'2015-03-04 13:44:52','2015-03-04 14:15:25','0000-00-00 00:00:00','ISE_PT105_with_BAITS_report_20150304_134452.html','uploads/home/Gts_Tests/PAT/Core/ISE_regression/ISE_PT105_with_BAITS_1151_20150304_134452','ISE_PT105_with_BAITS_1151_20150304_134452','GCC Profile Optimized Matcher RPM',0,0,NULL,1151,73,3),
 (1152,995,2,243,0,'2015-03-04 14:15:26','2015-03-04 14:39:16','0000-00-00 00:00:00','ISE_Intraday_Mixed_Steady_15k_report_20150304_141526.html','uploads/home/Gts_Tests/PAT/Core/ISE_regression/ISE_Intraday_Mixed_Steady_15k_1152_20150304_141526','ISE_Intraday_Mixed_Steady_15k_1152_20150304_141526','GCC Profile Optimized Matcher RPM',0,0,NULL,1152,73,3),
 (1153,996,3,243,0,'2015-03-04 16:37:25','2015-03-04 16:38:04','0000-00-00 00:00:00','ISE_Intraday_Mixed_Steady_15k_report_20150304_163726.html',NULL,'ISE_Intraday_Mixed_Steady_15k_1153_20150304_163725','LLGW - 3.8 Kernel',0,0,NULL,1153,73,3),
 (1154,997,2,243,0,'2015-03-04 16:39:08','2015-03-04 17:01:51','0000-00-00 00:00:00','ISE_Intraday_Mixed_Steady_15k_report_20150304_163908.html','uploads/home/Gts_Tests/PAT/Core/ISE_regression/ISE_Intraday_Mixed_Steady_15k_1154_20150304_163908','ISE_Intraday_Mixed_Steady_15k_1154_20150304_163908','LLGW - 3.8 Kernel',0,0,NULL,1153,73,3),
 (1155,998,2,243,0,'2015-03-05 08:47:09','2015-03-05 09:11:35','0000-00-00 00:00:00','ISE_Intraday_Mixed_Steady_15k_report_20150305_084709.html','uploads/home/Gts_Tests/PAT/Core/ISE_regression/ISE_Intraday_Mixed_Steady_15k_1155_20150305_084709','ISE_Intraday_Mixed_Steady_15k_1155_20150305_084709','LLGW - 3.8 Kernel',0,0,NULL,1153,73,3),
 (1156,999,2,120,0,'2015-03-05 09:02:21','2015-03-05 10:18:07','0000-00-00 00:00:00','OAT_Morning_Rotation_report_20150305_090221.html',NULL,'OAT_Morning_Rotation_1156_20150305_090221','Morning Rotation',0,0,NULL,1127,74,4),
 (1157,1000,2,121,0,'2015-03-05 10:18:07','2015-03-05 10:41:06','0000-00-00 00:00:00','OAT_ISE_Apps_Rotate_All_report_20150305_101807.html',NULL,'OAT_ISE_Apps_Rotate_All_1157_20150305_101807','Morning Rotation',0,0,NULL,1128,74,4),
 (1158,1001,5,77,0,'2015-03-05 10:41:06','2015-03-05 12:16:01','0000-00-00 00:00:00','None',NULL,'Core_426_dbsync_dbcheck_Local_DBs_1158_20150305_104106','Auto Trigger Test',0,0,NULL,1094,74,4),
 (1159,1002,2,243,0,'2015-03-05 10:46:10','2015-03-05 11:07:58','0000-00-00 00:00:00','ISE_Intraday_Mixed_Steady_15k_report_20150305_104610.html','uploads/home/Gts_Tests/PAT/Core/ISE_regression/ISE_Intraday_Mixed_Steady_15k_1159_20150305_104610','ISE_Intraday_Mixed_Steady_15k_1159_20150305_104610','LLGW - 3.8 Kernel',0,0,NULL,1153,73,3),
 (1160,1003,3,77,0,'2015-03-05 12:35:56','2015-03-05 12:37:18','0000-00-00 00:00:00','Core_426_dbsync_dbcheck_Local_DBs_report_20150305_123556.html',NULL,'Core_426_dbsync_dbcheck_Local_DBs_1160_20150305_123556','Auto Trigger Test',0,0,NULL,1094,74,4),
 (1161,1004,3,77,0,'2015-03-05 12:51:13','2015-03-05 12:57:36','0000-00-00 00:00:00','Core_426_dbsync_dbcheck_Local_DBs_report_20150305_125113.html',NULL,'Core_426_dbsync_dbcheck_Local_DBs_1161_20150305_125113','Auto Trigger Test',0,0,NULL,1094,74,4),
 (1162,1005,2,119,0,'2015-03-05 13:46:17','2015-03-05 14:29:10','0000-00-00 00:00:00','OAT_Full_Core_Rotation_report_20150305_134617.html',NULL,'OAT_Full_Core_Rotation_1162_20150305_134617','Full Core Rotation',0,0,NULL,1162,74,4),
 (1163,1006,2,77,0,'2015-03-05 14:41:28','2015-03-05 14:48:06','0000-00-00 00:00:00','Core_426_dbsync_dbcheck_Local_DBs_report_20150305_144128.html',NULL,'Core_426_dbsync_dbcheck_Local_DBs_1163_20150305_144128','Auto Trigger Test',0,0,NULL,1094,74,4),
 (1164,1007,5,279,0,'2015-03-05 15:15:47','2015-03-05 15:15:47','0000-00-00 00:00:00','None',NULL,'Full_Core_Rotation_Without_Disk_Clean_1164_20150305_151547','Full Core Rotation',0,0,NULL,1164,74,4),
 (1165,1008,2,279,0,'2015-03-05 15:17:40','2015-03-05 15:59:12','0000-00-00 00:00:00','OAT_Full_Core_Rotation_Without_Disk_Clean_report_20150305_151740.html',NULL,'OAT_Full_Core_Rotation_Without_Disk_Clean_1165_20150305_151740','Full Core Rotation',0,0,NULL,1165,74,4),
 (1166,1009,3,77,0,'2015-03-05 16:18:03','2015-03-05 16:23:57','0000-00-00 00:00:00','Core_426_dbsync_dbcheck_Local_DBs_report_20150305_161804.html',NULL,'Core_426_dbsync_dbcheck_Local_DBs_1166_20150305_161803','Auto Trigger Test',0,0,NULL,1094,74,4),
 (1167,1010,2,279,0,'2015-03-06 09:33:14','2015-03-06 10:17:06','0000-00-00 00:00:00','OAT_Full_Core_Rotation_Without_Disk_Clean_report_20150306_093314.html',NULL,'OAT_Full_Core_Rotation_Without_Disk_Clean_1167_20150306_093314','Full Core Rotation',0,0,NULL,1165,74,4),
 (1168,1011,2,77,0,'2015-03-06 10:18:51','2015-03-06 10:25:59','0000-00-00 00:00:00','Core_426_dbsync_dbcheck_Local_DBs_report_20150306_101851.html',NULL,'Core_426_dbsync_dbcheck_Local_DBs_1168_20150306_101851','Auto Trigger Test',0,0,NULL,1094,74,4),
 (1169,1012,2,243,0,'2015-03-06 11:27:20','2015-03-06 11:52:08','0000-00-00 00:00:00','ISE_Intraday_Mixed_Steady_15k_report_20150306_112720.html','uploads/home/Gts_Tests/PAT/Core/ISE_regression/ISE_Intraday_Mixed_Steady_15k_1169_20150306_112720','ISE_Intraday_Mixed_Steady_15k_1169_20150306_112720','LLGW - 3.8 Kernel',0,0,NULL,1153,73,3),
 (1170,1013,2,120,0,'2015-03-09 08:22:18','2015-03-09 13:18:47','0000-00-00 00:00:00','OAT_Morning_Rotation_report_20150309_082218.html',NULL,'OAT_Morning_Rotation_1170_20150309_082218','Morning Rotation',0,0,NULL,1127,74,4),
 (1171,1014,2,121,0,'2015-03-09 13:18:47','2015-03-09 13:41:59','0000-00-00 00:00:00','OAT_ISE_Apps_Rotate_All_report_20150309_131847.html',NULL,'OAT_ISE_Apps_Rotate_All_1171_20150309_131847','Morning Rotation',0,0,NULL,1128,74,4),
 (1172,1015,3,225,0,'2015-03-09 13:42:00','2015-03-09 13:51:56','0000-00-00 00:00:00','Core_607_MDMDB_Cleanup_report_20150309_134200.html',NULL,'Core_607_MDMDB_Cleanup_1172_20150309_134200','Auto Trigger Test',0,0,NULL,1098,74,4),
 (1173,1017,2,77,0,'2015-03-09 16:04:15','2015-03-10 09:04:10','0000-00-00 00:00:00','Core_426_dbsync_dbcheck_Local_DBs_report_20150309_160415.html',NULL,'Core_426_dbsync_dbcheck_Local_DBs_1173_20150309_160415','Auto Trigger Test',0,0,NULL,1094,74,4),
 (1174,1020,5,280,0,'2015-03-10 09:33:55','2015-03-10 09:33:55','0000-00-00 00:00:00','None',NULL,'OAT_Morning_Rotation_Gts_Stop_1174_20150310_093355','Morning Rotation',0,0,NULL,1174,74,4),
 (1175,1021,3,280,0,'2015-03-10 09:34:50','2015-03-10 09:44:59','0000-00-00 00:00:00','OAT_Morning_Rotation_Gts_Stop_report_20150310_093450.html',NULL,'OAT_Morning_Rotation_Gts_Stop_1175_20150310_093450','Morning Rotation',0,0,NULL,1174,74,4),
 (1176,1023,3,280,0,'2015-03-10 09:57:35','2015-03-10 09:58:15','0000-00-00 00:00:00','OAT_Morning_Rotation_Gts_Stop_report_20150310_095735.html',NULL,'OAT_Morning_Rotation_Gts_Stop_1176_20150310_095735','Morning Rotation',0,0,NULL,1174,74,4),
 (1177,1024,2,280,0,'2015-03-10 10:00:10','2015-03-10 11:14:54','0000-00-00 00:00:00','OAT_Morning_Rotation_Gts_Stop_report_20150310_100010.html',NULL,'OAT_Morning_Rotation_Gts_Stop_1177_20150310_100010','Morning Rotation',0,0,NULL,1174,74,4),
 (1178,1025,3,58,0,'2015-03-10 10:40:13','2015-03-10 10:52:09','0000-00-00 00:00:00','Rotate_PAT_report_20150310_104013.html',NULL,'Rotate_PAT_1178_20150310_104013','150k Instruments injected',0,0,NULL,1178,73,3),
 (1179,1026,3,77,0,'2015-03-10 11:39:48','2015-03-10 12:01:18','0000-00-00 00:00:00','Core_426_dbsync_dbcheck_Local_DBs_report_20150310_113948.html',NULL,'Core_426_dbsync_dbcheck_Local_DBs_1179_20150310_113948','Auto Trigger Test',0,0,NULL,1094,74,4),
 (1180,1027,5,77,0,'2015-03-10 12:19:37','2015-03-10 12:20:39','0000-00-00 00:00:00','None',NULL,'Core_426_dbsync_dbcheck_Local_DBs_1180_20150310_121937','Auto Trigger Test',0,0,NULL,1094,74,4),
 (1181,1028,3,77,0,'2015-03-10 12:23:21','2015-03-10 13:17:16','0000-00-00 00:00:00','Core_426_dbsync_dbcheck_Local_DBs_report_20150310_122321.html',NULL,'Core_426_dbsync_dbcheck_Local_DBs_1181_20150310_122321','Auto Trigger Test',0,0,NULL,1094,74,4),
 (1182,1029,3,225,0,'2015-03-10 13:49:06','2015-03-10 14:05:57','0000-00-00 00:00:00','Core_607_MDMDB_Cleanup_report_20150310_134906.html',NULL,'Core_607_MDMDB_Cleanup_1182_20150310_134906','Auto Trigger Test',0,0,NULL,1098,74,4),
 (1183,1030,2,243,0,'2015-03-10 14:37:46','2015-03-10 14:59:40','0000-00-00 00:00:00','ISE_Intraday_Mixed_Steady_15k_report_20150310_143746.html','uploads/home/Gts_Tests/PAT/Core/ISE_regression/ISE_Intraday_Mixed_Steady_15k_1183_20150310_143746','ISE_Intraday_Mixed_Steady_15k_1183_20150310_143746','tc-pat214; numa_balancing=disable',0,0,NULL,1183,73,3),
 (1184,1031,2,225,0,'2015-03-10 17:00:36','2015-03-10 17:23:32','0000-00-00 00:00:00','Core_607_MDMDB_Cleanup_report_20150310_170036.html',NULL,'Core_607_MDMDB_Cleanup_1184_20150310_170036','Auto Trigger Test',0,0,NULL,1098,74,4),
 (1185,1032,2,280,0,'2015-03-11 08:20:31','2015-03-11 09:33:45','0000-00-00 00:00:00','OAT_Morning_Rotation_Gts_Stop_report_20150311_082031.html',NULL,'OAT_Morning_Rotation_Gts_Stop_1185_20150311_082031','Morning Rotation',0,0,NULL,1174,74,4),
 (1186,1035,2,243,0,'2015-03-11 09:06:19','2015-03-11 09:30:30','0000-00-00 00:00:00','ISE_Intraday_Mixed_Steady_15k_report_20150311_090619.html','uploads/home/Gts_Tests/PAT/Core/ISE_regression/ISE_Intraday_Mixed_Steady_15k_1186_20150311_090619','ISE_Intraday_Mixed_Steady_15k_1186_20150311_090619','LLGW - 3.8 Kernel',0,0,NULL,1153,73,3),
 (1187,1033,2,121,0,'2015-03-11 09:33:46','2015-03-11 09:59:25','0000-00-00 00:00:00','OAT_ISE_Apps_Rotate_All_report_20150311_093346.html',NULL,'OAT_ISE_Apps_Rotate_All_1187_20150311_093346','Morning Rotation',0,0,NULL,1128,74,4),
 (1188,1034,1,266,0,'2015-03-11 09:59:25','0000-00-00 00:00:00','0000-00-00 00:00:00','None',NULL,'ISE_343_IORS_DCA_Core_Gateway_Failure_1188_20150311_095925','False',0,0,NULL,1188,74,4),
 (1189,1034,0,267,0,'2015-03-11 09:59:25','0000-00-00 00:00:00','0000-00-00 00:00:00','None',NULL,NULL,'False',0,0,NULL,1189,74,4),
 (1190,1034,0,282,0,'2015-03-11 09:59:25','0000-00-00 00:00:00','0000-00-00 00:00:00','None',NULL,NULL,'False',0,0,NULL,1190,74,4),
 (1191,1036,2,175,0,'2015-03-11 12:03:13','2015-03-11 12:14:39','0000-00-00 00:00:00','OAT_Restart_IORS_report_20150311_120313.html',NULL,'OAT_Restart_IORS_1191_20150311_120313','IORS Restart',0,0,NULL,1191,74,4),
 (1192,1037,2,243,0,'2015-03-11 12:13:23','2015-03-11 12:34:49','0000-00-00 00:00:00','ISE_Intraday_Mixed_Steady_15k_report_20150311_121323.html','uploads/home/Gts_Tests/PAT/Core/ISE_regression/ISE_Intraday_Mixed_Steady_15k_1192_20150311_121323','ISE_Intraday_Mixed_Steady_15k_1192_20150311_121323','tc-pat214; numa_balancing=disable',0,0,NULL,1183,73,3),
 (1193,1039,3,266,0,'2015-03-11 12:31:34','2015-03-11 12:48:09','0000-00-00 00:00:00','ISE_343_IORS_DCA_Core_Gateway_Failure_report_20150311_123134.html',NULL,'ISE_343_IORS_DCA_Core_Gateway_Failure_1193_20150311_123134','IORS DCA 3.33.0.15',0,0,NULL,1193,74,4),
 (1194,1038,3,248,0,'2015-03-11 12:34:49','2015-03-11 13:11:54','0000-00-00 00:00:00','ISE_PT105_with_BAITS_report_20150311_123449.html','uploads/home/Gts_Tests/PAT/Core/ISE_regression/ISE_PT105_with_BAITS_1194_20150311_123449','ISE_PT105_with_BAITS_1194_20150311_123449','Baseline for 2 AT writing on std local disk',0,0,NULL,1194,73,3),
 (1195,1040,2,266,0,'2015-03-11 15:21:03','2015-03-11 15:39:53','0000-00-00 00:00:00','ISE_343_IORS_DCA_Core_Gateway_Failure_report_20150311_152103.html',NULL,'ISE_343_IORS_DCA_Core_Gateway_Failure_1195_20150311_152103','IORS DCA 3.33.0.15',0,0,NULL,1193,74,4),
 (1196,1041,3,267,0,'2015-03-11 15:41:44','2015-03-11 15:48:26','0000-00-00 00:00:00','ISE_344_IORS_DCA_UME_Primary_Failure_report_20150311_154145.html',NULL,'ISE_344_IORS_DCA_UME_Primary_Failure_1196_20150311_154144','IORS DCA 3.33.0.15',0,0,NULL,1196,74,4),
 (1197,1042,3,267,0,'2015-03-11 15:52:04','2015-03-11 16:04:39','0000-00-00 00:00:00','ISE_344_IORS_DCA_UME_Primary_Failure_report_20150311_155204.html',NULL,'ISE_344_IORS_DCA_UME_Primary_Failure_1197_20150311_155204','IORS DCA 3.33.0.15',0,0,NULL,1196,74,4),
 (1198,1043,3,267,0,'2015-03-11 16:34:24','2015-03-11 16:47:08','0000-00-00 00:00:00','ISE_344_IORS_DCA_UME_Primary_Failure_report_20150311_163424.html',NULL,'ISE_344_IORS_DCA_UME_Primary_Failure_1198_20150311_163424','IORS DCA 3.33.0.15',0,0,NULL,1196,74,4),
 (1199,1044,3,248,0,'2015-03-11 21:10:10','2015-03-11 21:20:42','0000-00-00 00:00:00','ISE_PT105_with_BAITS_report_20150311_211010.html',NULL,'ISE_PT105_with_BAITS_1199_20150311_211010','10k large spinning drives baseline',0,0,NULL,1199,73,3),
 (1200,1045,3,248,0,'2015-03-11 21:25:05','2015-03-11 21:34:55','0000-00-00 00:00:00','ISE_PT105_with_BAITS_report_20150311_212505.html',NULL,'ISE_PT105_with_BAITS_1200_20150311_212505','10k large spinning drives baseline',0,0,NULL,1199,73,3),
 (1201,1046,2,280,0,'2015-03-12 08:11:31','2015-03-12 09:25:29','0000-00-00 00:00:00','OAT_Morning_Rotation_Gts_Stop_report_20150312_081131.html',NULL,'OAT_Morning_Rotation_Gts_Stop_1201_20150312_081131','Morning Rotation',0,0,NULL,1174,74,4),
 (1202,1047,2,121,0,'2015-03-12 09:25:29','2015-03-12 09:49:10','0000-00-00 00:00:00','OAT_ISE_Apps_Rotate_All_report_20150312_092530.html',NULL,'OAT_ISE_Apps_Rotate_All_1202_20150312_092529','Morning Rotation',0,0,NULL,1128,74,4),
 (1203,1048,3,267,0,'2015-03-12 09:49:10','2015-03-12 10:02:01','0000-00-00 00:00:00','ISE_344_IORS_DCA_UME_Primary_Failure_report_20150312_094910.html',NULL,'ISE_344_IORS_DCA_UME_Primary_Failure_1203_20150312_094910','IORS DCA 3.33.0.15',0,0,NULL,1196,74,4),
 (1204,1049,3,267,0,'2015-03-12 11:58:21','2015-03-12 12:12:05','0000-00-00 00:00:00','ISE_344_IORS_DCA_UME_Primary_Failure_report_20150312_115821.html',NULL,'ISE_344_IORS_DCA_UME_Primary_Failure_1204_20150312_115821','IORS DCA 3.33.0.15',0,0,NULL,1196,74,4),
 (1205,1050,3,267,0,'2015-03-12 14:25:17','2015-03-12 14:39:13','0000-00-00 00:00:00','ISE_344_IORS_DCA_UME_Primary_Failure_report_20150312_142517.html',NULL,'ISE_344_IORS_DCA_UME_Primary_Failure_1205_20150312_142517','IORS DCA 3.33.0.15',0,0,NULL,1196,74,4),
 (1206,1051,5,267,0,'2015-03-12 16:01:00','2015-03-12 16:46:38','0000-00-00 00:00:00','None',NULL,'ISE_344_IORS_DCA_UME_Primary_Failure_1206_20150312_160100','IORS DCA 3.33.0.15',0,0,NULL,1196,74,4),
 (1207,1053,2,248,0,'2015-03-12 22:04:23','2015-03-12 22:32:54','0000-00-00 00:00:00','ISE_PT105_with_BAITS_report_20150312_220423.html','uploads/home/Gts_Tests/PAT/Core/ISE_regression/ISE_PT105_with_BAITS_1207_20150312_220423','ISE_PT105_with_BAITS_1207_20150312_220423','10k large spinning drives baseline',0,0,NULL,1199,73,3),
 (1208,1056,2,269,0,'2015-03-16 08:42:21','2015-03-16 09:07:53','0000-00-00 00:00:00','ISE_Intraday_Mixed_Steady_15k_Only_GW1_and_GW2_report_20150316_084221.html','uploads/home/Gts_Tests/PAT/Core/ISE_regression/ISE_Intraday_Mixed_Steady_15k_Only_GW1_and_GW2_1208_20150316_084221','ISE_Intraday_Mixed_Steady_15k_Only_GW1_and_GW2_1208_20150316_084221','Gen 8 v1 tuned BIOS baseline',0,0,NULL,1208,73,3),
 (1209,1054,3,280,0,'2015-03-16 09:41:24','2015-03-16 09:41:25','0000-00-00 00:00:00','OAT_Morning_Rotation_Gts_Stop_report_20150316_094124.html',NULL,'OAT_Morning_Rotation_Gts_Stop_1209_20150316_094124','Morning Rotation',0,0,NULL,1174,74,4),
 (1210,1055,5,121,0,'2015-03-16 09:41:25','2015-03-16 09:42:42','0000-00-00 00:00:00','None',NULL,'OAT_ISE_Apps_Rotate_All_1210_20150316_094125','Morning Rotation',0,0,NULL,1128,74,4),
 (1211,1057,2,280,0,'2015-03-16 09:44:17','2015-03-16 10:58:40','0000-00-00 00:00:00','OAT_Morning_Rotation_Gts_Stop_report_20150316_094417.html',NULL,'OAT_Morning_Rotation_Gts_Stop_1211_20150316_094417','Morning Rotation',0,0,NULL,1174,74,4),
 (1212,1059,2,269,0,'2015-03-16 10:45:10','2015-03-16 11:06:52','0000-00-00 00:00:00','ISE_Intraday_Mixed_Steady_15k_Only_GW1_and_GW2_report_20150316_104510.html','uploads/home/Gts_Tests/PAT/Core/ISE_regression/ISE_Intraday_Mixed_Steady_15k_Only_GW1_and_GW2_1212_20150316_104510','ISE_Intraday_Mixed_Steady_15k_Only_GW1_and_GW2_1212_20150316_104510','Gen 8 v1 tuned BIOS baseline',0,0,NULL,1208,73,3),
 (1213,1058,5,121,0,'2015-03-16 10:58:40','2015-03-17 07:50:14','0000-00-00 00:00:00','None',NULL,'OAT_ISE_Apps_Rotate_All_1213_20150316_105840','Morning Rotation',0,0,NULL,1128,74,4),
 (1214,1061,2,259,0,'2015-03-17 08:17:19','2015-03-17 08:17:20','0000-00-00 00:00:00','Git_Branch_Checkout_report_20150317_081719.html',NULL,'Git_Branch_Checkout_1214_20150317_081719','Auto Trigger Test',0,0,NULL,1214,75,4),
 (1215,1064,3,120,0,'2015-03-17 08:24:19','2015-03-17 15:15:23','0000-00-00 00:00:00','OAT_Morning_Rotation_report_20150317_082419.html',NULL,'OAT_Morning_Rotation_1215_20150317_082419','Morning Rotation',0,0,NULL,1215,75,4),
 (1216,1065,2,270,0,'2015-03-17 12:54:32','2015-03-17 13:41:57','0000-00-00 00:00:00','ISE_PT105_with_BAITS_Only_GW1_and_GW2_report_20150317_125432.html','uploads/home/Gts_Tests/PAT/Core/ISE_regression/ISE_PT105_with_BAITS_Only_GW1_and_GW2_1216_20150317_125432','ISE_PT105_with_BAITS_Only_GW1_and_GW2_1216_20150317_125432','pat213 dockerized load test',0,0,NULL,1216,75,3),
 (1217,1066,2,270,0,'2015-03-17 14:16:51','2015-03-17 14:56:26','0000-00-00 00:00:00','ISE_PT105_with_BAITS_Only_GW1_and_GW2_report_20150317_141651.html','uploads/home/Gts_Tests/PAT/Core/ISE_regression/ISE_PT105_with_BAITS_Only_GW1_and_GW2_1217_20150317_141651','ISE_PT105_with_BAITS_Only_GW1_and_GW2_1217_20150317_141651','PAT213 docker test',0,0,NULL,1217,75,3),
 (1218,1067,3,120,0,'2015-03-17 15:26:18','2015-03-17 15:26:19','0000-00-00 00:00:00','OAT_Morning_Rotation_report_20150317_152618.html',NULL,'OAT_Morning_Rotation_1218_20150317_152618','Morning Rotation',0,0,NULL,1215,75,4),
 (1219,1068,2,120,0,'2015-03-17 15:26:43','2015-03-17 16:35:18','0000-00-00 00:00:00','OAT_Morning_Rotation_report_20150317_152643.html',NULL,'OAT_Morning_Rotation_1219_20150317_152643','Morning Rotation',0,0,NULL,1215,75,4),
 (1220,1060,2,259,0,'2015-03-17 16:53:50','2015-03-17 16:53:50','0000-00-00 00:00:00','Git_Branch_Checkout_report_20150317_165350.html',NULL,'Git_Branch_Checkout_1220_20150317_165350','Auto Trigger Test',0,0,NULL,1220,75,2),
 (1221,1069,2,280,0,'2015-03-18 09:18:28','2015-03-18 10:29:14','0000-00-00 00:00:00','OAT_Morning_Rotation_Gts_Stop_report_20150318_091828.html',NULL,'OAT_Morning_Rotation_Gts_Stop_1221_20150318_091828','Morning Rotation',0,0,NULL,1221,75,4),
 (1222,1070,3,166,0,'2015-03-18 11:09:29','2015-03-18 11:26:00','0000-00-00 00:00:00','IORS_1_Adapter_Steady_40tps_No_Throttle_report_20150318_110929.html',NULL,'IORS_1_Adapter_Steady_40tps_No_Throttle_1222_20150318_110929','TC-PAT213 Docker IORS Connect',0,0,NULL,1222,73,3),
 (1223,1072,3,166,0,'2015-03-18 12:03:15','2015-03-18 12:04:10','0000-00-00 00:00:00','IORS_1_Adapter_Steady_40tps_No_Throttle_report_20150318_120315.html',NULL,'IORS_1_Adapter_Steady_40tps_No_Throttle_1223_20150318_120315','TC-PAT213 Docker IORS Connect',0,0,NULL,1222,73,3),
 (1224,1073,3,166,0,'2015-03-18 12:12:05','2015-03-18 12:18:24','0000-00-00 00:00:00','IORS_1_Adapter_Steady_40tps_No_Throttle_report_20150318_121206.html',NULL,'IORS_1_Adapter_Steady_40tps_No_Throttle_1224_20150318_121205','TC-PAT213 Docker IORS Connect',0,0,NULL,1222,73,3),
 (1225,1074,2,2,0,'2015-03-18 13:04:43','2015-03-18 13:05:13','0000-00-00 00:00:00','OAT_Troubleshooting_1_report_20150318_130443.html',NULL,'OAT_Troubleshooting_1_1225_20150318_130443','Testing',0,0,NULL,1225,75,4),
 (1226,1075,0,2,0,'2015-03-18 21:47:42','0000-00-00 00:00:00','0000-00-00 00:00:00','None',NULL,NULL,'Testing',0,0,NULL,1225,75,4),
 (1227,1077,2,2,0,'2015-03-18 22:01:28','2015-03-18 22:01:59','0000-00-00 00:00:00','OAT_Troubleshooting_1_report_20150318_220128.html',NULL,'OAT_Troubleshooting_1_1227_20150318_220128','Testing',0,0,NULL,1225,75,4),
 (1228,1078,2,2,0,'2015-03-18 22:09:22','2015-03-18 22:09:52','0000-00-00 00:00:00','OAT_Troubleshooting_1_report_20150318_220922.html',NULL,'OAT_Troubleshooting_1_1228_20150318_220922','Testing',0,0,NULL,1225,75,4),
 (1229,1081,3,248,0,'2015-03-18 23:36:17','2015-03-18 23:54:35','0000-00-00 00:00:00','ISE_PT105_with_BAITS_report_20150318_233617.html',NULL,'ISE_PT105_with_BAITS_1229_20150318_233617','Move from TC-TAC01 to TD-TAC01',0,0,NULL,1229,73,3),
 (1230,1082,2,2,0,'2015-03-18 23:45:22','2015-03-18 23:45:52','0000-00-00 00:00:00','OAT_Troubleshooting_1_report_20150318_234522.html',NULL,'OAT_Troubleshooting_1_1230_20150318_234522','Testing',0,0,NULL,1225,75,4),
 (1231,1080,3,259,0,'2015-03-18 23:46:21','2015-03-18 23:46:21','0000-00-00 00:00:00','Git_Branch_Checkout_report_20150318_234621.html',NULL,'Git_Branch_Checkout_1231_20150318_234621','Testing td-tac01',0,0,NULL,1231,75,2),
 (1232,1083,2,2,0,'2015-03-19 00:15:15','2015-03-19 00:15:45','0000-00-00 00:00:00','OAT_Troubleshooting_1_report_20150319_001515.html',NULL,'OAT_Troubleshooting_1_1232_20150319_001515','td-tac01 - report dir changed',0,0,NULL,1232,75,4),
 (1233,1084,3,272,0,'2015-03-19 00:16:56','2015-03-19 00:31:45','0000-00-00 00:00:00','ISE_PT105_with_BAITS_No_Restart_report_20150319_001656.html',NULL,'ISE_PT105_with_BAITS_No_Restart_1233_20150319_001656','Update Robot KWD to use TD-TAC01',0,0,NULL,1233,73,3),
 (1234,1085,3,272,0,'2015-03-19 00:44:10','2015-03-19 00:58:39','0000-00-00 00:00:00','ISE_PT105_with_BAITS_No_Restart_report_20150319_004410.html','uploads/home/Gts_Tests/PAT/Core/ISE_regression/ISE_PT105_with_BAITS_No_Restart_1234_20150319_004410','ISE_PT105_with_BAITS_No_Restart_1234_20150319_004410','Update FTP Keyword to use TD-TAC01',0,0,NULL,1234,73,3),
 (1235,1086,3,58,0,'2015-03-19 15:38:18','2015-03-19 15:49:26','0000-00-00 00:00:00','Rotate_PAT_report_20150319_153818.html',NULL,'Rotate_PAT_1235_20150319_153818','cleanup database',0,0,NULL,1235,73,3),
 (1236,1088,2,280,0,'2015-03-23 13:08:37','2015-03-23 14:29:48','0000-00-00 00:00:00','OAT_Morning_Rotation_Gts_Stop_report_20150323_130838.html',NULL,'OAT_Morning_Rotation_Gts_Stop_1236_20150323_130837','Morning Rotation',0,0,NULL,1221,75,4),
 (1237,1095,2,280,0,'2015-03-24 13:21:13','2015-03-24 14:30:48','0000-00-00 00:00:00','OAT_Morning_Rotation_Gts_Stop_report_20150324_132113.html',NULL,'OAT_Morning_Rotation_Gts_Stop_1237_20150324_132113','Morning Rotation',0,0,NULL,1221,75,4),
 (1238,1096,3,259,0,'2015-03-24 16:25:32','2015-03-24 16:25:32','0000-00-00 00:00:00','Git_Branch_Checkout_report_20150324_162532.html',NULL,'Git_Branch_Checkout_1238_20150324_162532','Auto Trigger Test',0,0,NULL,1238,63,4),
 (1239,1104,3,259,0,'2015-03-24 16:36:30','2015-03-24 16:36:30','0000-00-00 00:00:00','Git_Branch_Checkout_report_20150324_163630.html',NULL,'Git_Branch_Checkout_1239_20150324_163630','Auto Trigger Test',0,0,NULL,1238,63,4),
 (1240,1105,3,259,0,'2015-03-24 16:38:35','2015-03-24 16:38:35','0000-00-00 00:00:00','Git_Branch_Checkout_report_20150324_163835.html',NULL,'Git_Branch_Checkout_1240_20150324_163835','Auto Trigger Test',0,0,NULL,1238,63,4),
 (1241,1106,2,259,0,'2015-03-24 16:42:21','2015-03-24 16:42:22','0000-00-00 00:00:00','Git_Branch_Checkout_report_20150324_164221.html',NULL,'Git_Branch_Checkout_1241_20150324_164221','Auto Trigger Test',0,0,NULL,1238,63,4),
 (1242,1108,2,259,0,'2015-03-24 19:31:10','2015-03-24 19:31:11','0000-00-00 00:00:00','Git_Branch_Checkout_report_20150324_193110.html',NULL,'Git_Branch_Checkout_1242_20150324_193110','Auto Trigger Test',0,0,NULL,1242,63,10),
 (1243,1115,2,259,0,'2015-03-24 19:31:21','2015-03-24 19:31:21','0000-00-00 00:00:00','Git_Branch_Checkout_report_20150324_193121.html',NULL,'Git_Branch_Checkout_1243_20150324_193121','Auto Trigger Test',0,0,NULL,1243,63,10),
 (1244,1116,3,248,0,'2015-03-24 20:59:07','2015-03-24 20:59:09','0000-00-00 00:00:00','ISE_PT105_with_BAITS_report_20150324_205907.html',NULL,'ISE_PT105_with_BAITS_1244_20150324_205907','TD Move',0,0,NULL,1244,73,3),
 (1245,1117,3,248,0,'2015-03-24 21:14:09','2015-03-24 21:27:04','0000-00-00 00:00:00','ISE_PT105_with_BAITS_report_20150324_211409.html',NULL,'ISE_PT105_with_BAITS_1245_20150324_211409','TD Move',0,0,NULL,1244,73,3),
 (1246,1118,2,280,0,'2015-03-25 13:03:41','2015-03-25 14:13:51','0000-00-00 00:00:00','OAT_Morning_Rotation_Gts_Stop_report_20150325_130341.html',NULL,'OAT_Morning_Rotation_Gts_Stop_1246_20150325_130341','Morning Rotation',0,0,NULL,1221,75,4),
 (1247,1119,3,248,0,'2015-03-25 14:26:46','2015-03-25 14:38:01','0000-00-00 00:00:00','ISE_PT105_with_BAITS_report_20150325_142646.html',NULL,'ISE_PT105_with_BAITS_1247_20150325_142646','TD Move',0,0,NULL,1244,73,3),
 (1248,1120,3,248,0,'2015-03-25 17:27:26','2015-03-25 17:41:33','0000-00-00 00:00:00','None',NULL,'ISE_PT105_with_BAITS_1248_20150325_172726','TD Move',0,0,NULL,1244,73,3),
 (1249,1121,3,248,0,'2015-03-25 17:27:26','2015-03-25 17:40:45','0000-00-00 00:00:00','None',NULL,'ISE_PT105_with_BAITS_1249_20150325_172726','TD Move',0,0,NULL,1244,73,3),
 (1250,1122,3,58,0,'2015-03-26 01:56:20','2015-03-26 02:09:20','0000-00-00 00:00:00','Rotate_PAT_report_20150326_015620.html',NULL,'Rotate_PAT_1250_20150326_015620','DB Restore After TD Move',0,0,NULL,1250,73,3),
 (1251,1123,3,58,0,'2015-03-26 02:19:48','2015-03-26 02:30:41','0000-00-00 00:00:00','Rotate_PAT_report_20150326_021948.html',NULL,'Rotate_PAT_1251_20150326_021948','DB Restore After TD Move',0,0,NULL,1250,73,3),
 (1252,1124,3,58,0,'2015-03-26 02:52:53','2015-03-26 03:04:13','0000-00-00 00:00:00','Rotate_PAT_report_20150326_025253.html',NULL,'Rotate_PAT_1252_20150326_025253','DB Restore After TD Move',0,0,NULL,1250,73,3),
 (1253,1125,2,58,0,'2015-03-26 03:10:47','2015-03-26 03:28:17','0000-00-00 00:00:00','Rotate_PAT_report_20150326_031047.html',NULL,'Rotate_PAT_1253_20150326_031047','DB Restore After TD Move',0,0,NULL,1250,73,3),
 (1254,1126,3,248,0,'2015-03-26 12:19:00','2015-03-26 12:37:57','0000-00-00 00:00:00','ISE_PT105_with_BAITS_report_20150326_121900.html',NULL,'ISE_PT105_with_BAITS_1254_20150326_121900','pat env verification',0,0,NULL,1254,71,3),
 (1255,1127,2,280,0,'2015-03-26 16:44:37','2015-03-26 17:54:58','0000-00-00 00:00:00','OAT_Morning_Rotation_Gts_Stop_report_20150326_164437.html',NULL,'OAT_Morning_Rotation_Gts_Stop_1255_20150326_164437','Morning Rotation',0,0,NULL,1221,75,4),
 (1256,1130,2,280,0,'2015-03-27 13:32:48','2015-03-27 14:43:28','0000-00-00 00:00:00','OAT_Morning_Rotation_Gts_Stop_report_20150327_133248.html',NULL,'OAT_Morning_Rotation_Gts_Stop_1256_20150327_133248','Morning Rotation',0,0,NULL,1221,75,4),
 (1257,1131,2,58,0,'2015-03-27 13:52:22','2015-03-27 14:12:53','0000-00-00 00:00:00','Rotate_PAT_report_20150327_135222.html',NULL,'Rotate_PAT_1257_20150327_135222','env check',0,0,NULL,1257,71,3),
 (1258,1132,3,248,0,'2015-03-27 15:28:19','2015-03-27 15:47:46','0000-00-00 00:00:00','ISE_PT105_with_BAITS_report_20150327_152819.html',NULL,'ISE_PT105_with_BAITS_1258_20150327_152819','pat env verification',0,0,NULL,1254,71,3),
 (1259,1133,3,248,0,'2015-03-27 16:23:13','2015-03-27 16:43:31','0000-00-00 00:00:00','ISE_PT105_with_BAITS_report_20150327_162313.html',NULL,'ISE_PT105_with_BAITS_1259_20150327_162313','pat env verification',0,0,NULL,1254,71,3),
 (1260,1134,3,248,0,'2015-03-27 17:24:26','2015-03-27 17:49:32','0000-00-00 00:00:00','ISE_PT105_with_BAITS_report_20150327_172426.html',NULL,'ISE_PT105_with_BAITS_1260_20150327_172426','pat env verification',0,0,NULL,1254,71,3),
 (1261,1135,3,248,0,'2015-03-27 18:01:59','2015-03-27 18:28:06','0000-00-00 00:00:00','ISE_PT105_with_BAITS_report_20150327_180159.html',NULL,'ISE_PT105_with_BAITS_1261_20150327_180159','pat env verification',0,0,NULL,1254,71,3),
 (1262,1136,5,77,0,'2015-03-27 19:31:38','2015-03-27 19:47:36','0000-00-00 00:00:00','None',NULL,'Core_426_dbsync_dbcheck_Local_DBs_1262_20150327_193138','SIR 299542 DBSync fails',0,0,NULL,1262,75,4),
 (1263,1137,3,248,0,'2015-03-27 19:32:03','2015-03-27 19:46:15','0000-00-00 00:00:00','ISE_PT105_with_BAITS_report_20150327_193204.html',NULL,'ISE_PT105_with_BAITS_1263_20150327_193203','pat env verification',0,0,NULL,1254,71,3),
 (1264,1138,2,77,0,'2015-03-27 19:48:26','2015-03-27 20:54:14','0000-00-00 00:00:00','Core_426_dbsync_dbcheck_Local_DBs_report_20150327_194826.html',NULL,'Core_426_dbsync_dbcheck_Local_DBs_1264_20150327_194826','SIR 299542 DBSync fails',0,0,NULL,1262,75,4),
 (1265,1139,2,248,0,'2015-03-27 19:48:40','2015-03-27 20:33:29','0000-00-00 00:00:00','ISE_PT105_with_BAITS_report_20150327_194840.html',NULL,'ISE_PT105_with_BAITS_1265_20150327_194840','pat env verification',0,0,NULL,1254,71,3);
INSERT INTO `test_execution` (`id`,`task_id`,`status`,`test_id`,`suite_id`,`start_time`,`end_time`,`request_time`,`report`,`test_folder_path`,`test_folder_name`,`label`,`user_id`,`approval_status`,`approved_by`,`group_id`,`release_id`,`template_id`) VALUES 
 (1266,1140,2,77,0,'2015-03-27 21:07:36','2015-03-27 21:32:19','0000-00-00 00:00:00','Core_426_dbsync_dbcheck_Local_DBs_report_20150327_210736.html',NULL,'Core_426_dbsync_dbcheck_Local_DBs_1266_20150327_210736','SIR 299542 DBSync fails',0,0,NULL,1262,75,4),
 (1267,1142,2,2,0,'2015-03-29 23:25:56','2015-03-29 23:26:26','0000-00-00 00:00:00','OAT_Troubleshooting_1_report_20150329_232556.html',NULL,'OAT_Troubleshooting_1_1267_20150329_232556','Testing',0,0,NULL,1225,75,4),
 (1268,1145,2,259,0,'2015-03-30 04:13:48','2015-03-30 04:13:50','0000-00-00 00:00:00','Git_Branch_Checkout_report_20150330_041348.html',NULL,'Git_Branch_Checkout_1268_20150330_041348','Testing',0,0,NULL,1268,75,4),
 (1269,1146,2,280,0,'2015-03-30 04:13:50','2015-03-30 05:30:32','0000-00-00 00:00:00','OAT_Morning_Rotation_Gts_Stop_report_20150330_041350.html',NULL,'OAT_Morning_Rotation_Gts_Stop_1269_20150330_041350','Morning Rotation',0,0,NULL,1221,75,4),
 (1270,1147,3,121,0,'2015-03-30 05:30:32','2015-03-30 05:31:03','0000-00-00 00:00:00','OAT_ISE_Apps_Rotate_All_report_20150330_053033.html',NULL,'OAT_ISE_Apps_Rotate_All_1270_20150330_053032','Morning Rotation',0,0,NULL,1270,75,4),
 (1271,1148,3,248,0,'2015-03-30 17:11:23','2015-03-30 17:23:03','0000-00-00 00:00:00','ISE_PT105_with_BAITS_report_20150330_171123.html',NULL,'ISE_PT105_with_BAITS_1271_20150330_171123','Deploying 10.1.620',0,0,NULL,1271,75,3),
 (1272,1167,2,258,0,'2015-03-30 19:14:09','2015-03-31 14:07:23','0000-00-00 00:00:00','Call_Jenkins_Functional_Regression_report_20150330_191409.html','http://dd-ap09.test.ise.com/TRFRS?%2fTestReports%2fDirectReferenceReport&JobNumber=132&SuiteGroup=SUITE-MASTER&rc:Toolbar=false&rs:Command=Render&rc:OutputFormat=HTML','Call_Jenkins_Functional_Regression_1272_20150330_191409','Final Regression',0,0,NULL,1272,75,1),
 (1273,1168,3,248,0,'2015-03-30 19:20:10','2015-03-30 19:42:08','0000-00-00 00:00:00','ISE_PT105_with_BAITS_report_20150330_192010.html',NULL,'ISE_PT105_with_BAITS_1273_20150330_192010','Deploying 10.1.620',0,0,NULL,1271,75,3),
 (1274,1169,3,248,0,'2015-03-30 19:45:49','2015-03-30 20:08:56','0000-00-00 00:00:00','ISE_PT105_with_BAITS_report_20150330_194549.html',NULL,'ISE_PT105_with_BAITS_1274_20150330_194549','Deploying 10.1.620',0,0,NULL,1271,75,3),
 (1275,1170,2,259,0,'2015-03-30 20:58:32','2015-03-30 20:58:34','0000-00-00 00:00:00','Git_Branch_Checkout_report_20150330_205832.html',NULL,'Git_Branch_Checkout_1275_20150330_205832','Testing ETCD',0,0,NULL,1275,75,4),
 (1276,1171,2,119,0,'2015-03-30 21:12:53','2015-03-30 21:52:44','0000-00-00 00:00:00','OAT_Full_Core_Rotation_report_20150330_211253.html',NULL,'OAT_Full_Core_Rotation_1276_20150330_211253','Rotation',0,0,NULL,1276,75,4),
 (1277,1172,2,280,0,'2015-03-31 13:49:56','2015-03-31 15:04:31','0000-00-00 00:00:00','OAT_Morning_Rotation_Gts_Stop_report_20150331_134957.html',NULL,'OAT_Morning_Rotation_Gts_Stop_1277_20150331_134956','Morning Rotation',0,0,NULL,1221,75,4),
 (1278,1173,2,58,0,'2015-03-31 14:42:38','2015-03-31 15:01:00','0000-00-00 00:00:00','Rotate_PAT_report_20150331_144238.html',NULL,'Rotate_PAT_1278_20150331_144238','Rotate PAT',0,0,NULL,1278,75,3),
 (1279,1174,3,248,0,'2015-03-31 16:17:22','2015-03-31 16:37:50','0000-00-00 00:00:00','ISE_PT105_with_BAITS_report_20150331_161722.html',NULL,'ISE_PT105_with_BAITS_1279_20150331_161722','Feeder Move from 215 to 211',0,0,NULL,1279,75,3),
 (1280,1175,3,248,0,'2015-03-31 18:41:19','2015-03-31 18:41:20','0000-00-00 00:00:00','ISE_PT105_with_BAITS_report_20150331_184119.html',NULL,'ISE_PT105_with_BAITS_1280_20150331_184119','Fix CI Feeder Bugs',0,0,NULL,1280,75,3),
 (1281,1176,3,248,0,'2015-03-31 18:41:40','2015-03-31 19:11:52','0000-00-00 00:00:00','ISE_PT105_with_BAITS_report_20150331_184141.html','uploads//home/Gts_Tests/PAT/Core//ISE_regression/ISE_PT105_with_BAITS_1281_20150331_184140/','ISE_PT105_with_BAITS_1281_20150331_184140','Fix CI Feeder Bugs',0,0,NULL,1280,75,3),
 (1282,1177,3,248,0,'2015-03-31 19:22:01','2015-03-31 19:22:17','0000-00-00 00:00:00','ISE_PT105_with_BAITS_report_20150331_192201.html',NULL,'ISE_PT105_with_BAITS_1282_20150331_192201','Fix CI Feeder Bugs',0,0,NULL,1280,75,3),
 (1283,1178,3,248,0,'2015-03-31 19:24:11','2015-03-31 19:47:18','0000-00-00 00:00:00','ISE_PT105_with_BAITS_report_20150331_192411.html',NULL,'ISE_PT105_with_BAITS_1283_20150331_192411','Fix CI Feeder Bugs',0,0,NULL,1280,75,3),
 (1284,1179,2,272,0,'2015-03-31 19:59:23','2015-03-31 20:12:51','0000-00-00 00:00:00','ISE_PT105_with_BAITS_No_Restart_report_20150331_195923.html','uploads/home/Gts_Tests/PAT/Core/ISE_regression/ISE_PT105_with_BAITS_No_Restart_1284_20150331_195923','ISE_PT105_with_BAITS_No_Restart_1284_20150331_195923','Fix CI Feeder Bugs',0,0,NULL,1284,75,3),
 (1285,1180,2,248,0,'2015-03-31 20:17:01','2015-03-31 20:58:59','0000-00-00 00:00:00','ISE_PT105_with_BAITS_report_20150331_201701.html','uploads/home/Gts_Tests/PAT/Core/ISE_regression/ISE_PT105_with_BAITS_1285_20150331_201701','ISE_PT105_with_BAITS_1285_20150331_201701','Fix CI Feeder Bugs',0,0,NULL,1280,75,3),
 (1286,1181,2,280,0,'2015-04-01 15:16:24','2015-04-01 16:31:29','0000-00-00 00:00:00','OAT_Morning_Rotation_Gts_Stop_report_20150401_151624.html',NULL,'OAT_Morning_Rotation_Gts_Stop_1286_20150401_151624','Morning Rotation',0,0,NULL,1221,75,4),
 (1287,1182,3,248,0,'2015-04-01 19:06:28','2015-04-01 19:32:08','0000-00-00 00:00:00','ISE_PT105_with_BAITS_report_20150401_190628.html',NULL,'ISE_PT105_with_BAITS_1287_20150401_190628','PROD AT ISSUE - REPRODUCE',0,0,NULL,1287,75,3),
 (1288,1184,1,272,0,'2015-04-01 20:43:29','0000-00-00 00:00:00','0000-00-00 00:00:00','None',NULL,'ISE_PT105_with_BAITS_No_Restart_1288_20150401_204329','REPRODUCE PROD AT ISSUE',0,0,NULL,1288,75,3),
 (1289,1185,2,272,0,'2015-04-01 20:48:38','2015-04-01 21:05:17','0000-00-00 00:00:00','ISE_PT105_with_BAITS_No_Restart_report_20150401_204838.html','uploads/home/Gts_Tests/PAT/Core/ISE_regression/ISE_PT105_with_BAITS_No_Restart_1289_20150401_204838','ISE_PT105_with_BAITS_No_Restart_1289_20150401_204838','REPRODUCE AT PROD ISSUE',0,0,NULL,1289,75,3),
 (1290,1186,3,39,0,'2015-04-02 00:45:03','2015-04-02 01:03:05','0000-00-00 00:00:00','ISE_PT105_report_20150402_004503.html',NULL,'ISE_PT105_1290_20150402_004503','TEST 2 PROD AT SLOWNESS',0,0,NULL,1290,75,3),
 (1291,1187,2,248,0,'2015-04-02 11:48:32','2015-04-02 12:32:16','0000-00-00 00:00:00','ISE_PT105_with_BAITS_report_20150402_114832.html','uploads/home/Gts_Tests/PAT/Core/ISE_regression/ISE_PT105_with_BAITS_1291_20150402_114832','ISE_PT105_with_BAITS_1291_20150402_114832','AT PROD ISSUE ',0,0,NULL,1291,75,3),
 (1292,1188,3,272,0,'2015-04-02 13:22:09','2015-04-02 13:29:17','0000-00-00 00:00:00','ISE_PT105_with_BAITS_No_Restart_report_20150402_132209.html',NULL,'ISE_PT105_with_BAITS_No_Restart_1292_20150402_132209','TEST 3 AT PROD ISSUE',0,0,NULL,1292,75,3),
 (1293,1189,3,248,0,'2015-04-02 13:52:33','2015-04-02 14:30:32','0000-00-00 00:00:00','ISE_PT105_with_BAITS_report_20150402_135233.html','uploads/home/Gts_Tests/PAT/Core/ISE_regression/ISE_PT105_with_BAITS_1293_20150402_135233','ISE_PT105_with_BAITS_1293_20150402_135233','PROD AT ISSUE TEST 3',0,0,NULL,1293,75,3),
 (1294,1190,2,248,0,'2015-04-02 15:00:38','2015-04-02 15:31:12','0000-00-00 00:00:00','ISE_PT105_with_BAITS_report_20150402_150038.html','uploads/home/Gts_Tests/PAT/Core/ISE_regression/ISE_PT105_with_BAITS_1294_20150402_150038','ISE_PT105_with_BAITS_1294_20150402_150038','SCHED CHANGE PROD AT ISSUE',0,0,NULL,1294,75,3),
 (1295,1195,2,280,0,'2015-04-06 13:24:11','2015-04-06 14:44:37','0000-00-00 00:00:00','OAT_Morning_Rotation_Gts_Stop_report_20150406_132411.html',NULL,'OAT_Morning_Rotation_Gts_Stop_1295_20150406_132411','Morning Rotation',0,0,NULL,1221,75,4),
 (1296,1196,2,280,0,'2015-04-07 14:02:46','2015-04-07 15:20:54','0000-00-00 00:00:00','OAT_Morning_Rotation_Gts_Stop_report_20150407_140246.html',NULL,'OAT_Morning_Rotation_Gts_Stop_1296_20150407_140246','Morning Rotation',0,0,NULL,1221,75,4),
 (1297,1197,3,248,0,'2015-04-07 17:18:37','2015-04-07 17:35:13','0000-00-00 00:00:00','ISE_PT105_with_BAITS_report_20150407_171837.html',NULL,'ISE_PT105_with_BAITS_1297_20150407_171837','Test for sosreport',0,0,NULL,1297,75,3),
 (1298,1198,2,272,0,'2015-04-07 17:49:38','2015-04-07 18:03:22','0000-00-00 00:00:00','ISE_PT105_with_BAITS_No_Restart_report_20150407_174939.html','uploads/home/Gts_Tests/PAT/Core/ISE_regression/ISE_PT105_with_BAITS_No_Restart_1298_20150407_174938','ISE_PT105_with_BAITS_No_Restart_1298_20150407_174938','Test for sosreport',0,0,NULL,1298,75,3),
 (1299,1200,3,248,0,'2015-04-09 18:47:12','2015-04-09 19:13:50','0000-00-00 00:00:00','ISE_PT105_with_BAITS_report_20150409_184712.html',NULL,'ISE_PT105_with_BAITS_1299_20150409_184712','AT 208 and 209 on RHEL6.3',0,0,NULL,1299,75,3),
 (1300,1201,3,272,0,'2015-04-09 19:35:45','2015-04-09 19:49:07','0000-00-00 00:00:00','ISE_PT105_with_BAITS_No_Restart_report_20150409_193545.html','uploads/home/Gts_Tests/PAT/Core/ISE_regression/ISE_PT105_with_BAITS_No_Restart_1300_20150409_193545','ISE_PT105_with_BAITS_No_Restart_1300_20150409_193545','AT 208 and 209 on RHEL6.3',0,0,NULL,1300,75,3),
 (1301,1202,1,248,0,'2015-04-09 19:50:51','0000-00-00 00:00:00','0000-00-00 00:00:00','None',NULL,'ISE_PT105_with_BAITS_1301_20150409_195051','AT 208 and 209 on RHEL6.3',0,0,NULL,1299,75,3),
 (1302,1203,2,2,0,'2015-04-10 00:08:20','2015-04-10 00:08:50','0000-00-00 00:00:00','OAT_Troubleshooting_1_report_20150410_000820.html',NULL,'OAT_Troubleshooting_1_1302_20150410_000820','Testing',0,0,NULL,1225,75,4),
 (1303,1204,3,259,0,'2015-04-10 00:23:11','2015-04-10 00:23:11','0000-00-00 00:00:00','Git_Branch_Checkout_report_20150410_002311.html',NULL,'Git_Branch_Checkout_1303_20150410_002311','Testing',0,0,NULL,1303,75,2),
 (1304,1205,2,248,0,'2015-04-10 00:27:43','2015-04-10 00:57:01','0000-00-00 00:00:00','ISE_PT105_with_BAITS_report_20150410_002743.html','uploads/home/Gts_Tests/PAT/Core/ISE_regression/ISE_PT105_with_BAITS_1304_20150410_002743','ISE_PT105_with_BAITS_1304_20150410_002743','AT 208 and 209 on RHEL6.3',0,0,NULL,1304,75,3),
 (1305,1206,2,280,0,'2015-04-10 00:48:12','2015-04-10 02:02:03','0000-00-00 00:00:00','OAT_Morning_Rotation_Gts_Stop_report_20150410_004812.html',NULL,'OAT_Morning_Rotation_Gts_Stop_1305_20150410_004812','Morning Rotation',0,0,NULL,1221,75,4),
 (1306,1207,2,248,0,'2015-04-10 00:57:59','2015-04-10 01:39:40','0000-00-00 00:00:00','ISE_PT105_with_BAITS_report_20150410_005759.html','uploads/home/Gts_Tests/PAT/Core/ISE_regression/ISE_PT105_with_BAITS_1306_20150410_005759','ISE_PT105_with_BAITS_1306_20150410_005759','AT 208 and 209 on RHEL6.3',0,0,NULL,1306,75,3),
 (1307,1208,2,248,0,'2015-04-10 01:39:41','2015-04-10 02:09:29','0000-00-00 00:00:00','ISE_PT105_with_BAITS_report_20150410_013941.html','uploads/home/Gts_Tests/PAT/Core/ISE_regression/ISE_PT105_with_BAITS_1307_20150410_013941','ISE_PT105_with_BAITS_1307_20150410_013941','AT 208 and 209 on RHEL6.3',0,0,NULL,1307,75,3),
 (1308,1209,3,248,0,'2015-04-10 02:09:30','2015-04-10 02:51:17','0000-00-00 00:00:00','ISE_PT105_with_BAITS_report_20150410_020930.html','uploads/home/Gts_Tests/PAT/Core/ISE_regression/ISE_PT105_with_BAITS_1308_20150410_020930','ISE_PT105_with_BAITS_1308_20150410_020930','AT 208 and 209 on RHEL6.3',0,0,NULL,1308,75,3),
 (1309,1210,2,248,0,'2015-04-10 15:41:54','2015-04-10 16:26:28','0000-00-00 00:00:00','ISE_PT105_with_BAITS_report_20150410_154154.html','uploads/home/Gts_Tests/PAT/Core/ISE_regression/ISE_PT105_with_BAITS_1309_20150410_154154','ISE_PT105_with_BAITS_1309_20150410_154154','AT 208 and 209 on RHEL6.3',0,0,NULL,1309,75,3),
 (1310,1211,2,248,0,'2015-04-10 16:26:28','2015-04-10 17:08:27','0000-00-00 00:00:00','ISE_PT105_with_BAITS_report_20150410_162628.html','uploads/home/Gts_Tests/PAT/Core/ISE_regression/ISE_PT105_with_BAITS_1310_20150410_162628','ISE_PT105_with_BAITS_1310_20150410_162628','AT 208 and 209 on RHEL6.3',0,0,NULL,1310,75,3),
 (1311,1212,2,248,0,'2015-04-10 17:35:23','2015-04-10 18:14:51','0000-00-00 00:00:00','ISE_PT105_with_BAITS_report_20150410_173523.html','uploads/home/Gts_Tests/PAT/Core/ISE_regression/ISE_PT105_with_BAITS_1311_20150410_173523','ISE_PT105_with_BAITS_1311_20150410_173523','AT 208 and 209 on RHEL6.3',0,0,NULL,1311,75,3),
 (1312,1214,3,243,0,'2015-04-13 16:26:47','2015-04-13 16:40:10','0000-00-00 00:00:00','ISE_Intraday_Mixed_Steady_15k_report_20150413_162647.html',NULL,'ISE_Intraday_Mixed_Steady_15k_1312_20150413_162647','AT 208 and 209 on RHEL6.3',0,0,NULL,1312,75,3),
 (1313,1215,3,268,0,'2015-04-13 16:50:24','2015-04-13 16:52:19','0000-00-00 00:00:00','ISE_Intraday_Mixed_Steady_15k_No_Restart_report_20150413_165024.html',NULL,'ISE_Intraday_Mixed_Steady_15k_No_Restart_1313_20150413_165024','AT 208 and 209 on RHEL6.3',0,0,NULL,1313,75,3),
 (1314,1219,3,258,0,'2015-04-13 21:06:14','2015-04-13 21:06:14','0000-00-00 00:00:00','Call_Jenkins_Functional_Regression_report_20150413_210614.html',NULL,'Call_Jenkins_Functional_Regression_1314_20150413_210614','Full Regression',0,0,NULL,1314,76,1),
 (1315,1220,3,248,0,'2015-04-13 21:58:37','2015-04-13 22:11:50','0000-00-00 00:00:00','ISE_PT105_with_BAITS_report_20150413_215837.html',NULL,'ISE_PT105_with_BAITS_1315_20150413_215837','AT 208 and 209 on RHEL6.5',0,0,NULL,1315,73,3),
 (1316,1221,3,272,0,'2015-04-13 22:12:33','2015-04-13 22:19:42','0000-00-00 00:00:00','ISE_PT105_with_BAITS_No_Restart_report_20150413_221233.html',NULL,'ISE_PT105_with_BAITS_No_Restart_1316_20150413_221233','AT 208 and 209 on RHEL6.5',0,0,NULL,1316,73,3),
 (1317,1222,3,272,0,'2015-04-13 22:21:16','2015-04-13 22:34:38','0000-00-00 00:00:00','ISE_PT105_with_BAITS_No_Restart_report_20150413_222116.html','uploads/home/Gts_Tests/PAT/Core/ISE_regression/ISE_PT105_with_BAITS_No_Restart_1317_20150413_222116','ISE_PT105_with_BAITS_No_Restart_1317_20150413_222116','AT 208 and 209 on RHEL6.5',0,0,NULL,1316,73,3),
 (1318,1223,2,248,0,'2015-04-13 22:41:34','2015-04-13 23:22:29','0000-00-00 00:00:00','ISE_PT105_with_BAITS_report_20150413_224134.html','uploads/home/Gts_Tests/PAT/Core/ISE_regression/ISE_PT105_with_BAITS_1318_20150413_224134','ISE_PT105_with_BAITS_1318_20150413_224134','AT 208 and 209 on RHEL6.5',0,0,NULL,1315,73,3),
 (1319,1224,3,248,0,'2015-04-14 01:06:21','2015-04-14 01:47:13','0000-00-00 00:00:00','ISE_PT105_with_BAITS_report_20150414_010621.html','uploads/home/Gts_Tests/PAT/Core/ISE_regression/ISE_PT105_with_BAITS_1319_20150414_010621','ISE_PT105_with_BAITS_1319_20150414_010621','AT 208 and 209 on RHEL6.5',0,0,NULL,1315,73,3),
 (1320,1225,3,248,0,'2015-04-14 01:47:13','2015-04-14 02:28:14','0000-00-00 00:00:00','ISE_PT105_with_BAITS_report_20150414_014713.html','uploads/home/Gts_Tests/PAT/Core/ISE_regression/ISE_PT105_with_BAITS_1320_20150414_014713','ISE_PT105_with_BAITS_1320_20150414_014713','AT 208 and 209 on RHEL6.5',0,0,NULL,1315,73,3),
 (1321,1226,2,248,0,'2015-04-14 02:28:14','2015-04-14 02:56:50','0000-00-00 00:00:00','ISE_PT105_with_BAITS_report_20150414_022814.html','uploads/home/Gts_Tests/PAT/Core/ISE_regression/ISE_PT105_with_BAITS_1321_20150414_022814','ISE_PT105_with_BAITS_1321_20150414_022814','AT 208 and 209 on RHEL6.5',0,0,NULL,1315,73,3),
 (1322,1227,2,248,0,'2015-04-14 02:56:50','2015-04-14 03:37:59','0000-00-00 00:00:00','ISE_PT105_with_BAITS_report_20150414_025650.html','uploads/home/Gts_Tests/PAT/Core/ISE_regression/ISE_PT105_with_BAITS_1322_20150414_025650','ISE_PT105_with_BAITS_1322_20150414_025650','AT 208 and 209 on RHEL6.5',0,0,NULL,1315,73,3),
 (1323,1231,2,280,0,'2015-04-14 13:00:01','2015-04-14 14:18:44','0000-00-00 00:00:00','OAT_Morning_Rotation_Gts_Stop_report_20150414_130001.html',NULL,'OAT_Morning_Rotation_Gts_Stop_1323_20150414_130001','Morning Rotation',0,0,NULL,1221,75,4),
 (1324,1217,3,259,0,'2015-04-14 13:43:33','2015-04-14 13:43:33','0000-00-00 00:00:00','Git_Branch_Checkout_report_20150414_134333.html',NULL,'Git_Branch_Checkout_1324_20150414_134333','Auto Trigger Test',0,0,NULL,1324,76,2),
 (1325,1236,5,121,0,'2015-04-14 15:30:45','2015-04-14 17:01:07','0000-00-00 00:00:00','None',NULL,'OAT_ISE_Apps_Rotate_All_1325_20150414_153045','Morning Rotation',0,0,NULL,1270,75,4),
 (1326,1232,3,58,0,'2015-04-14 16:38:53','2015-04-14 16:56:35','0000-00-00 00:00:00','Rotate_PAT_report_20150414_163853.html',NULL,'Rotate_PAT_1326_20150414_163853','Add Instruments to PAT',0,0,NULL,1326,73,3),
 (1327,1233,2,248,0,'2015-04-14 16:56:36','2015-04-14 17:36:46','0000-00-00 00:00:00','ISE_PT105_with_BAITS_report_20150414_165636.html','uploads/home/Gts_Tests/PAT/Core/ISE_regression/ISE_PT105_with_BAITS_1327_20150414_165636','ISE_PT105_with_BAITS_1327_20150414_165636','AT 208 and 209 on RHEL 6.5 - Add Instruments',0,0,NULL,1327,73,3),
 (1328,1234,5,248,0,'2015-04-14 17:36:47','0000-00-00 00:00:00','0000-00-00 00:00:00','None',NULL,'ISE_PT105_with_BAITS_1328_20150414_173647','False',0,0,NULL,1328,73,3),
 (1329,1238,2,2,0,'2015-04-14 20:05:20','2015-04-14 20:05:50','0000-00-00 00:00:00','OAT_Troubleshooting_1_report_20150414_200520.html',NULL,'OAT_Troubleshooting_1_1329_20150414_200520','Testing',0,0,NULL,1225,75,4),
 (1330,1239,2,167,0,'2015-04-14 20:08:54','2015-04-14 20:10:54','0000-00-00 00:00:00','PAT_Troubleshooting_2_report_20150414_200854.html',NULL,'PAT_Troubleshooting_2_1330_20150414_200854','testing',0,0,NULL,1330,73,3),
 (1331,1240,5,124,0,'2015-04-14 20:27:56','2015-04-14 20:39:27','0000-00-00 00:00:00','None',NULL,'Core_Health_Check_1331_20150414_202756','Testing',0,0,NULL,1331,75,4),
 (1332,1241,3,58,0,'2015-04-15 11:44:54','2015-04-15 11:56:33','0000-00-00 00:00:00','Rotate_PAT_report_20150415_114454.html',NULL,'Rotate_PAT_1332_20150415_114454','PAT rotation',0,0,NULL,1332,73,3),
 (1333,1242,3,58,0,'2015-04-15 12:06:35','2015-04-15 12:20:38','0000-00-00 00:00:00','Rotate_PAT_report_20150415_120635.html',NULL,'Rotate_PAT_1333_20150415_120635','PAT rotation rerun',0,0,NULL,1333,73,3),
 (1334,1243,2,58,0,'2015-04-15 12:46:37','2015-04-15 13:00:40','0000-00-00 00:00:00','Rotate_PAT_report_20150415_124638.html',NULL,'Rotate_PAT_1334_20150415_124637','rotate pat',0,0,NULL,1334,73,3),
 (1335,1244,2,248,0,'2015-04-15 13:08:49','2015-04-15 13:49:02','0000-00-00 00:00:00','ISE_PT105_with_BAITS_report_20150415_130849.html','uploads/home/Gts_Tests/PAT/Core/ISE_regression/ISE_PT105_with_BAITS_1335_20150415_130849','ISE_PT105_with_BAITS_1335_20150415_130849','pat healthcheck',0,0,NULL,1335,73,3),
 (1336,1245,2,248,0,'2015-04-15 13:52:07','2015-04-15 14:33:09','0000-00-00 00:00:00','ISE_PT105_with_BAITS_report_20150415_135207.html','uploads/home/Gts_Tests/PAT/Core/ISE_regression/ISE_PT105_with_BAITS_1336_20150415_135207','ISE_PT105_with_BAITS_1336_20150415_135207','AT 208 and 209 on RHEL 6.5 - 75k Instruments',0,0,NULL,1336,75,3),
 (1337,1248,3,248,0,'2015-04-15 15:47:00','2015-04-15 16:28:05','0000-00-00 00:00:00','ISE_PT105_with_BAITS_report_20150415_154700.html','uploads/home/Gts_Tests/PAT/Core/ISE_regression/ISE_PT105_with_BAITS_1337_20150415_154700','ISE_PT105_with_BAITS_1337_20150415_154700','AT 208 and 209 on RHEL 6.5 - 75k instruments',0,0,NULL,1337,73,3),
 (1338,1247,2,259,0,'2015-04-15 15:57:39','2015-04-15 15:57:41','0000-00-00 00:00:00','Git_Branch_Checkout_report_20150415_155739.html',NULL,'Git_Branch_Checkout_1338_20150415_155739','Deploying 10.1.630 into OAT',0,0,NULL,1338,76,4),
 (1339,1249,3,248,0,'2015-04-15 16:52:33','2015-04-15 17:03:48','0000-00-00 00:00:00','ISE_PT105_with_BAITS_report_20150415_165233.html',NULL,'ISE_PT105_with_BAITS_1339_20150415_165233','AT 208 and 209 on RHEL 6.5 - 75k instruments',0,0,NULL,1337,73,3),
 (1340,1250,3,248,0,'2015-04-15 17:03:48','2015-04-15 17:14:12','0000-00-00 00:00:00','ISE_PT105_with_BAITS_report_20150415_170348.html',NULL,'ISE_PT105_with_BAITS_1340_20150415_170348','AT 208 and 209 on RHEL 6.5 - 75k instruments',0,0,NULL,1337,73,3),
 (1341,1251,3,248,0,'2015-04-15 17:14:12','2015-04-15 17:16:44','0000-00-00 00:00:00','ISE_PT105_with_BAITS_report_20150415_171412.html',NULL,'ISE_PT105_with_BAITS_1341_20150415_171412','AT 208 and 209 on RHEL 6.5 - 75k instruments',0,0,NULL,1337,73,3),
 (1342,1252,3,248,0,'2015-04-15 17:16:44','2015-04-15 17:16:46','0000-00-00 00:00:00','ISE_PT105_with_BAITS_report_20150415_171644.html',NULL,'ISE_PT105_with_BAITS_1342_20150415_171644','AT 208 and 209 on RHEL 6.5 - 75k instruments',0,0,NULL,1337,73,3),
 (1343,1253,3,248,0,'2015-04-15 17:17:03','2015-04-15 17:27:27','0000-00-00 00:00:00','ISE_PT105_with_BAITS_report_20150415_171703.html',NULL,'ISE_PT105_with_BAITS_1343_20150415_171703','AT 208 and 209 on RHEL 6.5 - 75k instruments',0,0,NULL,1337,73,3),
 (1344,1254,3,248,0,'2015-04-15 17:27:27','2015-04-15 17:37:49','0000-00-00 00:00:00','ISE_PT105_with_BAITS_report_20150415_172727.html',NULL,'ISE_PT105_with_BAITS_1344_20150415_172727','AT 208 and 209 on RHEL 6.5 - 75k instruments',0,0,NULL,1337,73,3),
 (1345,1255,3,248,0,'2015-04-15 17:37:49','2015-04-15 17:48:11','0000-00-00 00:00:00','ISE_PT105_with_BAITS_report_20150415_173749.html',NULL,'ISE_PT105_with_BAITS_1345_20150415_173749','AT 208 and 209 on RHEL 6.5 - 75k instruments',0,0,NULL,1337,73,3),
 (1346,1256,3,248,0,'2015-04-15 17:48:11','2015-04-15 17:51:57','0000-00-00 00:00:00','ISE_PT105_with_BAITS_report_20150415_174811.html',NULL,'ISE_PT105_with_BAITS_1346_20150415_174811','AT 208 and 209 on RHEL 6.5 - 75k instruments',0,0,NULL,1337,73,3),
 (1347,1257,2,248,0,'2015-04-15 17:52:04','2015-04-15 18:32:10','0000-00-00 00:00:00','ISE_PT105_with_BAITS_report_20150415_175204.html','uploads/home/Gts_Tests/PAT/Core/ISE_regression/ISE_PT105_with_BAITS_1347_20150415_175204','ISE_PT105_with_BAITS_1347_20150415_175204','AT 208 and 209 on RHEL 6.5 - 75k instruments',0,0,NULL,1337,73,3),
 (1348,1258,3,248,0,'2015-04-15 18:32:10','2015-04-15 18:50:51','0000-00-00 00:00:00','ISE_PT105_with_BAITS_report_20150415_183210.html',NULL,'ISE_PT105_with_BAITS_1348_20150415_183210','AT 208 and 209 on RHEL 6.5 - 75k instruments',0,0,NULL,1337,73,3),
 (1349,1259,3,248,0,'2015-04-15 18:50:51','2015-04-15 18:50:53','0000-00-00 00:00:00','ISE_PT105_with_BAITS_report_20150415_185051.html',NULL,'ISE_PT105_with_BAITS_1349_20150415_185051','AT 208 and 209 on RHEL 6.5 - 75k instruments',0,0,NULL,1337,73,3),
 (1350,1260,3,248,0,'2015-04-15 18:50:53','2015-04-15 18:50:55','0000-00-00 00:00:00','ISE_PT105_with_BAITS_report_20150415_185053.html',NULL,'ISE_PT105_with_BAITS_1350_20150415_185053','AT 208 and 209 on RHEL 6.5 - 75k instruments',0,0,NULL,1337,73,3),
 (1351,1261,2,248,0,'2015-04-15 21:15:03','2015-04-15 21:43:26','0000-00-00 00:00:00','ISE_PT105_with_BAITS_report_20150415_211503.html','uploads/home/Gts_Tests/PAT/Core/ISE_regression/ISE_PT105_with_BAITS_1351_20150415_211503','ISE_PT105_with_BAITS_1351_20150415_211503','AT 208 and 209 on RHEL 6.5 - 75k instruments',0,0,NULL,1337,73,3),
 (1352,1262,2,248,0,'2015-04-15 21:43:26','2015-04-15 22:11:44','0000-00-00 00:00:00','ISE_PT105_with_BAITS_report_20150415_214326.html','uploads/home/Gts_Tests/PAT/Core/ISE_regression/ISE_PT105_with_BAITS_1352_20150415_214326','ISE_PT105_with_BAITS_1352_20150415_214326','AT 208 and 209 on RHEL 6.5 - 75k instruments',0,0,NULL,1337,73,3),
 (1353,1263,3,248,0,'2015-04-15 22:11:44','2015-04-15 22:52:37','0000-00-00 00:00:00','ISE_PT105_with_BAITS_report_20150415_221144.html','uploads/home/Gts_Tests/PAT/Core/ISE_regression/ISE_PT105_with_BAITS_1353_20150415_221144','ISE_PT105_with_BAITS_1353_20150415_221144','AT 208 and 209 on RHEL 6.5 - 75k instruments',0,0,NULL,1337,73,3),
 (1354,1264,2,248,0,'2015-04-15 22:52:37','2015-04-15 23:33:35','0000-00-00 00:00:00','ISE_PT105_with_BAITS_report_20150415_225237.html','uploads/home/Gts_Tests/PAT/Core/ISE_regression/ISE_PT105_with_BAITS_1354_20150415_225237','ISE_PT105_with_BAITS_1354_20150415_225237','AT 208 and 209 on RHEL 6.5 - 75k instruments',0,0,NULL,1337,73,3),
 (1355,1265,2,248,0,'2015-04-15 23:33:35','2015-04-16 00:14:32','0000-00-00 00:00:00','ISE_PT105_with_BAITS_report_20150415_233335.html','uploads/home/Gts_Tests/PAT/Core/ISE_regression/ISE_PT105_with_BAITS_1355_20150415_233335','ISE_PT105_with_BAITS_1355_20150415_233335','AT 208 and 209 on RHEL 6.5 - 75k instruments',0,0,NULL,1337,73,3),
 (1356,1266,2,2,0,'2015-04-17 21:07:18','2015-04-17 21:07:48','0000-00-00 00:00:00','OAT_Troubleshooting_1_report_20150417_210718.html',NULL,'OAT_Troubleshooting_1_1356_20150417_210718','Testing',0,0,NULL,1356,76,4),
 (1357,1268,5,280,0,'2015-04-17 21:32:35','2015-04-20 11:57:31','0000-00-00 00:00:00','None',NULL,'OAT_Morning_Rotation_Gts_Stop_1357_20150417_213235','Morning Rotation',0,0,NULL,1357,76,4),
 (1358,1269,2,248,0,'2015-04-17 21:33:34','2015-04-17 22:05:22','0000-00-00 00:00:00','ISE_PT105_with_BAITS_report_20150417_213334.html','uploads/home/Gts_Tests/PAT/Core/ISE_regression/ISE_PT105_with_BAITS_1358_20150417_213334','ISE_PT105_with_BAITS_1358_20150417_213334','Testing MAP',0,0,NULL,1358,73,3),
 (1359,1267,2,259,0,'2015-04-17 21:34:37','2015-04-17 21:34:37','0000-00-00 00:00:00','Git_Branch_Checkout_report_20150417_213437.html',NULL,'Git_Branch_Checkout_1359_20150417_213437','Testing',0,0,NULL,1359,76,2),
 (1360,1270,2,248,0,'2015-04-17 22:05:22','2015-04-17 22:46:46','0000-00-00 00:00:00','ISE_PT105_with_BAITS_report_20150417_220522.html','uploads/home/Gts_Tests/PAT/Core/ISE_regression/ISE_PT105_with_BAITS_1360_20150417_220522','ISE_PT105_with_BAITS_1360_20150417_220522','AT 208 and 209 on RHEL 6.5 - 75k instruments',0,0,NULL,1337,73,3),
 (1361,1271,2,248,0,'2015-04-17 22:46:47','2015-04-17 23:28:16','0000-00-00 00:00:00','ISE_PT105_with_BAITS_report_20150417_224647.html','uploads/home/Gts_Tests/PAT/Core/ISE_regression/ISE_PT105_with_BAITS_1361_20150417_224647','ISE_PT105_with_BAITS_1361_20150417_224647','AT 208 and 209 on RHEL 6.5 - 75k instruments',0,0,NULL,1337,73,3),
 (1362,1272,2,248,0,'2015-04-17 23:28:16','2015-04-18 00:10:00','0000-00-00 00:00:00','ISE_PT105_with_BAITS_report_20150417_232816.html','uploads/home/Gts_Tests/PAT/Core/ISE_regression/ISE_PT105_with_BAITS_1362_20150417_232816','ISE_PT105_with_BAITS_1362_20150417_232816','AT 208 and 209 on RHEL 6.5 - 75k instruments',0,0,NULL,1337,73,3),
 (1363,1273,3,248,0,'2015-04-18 00:10:00','2015-04-18 00:23:14','0000-00-00 00:00:00','ISE_PT105_with_BAITS_report_20150418_001000.html',NULL,'ISE_PT105_with_BAITS_1363_20150418_001000','AT 208 and 209 on RHEL 6.5 - 75k instruments',0,0,NULL,1337,73,3),
 (1364,1274,3,248,0,'2015-04-18 00:23:14','2015-04-18 00:35:15','0000-00-00 00:00:00','ISE_PT105_with_BAITS_report_20150418_002314.html',NULL,'ISE_PT105_with_BAITS_1364_20150418_002314','AT 208 and 209 on RHEL 6.5 - 75k instruments',0,0,NULL,1337,73,3),
 (1365,1275,5,280,0,'2015-04-20 11:57:31','2015-04-20 11:58:38','0000-00-00 00:00:00','None',NULL,'OAT_Morning_Rotation_Gts_Stop_1365_20150420_115731','Morning Rotation',0,0,NULL,1365,76,4),
 (1366,1276,2,280,0,'2015-04-20 12:05:22','2015-04-20 14:46:23','0000-00-00 00:00:00','OAT_Morning_Rotation_Gts_Stop_report_20150420_120522.html',NULL,'OAT_Morning_Rotation_Gts_Stop_1366_20150420_120522','Morning Rotation',0,0,NULL,1366,76,4),
 (1367,1277,3,248,0,'2015-04-20 14:19:26','2015-04-20 14:30:02','0000-00-00 00:00:00','ISE_PT105_with_BAITS_report_20150420_141926.html',NULL,'ISE_PT105_with_BAITS_1367_20150420_141926','AT 208 and 209 on RHEL 6.5 - 75k instruments',0,0,NULL,1337,73,3),
 (1368,1278,2,248,0,'2015-04-20 14:30:02','2015-04-20 14:53:02','0000-00-00 00:00:00','ISE_PT105_with_BAITS_report_20150420_143002.html','uploads/home/Gts_Tests/PAT/Core/ISE_regression/ISE_PT105_with_BAITS_1368_20150420_143002','ISE_PT105_with_BAITS_1368_20150420_143002','AT 208 and 209 on RHEL 6.5 - 75k instruments',0,0,NULL,1337,73,3),
 (1369,1279,2,248,0,'2015-04-20 14:53:02','2015-04-20 15:17:05','0000-00-00 00:00:00','ISE_PT105_with_BAITS_report_20150420_145302.html','uploads/home/Gts_Tests/PAT/Core/ISE_regression/ISE_PT105_with_BAITS_1369_20150420_145302','ISE_PT105_with_BAITS_1369_20150420_145302','AT 208 and 209 on RHEL 6.5 - 75k instruments',0,0,NULL,1337,73,3),
 (1370,1280,2,248,0,'2015-04-20 15:17:05','2015-04-20 15:41:11','0000-00-00 00:00:00','ISE_PT105_with_BAITS_report_20150420_151706.html','uploads/home/Gts_Tests/PAT/Core/ISE_regression/ISE_PT105_with_BAITS_1370_20150420_151705','ISE_PT105_with_BAITS_1370_20150420_151705','AT 208 and 209 on RHEL 6.5 - 75k instruments',0,0,NULL,1337,73,3),
 (1371,1281,2,248,0,'2015-04-20 15:41:11','2015-04-20 16:05:08','0000-00-00 00:00:00','ISE_PT105_with_BAITS_report_20150420_154111.html','uploads/home/Gts_Tests/PAT/Core/ISE_regression/ISE_PT105_with_BAITS_1371_20150420_154111','ISE_PT105_with_BAITS_1371_20150420_154111','AT 208 and 209 on RHEL 6.5 - 75k instruments',0,0,NULL,1337,73,3),
 (1372,1282,3,259,0,'2015-04-20 17:51:07','2015-04-20 17:51:08','0000-00-00 00:00:00','Git_Branch_Checkout_report_20150420_175107.html',NULL,'Git_Branch_Checkout_1372_20150420_175107','Auto Trigger Test',0,0,NULL,1372,77,2),
 (1373,1283,2,119,0,'2015-04-20 17:56:02','2015-04-20 18:36:21','0000-00-00 00:00:00','OAT_Full_Core_Rotation_report_20150420_175602.html',NULL,'OAT_Full_Core_Rotation_1373_20150420_175602','Auto Trigger Test',0,0,NULL,1373,77,4),
 (1374,1283,2,61,0,'2015-04-20 18:36:21','2015-04-20 19:34:33','0000-00-00 00:00:00','Core_431_Matcher_Leader_Failover_report_20150420_183621.html',NULL,'Core_431_Matcher_Leader_Failover_1374_20150420_183621','Auto Trigger Test',0,0,NULL,1374,77,4),
 (1375,1283,2,62,0,'2015-04-20 19:34:33','2015-04-20 20:18:58','0000-00-00 00:00:00','Core_432_Pope_Leader_Failover_report_20150420_193434.html',NULL,'Core_432_Pope_Leader_Failover_1375_20150420_193433','Auto Trigger Test',0,0,NULL,1375,77,4),
 (1376,1283,2,63,0,'2015-04-20 20:18:58','2015-04-20 21:11:01','0000-00-00 00:00:00','Core_433_RIB_Leader_Failover_report_20150420_201858.html',NULL,'Core_433_RIB_Leader_Failover_1376_20150420_201858','Auto Trigger Test',0,0,NULL,1376,77,4),
 (1377,1283,2,64,0,'2015-04-20 21:11:01','2015-04-20 21:54:49','0000-00-00 00:00:00','Core_434_MDD_Leader_Failover_report_20150420_211101.html',NULL,'Core_434_MDD_Leader_Failover_1377_20150420_211101','Auto Trigger Test',0,0,NULL,1377,77,4),
 (1378,1283,2,65,0,'2015-04-20 21:54:49','2015-04-20 22:48:21','0000-00-00 00:00:00','Core_435_Audit_Trail_Leader_Failover_report_20150420_215449.html',NULL,'Core_435_Audit_Trail_Leader_Failover_1378_20150420_215449','Auto Trigger Test',0,0,NULL,1378,77,4),
 (1379,1283,2,66,0,'2015-04-20 22:48:21','2015-04-20 23:02:13','0000-00-00 00:00:00','Core_436_TM_Failover_report_20150420_224821.html',NULL,'Core_436_TM_Failover_1379_20150420_224821','Auto Trigger Test',0,0,NULL,1379,77,4),
 (1380,1283,2,67,0,'2015-04-20 23:02:13','2015-04-20 23:21:45','0000-00-00 00:00:00','Core_438_System_Monitor_Failover_report_20150420_230213.html',NULL,'Core_438_System_Monitor_Failover_1380_20150420_230213','Auto Trigger Test',0,0,NULL,1380,77,4),
 (1381,1283,2,68,0,'2015-04-20 23:21:45','2015-04-20 23:27:04','0000-00-00 00:00:00','Core_439_System_Controller_Failover_report_20150420_232145.html',NULL,'Core_439_System_Controller_Failover_1381_20150420_232145','Auto Trigger Test',0,0,NULL,1381,77,4),
 (1382,1283,2,69,0,'2015-04-20 23:27:04','2015-04-20 23:46:07','0000-00-00 00:00:00','Core_440_Session_Manager_Failover_report_20150420_232704.html',NULL,'Core_440_Session_Manager_Failover_1382_20150420_232704','Auto Trigger Test',0,0,NULL,1382,77,4),
 (1383,1283,2,70,0,'2015-04-20 23:46:07','2015-04-21 00:07:40','0000-00-00 00:00:00','Core_457_Status_Manager_Failover_report_20150420_234607.html',NULL,'Core_457_Status_Manager_Failover_1383_20150420_234607','Auto Trigger Test',0,0,NULL,1383,77,4),
 (1384,1283,3,71,0,'2015-04-21 00:07:40','2015-04-21 00:47:26','0000-00-00 00:00:00','Core_415_Change_Product_State_Script_report_20150421_000740.html',NULL,'Core_415_Change_Product_State_Script_1384_20150421_000740','Auto Trigger Test',0,0,NULL,1384,77,4),
 (1385,1283,3,72,0,'2015-04-21 00:47:26','2015-04-21 00:57:26','0000-00-00 00:00:00','Core_416_DB_Cleanups_report_20150421_004726.html',NULL,'Core_416_DB_Cleanups_1385_20150421_004726','Auto Trigger Test',0,0,NULL,1385,77,4),
 (1386,1283,2,73,0,'2015-04-21 00:57:26','2015-04-21 01:43:58','0000-00-00 00:00:00','Core_417_SetPartitionSync_Wait_and_Release_report_20150421_005726.html',NULL,'Core_417_SetPartitionSync_Wait_and_Release_1386_20150421_005726','Auto Trigger Test',0,0,NULL,1386,77,4),
 (1387,1283,2,74,0,'2015-04-21 01:43:58','2015-04-21 01:44:23','0000-00-00 00:00:00','Core_418_Gateway_Authentication_report_20150421_014358.html',NULL,'Core_418_Gateway_Authentication_1387_20150421_014358','Auto Trigger Test',0,0,NULL,1387,77,4),
 (1388,1283,3,75,0,'2015-04-21 01:44:23','2015-04-21 01:49:06','0000-00-00 00:00:00','Core_419_Scheduler_Event_Pause_Resume_report_20150421_014423.html',NULL,'Core_419_Scheduler_Event_Pause_Resume_1388_20150421_014423','Auto Trigger Test',0,0,NULL,1388,77,4),
 (1389,1283,3,76,0,'2015-04-21 01:49:06','2015-04-21 02:53:17','0000-00-00 00:00:00','Core_424_System_Startup_Shutdown_report_20150421_014906.html',NULL,'Core_424_System_Startup_Shutdown_1389_20150421_014906','Auto Trigger Test',0,0,NULL,1389,77,4),
 (1390,1283,2,77,0,'2015-04-21 02:53:17','2015-04-21 03:17:13','0000-00-00 00:00:00','Core_426_dbsync_dbcheck_Local_DBs_report_20150421_025317.html',NULL,'Core_426_dbsync_dbcheck_Local_DBs_1390_20150421_025317','Auto Trigger Test',0,0,NULL,1390,77,4),
 (1391,1283,2,78,0,'2015-04-21 03:17:13','2015-04-21 03:18:24','0000-00-00 00:00:00','Core_427_uCheck_Functionality_report_20150421_031714.html',NULL,'Core_427_uCheck_Functionality_1391_20150421_031713','Auto Trigger Test',0,0,NULL,1391,77,4),
 (1392,1283,2,79,0,'2015-04-21 03:18:24','2015-04-21 03:18:42','0000-00-00 00:00:00','Core_500_MG_Session_Manager_Load_Balancing_report_20150421_031824.html',NULL,'Core_500_MG_Session_Manager_Load_Balancing_1392_20150421_031824','Auto Trigger Test',0,0,NULL,1392,77,4),
 (1393,1283,2,212,0,'2015-04-21 03:18:43','2015-04-21 03:18:54','0000-00-00 00:00:00','Core_606_LLO_Connecting_to_LLO_via_Non_CGW_report_20150421_031843.html',NULL,'Core_606_LLO_Connecting_to_LLO_via_Non_CGW_1393_20150421_031843','Auto Trigger Test',0,0,NULL,1393,77,4),
 (1394,1283,2,225,0,'2015-04-21 03:18:54','2015-04-21 03:30:40','0000-00-00 00:00:00','Core_607_MDMDB_Cleanup_report_20150421_031854.html',NULL,'Core_607_MDMDB_Cleanup_1394_20150421_031854','Auto Trigger Test',0,0,NULL,1394,77,4),
 (1395,1283,2,250,0,'2015-04-21 03:30:40','2015-04-21 03:30:49','0000-00-00 00:00:00','Core_634_Gateway_Reject_NonPersistent_GTCD_report_20150421_033040.html',NULL,'Core_634_Gateway_Reject_NonPersistent_GTCD_1395_20150421_033040','Auto Trigger Test',0,0,NULL,1395,77,4),
 (1396,1283,2,54,0,'2015-04-21 03:30:49','2015-04-21 04:27:19','0000-00-00 00:00:00','OAT_81_RefData_ME_Failure_report_20150421_033049.html',NULL,'OAT_81_RefData_ME_Failure_1396_20150421_033049','Auto Trigger Test',0,0,NULL,1396,77,4),
 (1397,1283,2,55,0,'2015-04-21 04:27:19','2015-04-21 04:33:48','0000-00-00 00:00:00','OAT_82_RefData_Gateway_Failure_report_20150421_042719.html',NULL,'OAT_82_RefData_Gateway_Failure_1397_20150421_042719','Auto Trigger Test',0,0,NULL,1397,77,4),
 (1398,1283,2,91,0,'2015-04-21 04:33:48','2015-04-21 05:20:09','0000-00-00 00:00:00','OAT_55_24h_Cycle_BC_Trade_Open_Failure_report_20150421_043348.html',NULL,'OAT_55_24h_Cycle_BC_Trade_Open_Failure_1398_20150421_043348','Auto Trigger Test',0,0,NULL,1398,77,4),
 (1399,1283,2,92,0,'2015-04-21 05:20:09','2015-04-21 06:04:16','0000-00-00 00:00:00','OAT_56_24h_Cycle_BC_Order_Open_Failure_report_20150421_052009.html',NULL,'OAT_56_24h_Cycle_BC_Order_Open_Failure_1399_20150421_052009','Auto Trigger Test',0,0,NULL,1399,77,4),
 (1400,1283,2,93,0,'2015-04-21 06:04:17','2015-04-21 07:08:08','0000-00-00 00:00:00','OAT_57_24h_Cycle_Matcher_Release_Failure_report_20150421_060417.html',NULL,'OAT_57_24h_Cycle_Matcher_Release_Failure_1400_20150421_060417','Auto Trigger Test',0,0,NULL,1400,77,4),
 (1401,1283,2,94,0,'2015-04-21 07:08:08','2015-04-21 07:54:39','0000-00-00 00:00:00','OAT_58_24h_Cycle_Trading_Start_of_Day_Failure_report_20150421_070808.html',NULL,'OAT_58_24h_Cycle_Trading_Start_of_Day_Failure_1401_20150421_070808','Auto Trigger Test',0,0,NULL,1401,77,4),
 (1402,1283,2,95,0,'2015-04-21 07:54:39','2015-04-21 08:40:49','0000-00-00 00:00:00','OAT_62_24h_Cycle_Trading_Open_Failure_report_20150421_075439.html',NULL,'OAT_62_24h_Cycle_Trading_Open_Failure_1402_20150421_075439','Auto Trigger Test',0,0,NULL,1402,77,4),
 (1403,1283,2,96,0,'2015-04-21 08:40:49','2015-04-21 09:25:59','0000-00-00 00:00:00','OAT_63_24h_Cycle_Trading_Open_Failure_report_20150421_084049.html',NULL,'OAT_63_24h_Cycle_Trading_Open_Failure_1403_20150421_084049','Auto Trigger Test',0,0,NULL,1403,77,4),
 (1404,1283,2,97,0,'2015-04-21 09:25:59','2015-04-21 10:08:18','0000-00-00 00:00:00','OAT_68_24h_Cycle_Trading_Post_End_of_Day_Failure_report_20150421_092559.html',NULL,'OAT_68_24h_Cycle_Trading_Post_End_of_Day_Failure_1404_20150421_092559','Auto Trigger Test',0,0,NULL,1404,77,4),
 (1405,1283,2,98,0,'2015-04-21 10:08:18','2015-04-21 11:05:03','0000-00-00 00:00:00','OAT_77_24h_Cycle_System_Monitor_Failure_report_20150421_100818.html',NULL,'OAT_77_24h_Cycle_System_Monitor_Failure_1405_20150421_100818','Auto Trigger Test',0,0,NULL,1405,77,4),
 (1406,1283,2,99,0,'2015-04-21 11:05:03','2015-04-21 11:27:49','0000-00-00 00:00:00','OAT_79_24h_Cycle_Cross_DBs_Failure_report_20150421_110503.html',NULL,'OAT_79_24h_Cycle_Cross_DBs_Failure_1406_20150421_110503','Auto Trigger Test',0,0,NULL,1406,77,4),
 (1407,1283,3,100,0,'2015-04-21 11:27:49','2015-04-21 12:08:48','0000-00-00 00:00:00','OAT_20_Gateway_Failure_report_20150421_112750.html',NULL,'OAT_20_Gateway_Failure_1407_20150421_112749','Auto Trigger Test',0,0,NULL,1407,77,4),
 (1408,1283,2,101,0,'2015-04-21 12:08:48','2015-04-21 12:52:58','0000-00-00 00:00:00','OAT_21_ME_Failover_report_20150421_120848.html',NULL,'OAT_21_ME_Failover_1408_20150421_120848','Auto Trigger Test',0,0,NULL,1408,77,4),
 (1409,1283,3,102,0,'2015-04-21 12:52:58','2015-04-21 13:51:44','0000-00-00 00:00:00','OAT_30_Mdd_Failover_report_20150421_125258.html',NULL,'OAT_30_Mdd_Failover_1409_20150421_125258','Auto Trigger Test',0,0,NULL,1409,77,4),
 (1410,1283,2,104,0,'2015-04-21 13:51:44','2015-04-21 14:42:47','0000-00-00 00:00:00','OAT_38_ME_Failure_report_20150421_135144.html',NULL,'OAT_38_ME_Failure_1410_20150421_135144','Auto Trigger Test',0,0,NULL,1410,77,4),
 (1411,1283,3,105,0,'2015-04-21 14:42:47','2015-04-21 15:40:45','0000-00-00 00:00:00','OAT_39_Mdd_Failure_report_20150421_144247.html',NULL,'OAT_39_Mdd_Failure_1411_20150421_144247','Auto Trigger Test',0,0,NULL,1411,77,4),
 (1412,1283,2,110,0,'2015-04-21 15:40:45','2015-04-21 15:46:20','0000-00-00 00:00:00','OAT_83_RefData_Base_Line_report_20150421_154045.html',NULL,'OAT_83_RefData_Base_Line_1412_20150421_154045','Auto Trigger Test',0,0,NULL,1412,77,4),
 (1413,1283,2,111,0,'2015-04-21 15:46:20','2015-04-21 16:11:48','0000-00-00 00:00:00','OAT_84_RefData_Pope_Failure_report_20150421_154620.html',NULL,'OAT_84_RefData_Pope_Failure_1413_20150421_154620','Auto Trigger Test',0,0,NULL,1413,77,4),
 (1414,1283,2,112,0,'2015-04-21 16:11:48','2015-04-21 17:21:48','0000-00-00 00:00:00','OAT_85_RefData_RdaIB_Failure_report_20150421_161148.html',NULL,'OAT_85_RefData_RdaIB_Failure_1414_20150421_161148','Auto Trigger Test',0,0,NULL,1414,77,4),
 (1415,1283,3,113,0,'2015-04-21 17:21:48','2015-04-21 18:12:13','0000-00-00 00:00:00','OAT_86_RefData_ActiveMQ_Failure_report_20150421_172148.html',NULL,'OAT_86_RefData_ActiveMQ_Failure_1415_20150421_172148','Auto Trigger Test',0,0,NULL,1415,77,4),
 (1416,1283,2,114,0,'2015-04-21 18:12:13','2015-04-21 18:57:22','0000-00-00 00:00:00','OAT_87_RefData_Jboss_Failure_report_20150421_181213.html',NULL,'OAT_87_RefData_Jboss_Failure_1416_20150421_181213','Auto Trigger Test',0,0,NULL,1416,77,4),
 (1417,1283,2,115,0,'2015-04-21 18:57:22','2015-04-21 19:58:14','0000-00-00 00:00:00','OAT_88_RefData_RdaOB_Failure_report_20150421_185722.html',NULL,'OAT_88_RefData_RdaOB_Failure_1417_20150421_185722','Auto Trigger Test',0,0,NULL,1417,77,4),
 (1418,1283,2,116,0,'2015-04-21 19:58:14','2015-04-21 20:39:23','0000-00-00 00:00:00','OAT_89_RefData_Rdd_Failure_report_20150421_195814.html',NULL,'OAT_89_RefData_Rdd_Failure_1418_20150421_195814','Auto Trigger Test',0,0,NULL,1418,77,4),
 (1419,1283,3,117,0,'2015-04-21 20:39:23','2015-04-21 20:40:48','0000-00-00 00:00:00','OAT_93_eventCheck_Functionality_report_20150421_203923.html',NULL,'OAT_93_eventCheck_Functionality_1419_20150421_203923','Auto Trigger Test',0,0,NULL,1419,77,4),
 (1420,1283,3,118,0,'2015-04-21 20:40:49','2015-04-21 20:41:40','0000-00-00 00:00:00','OAT_94_piCheck_Functionality_report_20150421_204049.html',NULL,'OAT_94_piCheck_Functionality_1420_20150421_204049','Auto Trigger Test',0,0,NULL,1420,77,4),
 (1421,1283,2,251,0,'2015-04-21 20:41:40','2015-04-21 20:42:10','0000-00-00 00:00:00','OAT_104_sendcreatedevent_Functionality_report_20150421_204140.html',NULL,'OAT_104_sendcreatedevent_Functionality_1421_20150421_204140','Auto Trigger Test',0,0,NULL,1421,77,4),
 (1422,1285,2,248,0,'2015-04-20 18:43:34','2015-04-20 19:07:43','0000-00-00 00:00:00','ISE_PT105_with_BAITS_report_20150420_184334.html','uploads/home/Gts_Tests/PAT/Core/ISE_regression/ISE_PT105_with_BAITS_1422_20150420_184334','ISE_PT105_with_BAITS_1422_20150420_184334','AT 208 and 209 on RHEL 6.5 - 75k instruments',0,0,NULL,1337,73,3),
 (1423,1286,2,248,0,'2015-04-20 19:07:44','2015-04-20 19:32:01','0000-00-00 00:00:00','ISE_PT105_with_BAITS_report_20150420_190744.html','uploads/home/Gts_Tests/PAT/Core/ISE_regression/ISE_PT105_with_BAITS_1423_20150420_190744','ISE_PT105_with_BAITS_1423_20150420_190744','AT 208 and 209 on RHEL 6.5 - 75k instruments',0,0,NULL,1337,73,3),
 (1424,1288,2,248,0,'2015-04-20 20:09:42','2015-04-20 20:34:04','0000-00-00 00:00:00','ISE_PT105_with_BAITS_report_20150420_200942.html','uploads/home/Gts_Tests/PAT/Core/ISE_regression/ISE_PT105_with_BAITS_1424_20150420_200942','ISE_PT105_with_BAITS_1424_20150420_200942','Puppet Locked',0,0,NULL,1424,73,3),
 (1425,1290,2,248,0,'2015-04-20 21:14:17','2015-04-20 21:38:32','0000-00-00 00:00:00','ISE_PT105_with_BAITS_report_20150420_211417.html','uploads/home/Gts_Tests/PAT/Core/ISE_regression/ISE_PT105_with_BAITS_1425_20150420_211417','ISE_PT105_with_BAITS_1425_20150420_211417','Puppet Locked',0,0,NULL,1424,73,3),
 (1426,1291,2,248,0,'2015-04-20 21:38:32','2015-04-20 22:02:40','0000-00-00 00:00:00','ISE_PT105_with_BAITS_report_20150420_213832.html','uploads/home/Gts_Tests/PAT/Core/ISE_regression/ISE_PT105_with_BAITS_1426_20150420_213832','ISE_PT105_with_BAITS_1426_20150420_213832','Puppet Locked',0,0,NULL,1424,73,3),
 (1427,1292,2,248,0,'2015-04-20 22:02:40','2015-04-20 22:26:53','0000-00-00 00:00:00','ISE_PT105_with_BAITS_report_20150420_220240.html','uploads/home/Gts_Tests/PAT/Core/ISE_regression/ISE_PT105_with_BAITS_1427_20150420_220240','ISE_PT105_with_BAITS_1427_20150420_220240','Puppet Locked',0,0,NULL,1424,73,3),
 (1428,1293,2,248,0,'2015-04-20 22:26:53','2015-04-20 22:51:11','0000-00-00 00:00:00','ISE_PT105_with_BAITS_report_20150420_222653.html','uploads/home/Gts_Tests/PAT/Core/ISE_regression/ISE_PT105_with_BAITS_1428_20150420_222653','ISE_PT105_with_BAITS_1428_20150420_222653','Puppet Locked',0,0,NULL,1424,73,3),
 (1429,1295,2,248,0,'2015-04-21 18:13:09','2015-04-21 18:56:41','0000-00-00 00:00:00','ISE_PT105_with_BAITS_report_20150421_181309.html','uploads/home/Gts_Tests/PAT/Core/ISE_regression/ISE_PT105_with_BAITS_1429_20150421_181309','ISE_PT105_with_BAITS_1429_20150421_181309','Puppet Locked',0,0,NULL,1424,73,3),
 (1430,1296,3,272,0,'2015-04-21 20:33:29','2015-04-21 20:36:56','0000-00-00 00:00:00','ISE_PT105_with_BAITS_No_Restart_report_20150421_203329.html',NULL,'ISE_PT105_with_BAITS_No_Restart_1430_20150421_203329','Create 520 configs for baits',0,0,NULL,1430,73,3),
 (1431,1297,1,248,0,'2015-04-21 20:37:24','0000-00-00 00:00:00','0000-00-00 00:00:00','None',NULL,'ISE_PT105_with_BAITS_1431_20150421_203724','Create 520 configs for baits',0,0,NULL,1431,73,3);
/*!40000 ALTER TABLE `test_execution` ENABLE KEYS */;


--
-- Definition of table `test_execution_group`
--

DROP TABLE IF EXISTS `test_execution_group`;
CREATE TABLE `test_execution_group` (
  `id` int(11) NOT NULL AUTO_INCREMENT,
  `task_id` int(11) NOT NULL COMMENT 'task id that this test belongs to',
  `status` int(11) NOT NULL COMMENT '0-queued,1-running,2-completed-pass,3-completed-fail,4-killed,5-sys error, 6-test cancelled',
  `test_id` int(11) NOT NULL,
  `suite_id` int(11) DEFAULT NULL,
  `start_time` datetime DEFAULT NULL,
  `end_time` datetime DEFAULT NULL,
  `request_time` timestamp NOT NULL DEFAULT CURRENT_TIMESTAMP,
  `report` varchar(200) DEFAULT NULL,
  `test_folder_path` varchar(1024) DEFAULT NULL,
  `test_folder_name` varchar(100) DEFAULT NULL,
  `label` varchar(200) DEFAULT NULL,
  `user_id` int(11) NOT NULL,
  `approval_status` int(11) NOT NULL DEFAULT '0' COMMENT '$approval_array = array(0=>''Pending Approval'',1=>''Approved'',2=>''Not Approved'',3=>''Approval Not Required'');',
  `approved_by` int(11) DEFAULT NULL,
  `group_id` int(11) DEFAULT NULL,
  PRIMARY KEY (`id`)
) ENGINE=MyISAM DEFAULT CHARSET=latin1;

--
-- Dumping data for table `test_execution_group`
--

/*!40000 ALTER TABLE `test_execution_group` DISABLE KEYS */;
/*!40000 ALTER TABLE `test_execution_group` ENABLE KEYS */;


--
-- Definition of table `test_execution_status_definition`
--

DROP TABLE IF EXISTS `test_execution_status_definition`;
CREATE TABLE `test_execution_status_definition` (
  `status_id` int(10) NOT NULL,
  `status_name` varchar(20) NOT NULL
) ENGINE=InnoDB DEFAULT CHARSET=latin1;

--
-- Dumping data for table `test_execution_status_definition`
--

/*!40000 ALTER TABLE `test_execution_status_definition` DISABLE KEYS */;
INSERT INTO `test_execution_status_definition` (`status_id`,`status_name`) VALUES 
 (0,'Queued'),
 (1,'Running'),
 (2,'Passed'),
 (3,'Failed'),
 (4,'Killed'),
 (5,'SystemError'),
 (6,'Cancelled');
/*!40000 ALTER TABLE `test_execution_status_definition` ENABLE KEYS */;


--
-- Definition of table `test_suite`
--

DROP TABLE IF EXISTS `test_suite`;
CREATE TABLE `test_suite` (
  `id` int(11) NOT NULL AUTO_INCREMENT,
  `name` varchar(100) NOT NULL,
  `description` varchar(300) NOT NULL,
  `status` varchar(20) NOT NULL,
  PRIMARY KEY (`id`)
) ENGINE=MyISAM AUTO_INCREMENT=2 DEFAULT CHARSET=latin1;

--
-- Dumping data for table `test_suite`
--

/*!40000 ALTER TABLE `test_suite` DISABLE KEYS */;
INSERT INTO `test_suite` (`id`,`name`,`description`,`status`) VALUES 
 (1,'Demo Test Suite','Test suite for demo purposes','active');
/*!40000 ALTER TABLE `test_suite` ENABLE KEYS */;


--
-- Definition of table `test_suite_to_test_case`
--

DROP TABLE IF EXISTS `test_suite_to_test_case`;
CREATE TABLE `test_suite_to_test_case` (
  `suite_id` int(11) NOT NULL,
  `test_id` int(11) NOT NULL
) ENGINE=MyISAM DEFAULT CHARSET=latin1;

--
-- Dumping data for table `test_suite_to_test_case`
--

/*!40000 ALTER TABLE `test_suite_to_test_case` DISABLE KEYS */;
INSERT INTO `test_suite_to_test_case` (`suite_id`,`test_id`) VALUES 
 (1,1);
/*!40000 ALTER TABLE `test_suite_to_test_case` ENABLE KEYS */;


--
-- Definition of table `trigger_to_test`
--

DROP TABLE IF EXISTS `trigger_to_test`;
CREATE TABLE `trigger_to_test` (
  `id` int(11) NOT NULL AUTO_INCREMENT,
  `trigger_id` int(11) NOT NULL,
  `test_id` int(11) DEFAULT NULL,
  `suite_id` int(11) DEFAULT NULL,
  PRIMARY KEY (`id`)
) ENGINE=MyISAM AUTO_INCREMENT=315 DEFAULT CHARSET=latin1;

--
-- Dumping data for table `trigger_to_test`
--

/*!40000 ALTER TABLE `trigger_to_test` DISABLE KEYS */;
INSERT INTO `trigger_to_test` (`id`,`trigger_id`,`test_id`,`suite_id`) VALUES 
 (1,34,2,NULL),
 (2,38,2,NULL),
 (3,42,4,NULL),
 (18,50,152,NULL),
 (5,36,258,NULL),
 (6,37,6,NULL),
 (19,56,257,NULL),
 (8,46,2,NULL),
 (16,35,2,NULL),
 (20,56,9,NULL),
 (21,55,5,NULL),
 (22,55,167,NULL),
 (23,55,8,NULL),
 (24,55,9,NULL),
 (25,55,7,NULL),
 (26,55,173,NULL),
 (27,55,48,NULL),
 (28,55,246,NULL),
 (29,55,87,NULL),
 (30,55,121,NULL),
 (31,55,123,NULL),
 (32,57,12,NULL),
 (33,57,86,NULL),
 (34,33,2,NULL),
 (35,60,2,NULL),
 (36,58,2,NULL),
 (42,61,74,NULL),
 (38,63,258,NULL),
 (39,64,258,NULL),
 (40,65,263,NULL),
 (43,68,263,NULL),
 (44,70,248,NULL),
 (45,71,58,NULL),
 (46,71,163,NULL),
 (160,102,248,NULL),
 (49,73,258,NULL),
 (50,74,39,NULL),
 (51,72,54,NULL),
 (52,72,55,NULL),
 (53,72,61,NULL),
 (54,72,62,NULL),
 (55,72,63,NULL),
 (56,72,64,NULL),
 (57,72,65,NULL),
 (58,72,66,NULL),
 (59,72,67,NULL),
 (60,72,68,NULL),
 (61,72,69,NULL),
 (62,72,70,NULL),
 (63,72,71,NULL),
 (64,72,72,NULL),
 (65,72,73,NULL),
 (66,72,74,NULL),
 (67,72,75,NULL),
 (68,72,76,NULL),
 (69,72,77,NULL),
 (70,72,78,NULL),
 (71,72,79,NULL),
 (72,72,212,NULL),
 (73,72,91,NULL),
 (74,72,92,NULL),
 (75,72,93,NULL),
 (76,72,94,NULL),
 (77,72,95,NULL),
 (78,72,96,NULL),
 (79,72,97,NULL),
 (80,72,98,NULL),
 (81,72,99,NULL),
 (82,72,100,NULL),
 (83,72,101,NULL),
 (84,72,102,NULL),
 (140,83,259,NULL),
 (86,72,104,NULL),
 (87,72,105,NULL),
 (88,72,225,NULL),
 (89,72,110,NULL),
 (90,72,111,NULL),
 (91,72,112,NULL),
 (92,72,113,NULL),
 (93,72,114,NULL),
 (94,72,115,NULL),
 (95,72,116,NULL),
 (96,72,117,NULL),
 (97,72,118,NULL),
 (98,72,250,NULL),
 (99,72,251,NULL),
 (100,76,119,NULL),
 (101,76,74,NULL),
 (102,76,250,NULL),
 (107,80,39,NULL),
 (134,76,100,NULL),
 (106,79,258,NULL),
 (108,81,258,NULL),
 (151,94,259,NULL),
 (161,101,61,NULL),
 (145,89,258,NULL),
 (152,95,259,NULL),
 (154,97,259,NULL),
 (153,96,259,NULL),
 (142,86,259,NULL),
 (139,85,259,NULL),
 (138,87,2,NULL),
 (157,44,259,NULL),
 (155,98,259,NULL),
 (156,99,259,NULL),
 (158,91,259,NULL),
 (159,91,119,NULL),
 (162,101,62,NULL),
 (163,101,63,NULL),
 (164,101,64,NULL),
 (165,101,65,NULL),
 (166,101,66,NULL),
 (167,101,67,NULL),
 (168,101,68,NULL),
 (169,101,69,NULL),
 (170,101,70,NULL),
 (171,101,71,NULL),
 (172,101,72,NULL),
 (173,101,73,NULL),
 (174,101,74,NULL),
 (175,101,76,NULL),
 (176,101,77,NULL),
 (177,101,78,NULL),
 (178,101,79,NULL),
 (179,101,212,NULL),
 (180,101,91,NULL),
 (181,101,92,NULL),
 (182,101,93,NULL),
 (183,101,94,NULL),
 (184,101,95,NULL),
 (185,101,96,NULL),
 (186,101,225,NULL),
 (187,101,100,NULL),
 (188,101,101,NULL),
 (189,101,102,NULL),
 (190,101,104,NULL),
 (191,101,105,NULL),
 (192,101,250,NULL),
 (193,101,251,NULL),
 (194,101,97,NULL),
 (195,101,98,NULL),
 (196,101,99,NULL),
 (197,101,118,NULL),
 (198,101,110,NULL),
 (199,101,111,NULL),
 (200,101,112,NULL),
 (201,101,113,NULL),
 (202,101,114,NULL),
 (203,101,115,NULL),
 (204,101,116,NULL),
 (205,101,117,NULL),
 (206,101,54,NULL),
 (207,101,55,NULL),
 (208,101,75,NULL),
 (209,105,248,NULL),
 (210,104,259,NULL),
 (211,104,119,NULL),
 (212,108,119,NULL),
 (213,109,119,NULL),
 (214,108,61,NULL),
 (215,108,62,NULL),
 (216,108,63,NULL),
 (217,108,64,NULL),
 (218,108,65,NULL),
 (219,108,66,NULL),
 (220,108,67,NULL),
 (221,108,68,NULL),
 (222,108,69,NULL),
 (223,108,70,NULL),
 (224,108,71,NULL),
 (225,108,72,NULL),
 (226,108,73,NULL),
 (227,108,74,NULL),
 (228,108,75,NULL),
 (229,108,76,NULL),
 (230,108,77,NULL),
 (231,108,78,NULL),
 (232,108,79,NULL),
 (233,108,212,NULL),
 (234,108,225,NULL),
 (235,108,250,NULL),
 (236,108,54,NULL),
 (237,108,55,NULL),
 (238,108,91,NULL),
 (239,108,92,NULL),
 (240,108,93,NULL),
 (241,108,94,NULL),
 (242,108,95,NULL),
 (243,108,96,NULL),
 (244,108,97,NULL),
 (245,108,98,NULL),
 (246,108,99,NULL),
 (247,108,100,NULL),
 (248,108,101,NULL),
 (249,108,102,NULL),
 (250,108,104,NULL),
 (251,108,105,NULL),
 (252,108,110,NULL),
 (253,108,111,NULL),
 (254,108,112,NULL),
 (255,108,113,NULL),
 (256,108,114,NULL),
 (257,108,115,NULL),
 (258,108,116,NULL),
 (259,108,117,NULL),
 (260,108,118,NULL),
 (261,108,251,NULL),
 (262,109,61,NULL),
 (263,109,62,NULL),
 (264,109,63,NULL),
 (265,109,64,NULL),
 (266,109,65,NULL),
 (267,109,66,NULL),
 (268,109,67,NULL),
 (269,109,68,NULL),
 (270,109,69,NULL),
 (271,109,70,NULL),
 (272,109,71,NULL),
 (273,109,72,NULL),
 (274,109,73,NULL),
 (275,109,74,NULL),
 (276,109,75,NULL),
 (277,109,76,NULL),
 (278,109,77,NULL),
 (279,109,78,NULL),
 (280,109,79,NULL),
 (281,109,212,NULL),
 (282,109,225,NULL),
 (283,109,250,NULL),
 (284,109,54,NULL),
 (285,109,55,NULL),
 (286,109,91,NULL),
 (287,109,92,NULL),
 (288,109,93,NULL),
 (289,109,94,NULL),
 (290,109,95,NULL),
 (291,109,96,NULL),
 (292,109,97,NULL),
 (293,109,98,NULL),
 (294,109,99,NULL),
 (295,109,100,NULL),
 (296,109,101,NULL),
 (297,109,102,NULL),
 (298,109,104,NULL),
 (299,109,105,NULL),
 (300,109,110,NULL),
 (301,109,111,NULL),
 (302,109,112,NULL),
 (303,109,113,NULL),
 (304,109,114,NULL),
 (305,109,115,NULL),
 (306,109,116,NULL),
 (307,109,117,NULL),
 (308,109,118,NULL),
 (309,109,251,NULL),
 (310,111,259,NULL),
 (311,114,5,NULL),
 (312,117,259,NULL),
 (313,123,259,NULL),
 (314,127,259,NULL);
/*!40000 ALTER TABLE `trigger_to_test` ENABLE KEYS */;


--
-- Definition of table `uc_configuration`
--

DROP TABLE IF EXISTS `uc_configuration`;
CREATE TABLE `uc_configuration` (
  `id` int(11) NOT NULL AUTO_INCREMENT,
  `name` varchar(150) NOT NULL,
  `value` varchar(150) NOT NULL,
  PRIMARY KEY (`id`)
) ENGINE=InnoDB AUTO_INCREMENT=8 DEFAULT CHARSET=utf8;

--
-- Dumping data for table `uc_configuration`
--

/*!40000 ALTER TABLE `uc_configuration` DISABLE KEYS */;
INSERT INTO `uc_configuration` (`id`,`name`,`value`) VALUES 
 (1,'website_name','UserCake'),
 (2,'website_url','http://map/'),
 (3,'email','cbautista@ise.com'),
 (4,'activation','false'),
 (5,'resend_activation_threshold','0'),
 (6,'language','models/languages/en.php'),
 (7,'template','models/site-templates/default.css');
/*!40000 ALTER TABLE `uc_configuration` ENABLE KEYS */;


--
-- Definition of table `uc_pages`
--

DROP TABLE IF EXISTS `uc_pages`;
CREATE TABLE `uc_pages` (
  `id` int(11) NOT NULL AUTO_INCREMENT,
  `page` varchar(150) NOT NULL,
  `private` tinyint(1) NOT NULL DEFAULT '0',
  PRIMARY KEY (`id`)
) ENGINE=InnoDB AUTO_INCREMENT=36 DEFAULT CHARSET=latin1;

--
-- Dumping data for table `uc_pages`
--

/*!40000 ALTER TABLE `uc_pages` DISABLE KEYS */;
INSERT INTO `uc_pages` (`id`,`page`,`private`) VALUES 
 (3,'admin_configuration.php',1),
 (4,'admin_page.php',1),
 (5,'admin_pages.php',1),
 (6,'admin_permission.php',1),
 (7,'admin_permissions.php',1),
 (8,'admin_user.php',1),
 (9,'admin_users.php',1),
 (12,'left-nav.php',0),
 (27,'uc_account.php',1),
 (28,'uc_activate-account.php',0),
 (29,'uc_forgot-password.php',0),
 (30,'uc_index.php',1),
 (31,'uc_login.php',0),
 (32,'uc_logout.php',1),
 (33,'uc_register.php',0),
 (34,'uc_resend-activation.php',0),
 (35,'uc_user_settings.php',1);
/*!40000 ALTER TABLE `uc_pages` ENABLE KEYS */;


--
-- Definition of table `uc_permission_page_matches`
--

DROP TABLE IF EXISTS `uc_permission_page_matches`;
CREATE TABLE `uc_permission_page_matches` (
  `id` int(11) NOT NULL AUTO_INCREMENT,
  `permission_id` int(11) NOT NULL,
  `page_id` int(11) NOT NULL,
  PRIMARY KEY (`id`)
) ENGINE=InnoDB AUTO_INCREMENT=37 DEFAULT CHARSET=latin1;

--
-- Dumping data for table `uc_permission_page_matches`
--

/*!40000 ALTER TABLE `uc_permission_page_matches` DISABLE KEYS */;
INSERT INTO `uc_permission_page_matches` (`id`,`permission_id`,`page_id`) VALUES 
 (5,2,3),
 (6,2,4),
 (7,2,5),
 (8,2,6),
 (9,2,7),
 (10,2,8),
 (11,2,9),
 (29,1,27),
 (30,2,27),
 (31,1,32),
 (32,2,32),
 (33,1,35),
 (34,2,35),
 (35,1,30),
 (36,2,30);
/*!40000 ALTER TABLE `uc_permission_page_matches` ENABLE KEYS */;


--
-- Definition of table `uc_permissions`
--

DROP TABLE IF EXISTS `uc_permissions`;
CREATE TABLE `uc_permissions` (
  `id` int(11) NOT NULL AUTO_INCREMENT,
  `name` varchar(150) NOT NULL,
  PRIMARY KEY (`id`)
) ENGINE=InnoDB AUTO_INCREMENT=18 DEFAULT CHARSET=utf8;

--
-- Dumping data for table `uc_permissions`
--

/*!40000 ALTER TABLE `uc_permissions` DISABLE KEYS */;
INSERT INTO `uc_permissions` (`id`,`name`) VALUES 
 (1,'New Member'),
 (2,'Administrator'),
 (4,'PAT'),
 (5,'BAT1'),
 (6,'BAT2'),
 (7,'BAT3'),
 (9,'SIT'),
 (10,'BDT-AT'),
 (11,'WSS'),
 (12,'LSS1'),
 (13,'LSS2'),
 (15,'OAT'),
 (16,'SAE'),
 (17,'MT1');
/*!40000 ALTER TABLE `uc_permissions` ENABLE KEYS */;


--
-- Definition of table `uc_user_permission_matches`
--

DROP TABLE IF EXISTS `uc_user_permission_matches`;
CREATE TABLE `uc_user_permission_matches` (
  `id` int(11) NOT NULL AUTO_INCREMENT,
  `user_id` int(11) NOT NULL,
  `permission_id` int(11) NOT NULL,
  PRIMARY KEY (`id`)
) ENGINE=InnoDB AUTO_INCREMENT=162 DEFAULT CHARSET=utf8;

--
-- Dumping data for table `uc_user_permission_matches`
--

/*!40000 ALTER TABLE `uc_user_permission_matches` DISABLE KEYS */;
INSERT INTO `uc_user_permission_matches` (`id`,`user_id`,`permission_id`) VALUES 
 (1,1,2),
 (2,1,1),
 (3,2,1),
 (6,3,1),
 (7,3,4),
 (8,3,10),
 (9,4,1),
 (13,5,1),
 (14,6,1),
 (15,1,10),
 (16,6,5),
 (17,6,6),
 (18,6,7),
 (20,1,4),
 (21,1,5),
 (22,1,6),
 (23,1,7),
 (25,1,9),
 (26,7,1),
 (27,8,1),
 (28,8,4),
 (30,7,4),
 (31,7,5),
 (32,7,6),
 (33,7,7),
 (35,7,10),
 (36,9,1),
 (38,9,4),
 (39,9,5),
 (40,9,6),
 (41,9,7),
 (43,9,10),
 (45,1,11),
 (46,1,12),
 (48,1,13),
 (50,11,1),
 (52,11,4),
 (53,11,5),
 (54,11,6),
 (55,11,7),
 (58,12,1),
 (59,13,1),
 (60,3,15),
 (61,1,15),
 (70,14,1),
 (71,14,5),
 (72,14,6),
 (73,14,7),
 (74,15,1),
 (75,16,1),
 (76,16,9),
 (77,17,1),
 (84,4,15),
 (85,4,4),
 (87,9,15),
 (88,18,1),
 (89,1,16),
 (91,2,15),
 (92,19,1),
 (93,19,4),
 (94,19,5),
 (95,19,6),
 (96,19,7),
 (98,19,9),
 (99,19,10),
 (103,19,15),
 (105,17,5),
 (106,17,6),
 (107,17,7),
 (108,18,5),
 (109,18,6),
 (110,18,7),
 (111,15,11),
 (112,15,12),
 (113,15,13),
 (114,15,16),
 (115,13,5),
 (116,13,6),
 (117,13,7),
 (118,12,5),
 (119,12,6),
 (120,12,7),
 (121,11,15),
 (122,7,15),
 (123,20,1),
 (124,20,4),
 (125,20,5),
 (126,20,6),
 (127,20,7),
 (128,20,15),
 (129,7,17),
 (130,9,17),
 (132,11,17),
 (133,20,17),
 (134,1,17),
 (135,21,1),
 (136,2,4),
 (137,2,10),
 (138,22,1),
 (139,22,4),
 (140,22,5),
 (141,22,6),
 (142,22,7),
 (143,22,10),
 (144,22,15),
 (145,22,17),
 (146,23,1),
 (147,23,4),
 (148,23,5),
 (149,23,6),
 (150,23,7),
 (151,23,10),
 (152,23,15),
 (153,23,17),
 (154,24,1),
 (155,24,4),
 (156,24,5),
 (157,24,6),
 (158,24,7),
 (159,24,10),
 (160,24,15),
 (161,24,17);
/*!40000 ALTER TABLE `uc_user_permission_matches` ENABLE KEYS */;


--
-- Definition of table `uc_users`
--

DROP TABLE IF EXISTS `uc_users`;
CREATE TABLE `uc_users` (
  `id` int(11) NOT NULL AUTO_INCREMENT,
  `user_name` varchar(50) NOT NULL,
  `display_name` varchar(50) NOT NULL,
  `password` varchar(225) NOT NULL,
  `email` varchar(150) NOT NULL,
  `activation_token` varchar(225) NOT NULL,
  `last_activation_request` int(11) NOT NULL,
  `lost_password_request` tinyint(1) NOT NULL,
  `active` tinyint(1) NOT NULL,
  `title` varchar(150) NOT NULL,
  `sign_up_stamp` int(11) NOT NULL,
  `last_sign_in_stamp` int(11) NOT NULL,
  PRIMARY KEY (`id`)
) ENGINE=InnoDB AUTO_INCREMENT=25 DEFAULT CHARSET=utf8;

--
-- Dumping data for table `uc_users`
--

/*!40000 ALTER TABLE `uc_users` DISABLE KEYS */;
INSERT INTO `uc_users` (`id`,`user_name`,`display_name`,`password`,`email`,`activation_token`,`last_activation_request`,`lost_password_request`,`active`,`title`,`sign_up_stamp`,`last_sign_in_stamp`) VALUES 
 (1,'admin','Admin','efd09471986564f7a994da534c86d6b1f3dea81725b549b4fd206adaf28e9e0c2','cbautista1002@gmail.com','07a960d89f22a5c877adb8d7957cfe05',1412793360,0,1,'New Member',1412793360,1429624410),
 (2,'cbautista','Carlos Bautista','9798dd183b92dcce8f28b40f06e00c191ca0d082c1200289007738d7ad26d781a','cbautista@ise.com','c2c3d9fae9421bf1c77382cee3a83eff',1412989669,0,1,'New Member',1412989669,1429558456),
 (3,'jwasserzug','jwasserzug','04826f635a642f64462869b326d05af8c7d1f09c934fe281c3c46efb2ddb35d9e','jwasserzug@ise.com','607028b257733dba030019efd263f521',1413468477,0,1,'New Member',1413468477,1429110267),
 (4,'hangu','hangu','8c8492e20455df211031a3623be570b61c2dfbeeac08944996e7ef0dc83bc501c','hgu@ise.com','97e6c0e695facd838e7a59ebb816859f',1413556720,0,1,'New Member',1413556720,1428676433),
 (5,'jadakid','jalfano','a4a8c429b345606d1043d8c7b1fc18e9ce29f38108f03c2c72ffff0d57a0a7bff','jalfano@ise.com','f1140f67eb4b3d2e9795187ea0d95e9a',1413910567,0,1,'New Member',1413910567,1426105577),
 (6,'bw5505','bbradley','7a1bd648f23fda4af431f20c0cb4744c110233059c8a45090cdf77c59a22a7785','bbradley@ise.com','f1b475842a260803eff243d1000dc330',1413925796,0,1,'New Member',1413925796,1428960198),
 (7,'vraghunandan','vraghunandan','918d1c65620ea88ed3e8936e874f0c405df3bff989fa415a4612b73d4e7df1a50','vraghunandan@ise.com','a77847ca2784f1105368cf21c110f264',1414158586,0,1,'New Member',1414158586,1428954251),
 (8,'akanon','AKanon','c2cc03d2a25302bda4f87b2ec2d3afdbf3c94ab3e56933bb899bd1d4aefbb3401','akanon@ise.com','3c7eb47122ec9c9a83ac1289dc731896',1414513065,0,1,'New Member',1414513065,1426509710),
 (9,'gganeshan','Girish','192adb63db4e02be21c293a3b37a7c3d4d437fd0754c73146c420a31e65745989','gganeshan@ise.com','7b95cca6458ea06ea18116fff1808571',1416936178,0,1,'New Member',1416936178,1429103276),
 (11,'rklotz','RobKlotz','33fea6e18abe5557e21fac0f807e734beae232ceb29fc1fea843825fe740b2b1a','rklotz@ise.com','a6058d89c7ca49f3a1e59e51c9505b98',1418840562,0,1,'New Member',1418840562,1418843641),
 (12,'bodai','BoDai','2e39b2df23c21f04fb2802e767afc97d5752c3b43cedfdab4c649bdf5b2afc84b','bdai@ise.com','9c82807e8b9110b1e146e85a03e347f8',1418921543,0,1,'New Member',1418921543,1418931104),
 (13,'nhannan','Nazia','65ee93e88391085294ba970dc46ebd5c7553c665cb8c2d43a95cdfa2071849292','nhannan@ise.com','f4fa1ea056a12bb96f97d5930b1b27b7',1418937189,0,1,'New Member',1418937189,1418937199),
 (14,'badhikari','Binita','b5efd88891ce967f25bde4cc5d23d34fab014be6865b8fab5952ee7e4faff9721','badhikari@ise.com','87b6039675834c2efd45d5c070ff84f6',1420655443,0,1,'New Member',1420655443,1424811914),
 (15,'tzalewski','tzalewski','8041bf8e7ec612a6df9ebd9a386b2d5931d4266c0c73392fb91e0dc12b296c6da','tzalewski@ise.com','0e68a95b261175f70b1bd4e10b682716',1420664478,0,1,'New Member',1420664478,1420664491),
 (16,'wcorrea','Wilmer','fe4d27dd68a32f2b4891ff0042cb126717b786b7be992d56cf2bcccf306a80bc2','wcorrea@ise.com','af0dd7edf75bab417a765c103e6aefe5',1420665627,0,1,'New Member',1420665627,1428958192),
 (17,'tpane','tpane','6c9489062b11e0aa7f4f31b15807a9e919bc136a44bbd481739f49746ba4d445f','tpane@ise.com','754e4780a4ce98db4de78fd2c11fb070',1420752324,0,1,'New Member',1420752324,1429551674),
 (18,'joice','Joice','4845589b52caac9bddc77406d0f58c4c15b861d8baba773569630cb13e2e77c66','jong@ise.com','f5e08c3e0cecbedf9e79a1dc2ea76ddf',1421870300,0,1,'New Member',1421870300,1423000366),
 (19,'kotterbein','kotter','1d8b83a198d247f0a78e83fc0340a2a6ef4c40239544fb492f175fdd670f9561b','kotterbein@ise.com','0c3090bc8922525553118aec826225bf',1424201669,0,1,'New Member',1424201669,1424201738),
 (20,'dmitriy','drozentsvay','f2ed01fd6b82ad62549c8f786a737e988cf4eff6584f65912dcd59e43f920dc98','drozentsvay@ise.com','c6ddb2f7bf075ab4c097e8cd907e7316',1426181849,0,1,'New Member',1426181849,1426181958),
 (21,'jstrong','jstrong','6e0acb47cbdbf48746e6884e8b50480cf6acd45cc3092fefca57764727854f5e2','jstrong@ise.com','3104c6132faad8f2327a4e0f83b75e86',1427120881,0,1,'New Member',1427120881,1428427394),
 (22,'hchan','hchan','cdf93e168b6e1b45e6c77b2793be341d375103fb879a46ef61b81008595065fef','hchan@ise.com','84256fc137d782f47b40b6b113d157c4',1428527103,0,1,'New Member',1428527103,1428527192),
 (23,'sapidan','sapidan','096712c79db15a6c543ca0ff904062d4c0e1487e9b85cfeb397f2e6ff136eb13f','dsapienza@ise.com','bb2764e96a3c77fa58962999db76ac80',1428959771,0,1,'New Member',1428959771,1428960007),
 (24,'makbar','Maatra','d645451791aee95059416159b111847f91a4d621bf24fad545b32caaaded88b44','makbar@ise.com','a007b1485b82d7ed1ecf242a4f4d2838',1429562677,0,1,'New Member',1429562677,1429562750);
/*!40000 ALTER TABLE `uc_users` ENABLE KEYS */;




/*!40101 SET SQL_MODE=@OLD_SQL_MODE */;
/*!40014 SET FOREIGN_KEY_CHECKS=@OLD_FOREIGN_KEY_CHECKS */;
/*!40014 SET UNIQUE_CHECKS=@OLD_UNIQUE_CHECKS */;
/*!40101 SET CHARACTER_SET_CLIENT=@OLD_CHARACTER_SET_CLIENT */;
/*!40101 SET CHARACTER_SET_RESULTS=@OLD_CHARACTER_SET_RESULTS */;
/*!40101 SET COLLATION_CONNECTION=@OLD_COLLATION_CONNECTION */;
/*!40101 SET CHARACTER_SET_CLIENT=@OLD_CHARACTER_SET_CLIENT */;
